# author: uvex_response
# source: jpl_24nm_mgf2_al
# date_created: 2026-09-24
# status: model
# wavelength_unit: nm

wavelength    reflection
100.0 0.722532
100.1 0.722532
100.2 0.722532
100.3 0.722532
100.4 0.722532
100.5 0.722532
100.6 0.722532
100.7 0.722532
100.8 0.722532
100.9 0.722532
101.0 0.722532
101.1 0.722532
101.2 0.722532
101.3 0.722532
101.4 0.722532
101.5 0.722532
101.6 0.722532
101.7 0.722532
101.8 0.722532
101.9 0.722532
102.0 0.722532
102.1 0.722532
102.2 0.722532
102.3 0.722532
102.4 0.722532
102.5 0.722532
102.6 0.722532
102.7 0.722532
102.8 0.722532
102.9 0.722532
103.0 0.722532
103.1 0.722532
103.2 0.722532
103.3 0.722532
103.4 0.722532
103.5 0.722532
103.6 0.722532
103.7 0.722532
103.8 0.722532
103.9 0.722532
104.0 0.722532
104.1 0.722532
104.2 0.722532
104.3 0.722532
104.4 0.722532
104.5 0.722532
104.6 0.722532
104.7 0.722532
104.8 0.722532
104.9 0.722532
105.0 0.722532
105.1 0.722532
105.2 0.722532
105.3 0.722532
105.4 0.722532
105.5 0.722532
105.6 0.722532
105.7 0.722532
105.8 0.722532
105.9 0.722532
106.0 0.722532
106.1 0.722532
106.2 0.722532
106.3 0.722532
106.4 0.722532
106.5 0.722532
106.6 0.722532
106.7 0.722532
106.8 0.722532
106.9 0.722532
107.0 0.722532
107.1 0.722532
107.2 0.722532
107.3 0.722532
107.4 0.722532
107.5 0.722532
107.6 0.722532
107.7 0.722532
107.8 0.722532
107.9 0.722532
108.0 0.722532
108.1 0.722532
108.2 0.722532
108.3 0.722532
108.4 0.722532
108.5 0.722532
108.6 0.722532
108.7 0.722532
108.8 0.722532
108.9 0.722532
109.0 0.722532
109.1 0.722532
109.2 0.722532
109.3 0.722532
109.4 0.722532
109.5 0.722532
109.6 0.722532
109.7 0.722532
109.8 0.722532
109.9 0.722532
110.0 0.722532
110.1 0.724399
110.2 0.726265
110.3 0.728132
110.4 0.729999
110.5 0.731866
110.6 0.733732
110.7 0.735599
110.8 0.737466
110.9 0.739332
111.0 0.741199
111.1 0.742852
111.2 0.744505
111.3 0.746158
111.4 0.747811
111.5 0.749465
111.6 0.751118
111.7 0.752771
111.8 0.754424
111.9 0.756077
112.0 0.757730
112.1 0.759200
112.2 0.760669
112.3 0.762139
112.4 0.763609
112.5 0.765079
112.6 0.766548
112.7 0.768018
112.8 0.769488
112.9 0.770957
113.0 0.772427
113.1 0.773064
113.2 0.773700
113.3 0.774337
113.4 0.774973
113.5 0.775610
113.6 0.776247
113.7 0.776883
113.8 0.777520
113.9 0.778156
114.0 0.778793
114.1 0.778999
114.2 0.779206
114.3 0.779412
114.4 0.779619
114.5 0.779825
114.6 0.780031
114.7 0.780238
114.8 0.780444
114.9 0.780651
115.0 0.780857
115.1 0.780950
115.2 0.781044
115.3 0.781137
115.4 0.781230
115.5 0.781324
115.6 0.781417
115.7 0.781510
115.8 0.781603
115.9 0.781697
116.0 0.781790
116.1 0.782653
116.2 0.783515
116.3 0.784378
116.4 0.785241
116.5 0.786104
116.6 0.786966
116.7 0.787829
116.8 0.788692
116.9 0.789554
117.0 0.790417
117.1 0.791486
117.2 0.792556
117.3 0.793625
117.4 0.794694
117.5 0.795764
117.6 0.796833
117.7 0.797902
117.8 0.798971
117.9 0.800041
118.0 0.801110
118.1 0.802184
118.2 0.803259
118.3 0.804333
118.4 0.805408
118.5 0.806482
118.6 0.807556
118.7 0.808631
118.8 0.809705
118.9 0.810780
119.0 0.811854
119.1 0.812944
119.2 0.814034
119.3 0.815124
119.4 0.816214
119.5 0.817304
119.6 0.818393
119.7 0.819483
119.8 0.820573
119.9 0.821663
120.0 0.822753
120.1 0.823837
120.2 0.824921
120.3 0.826004
120.4 0.827088
120.5 0.828172
120.6 0.829256
120.7 0.830340
120.8 0.831423
120.9 0.832507
121.0 0.833591
121.1 0.834331
121.2 0.835072
121.3 0.835812
121.4 0.836553
121.5 0.837293
121.6 0.838033
121.7 0.838774
121.8 0.839514
121.9 0.840255
122.0 0.840995
122.1 0.841170
122.2 0.841345
122.3 0.841520
122.4 0.841695
122.5 0.841870
122.6 0.842045
122.7 0.842220
122.8 0.842395
122.9 0.842570
123.0 0.842745
123.1 0.842909
123.2 0.843073
123.3 0.843237
123.4 0.843401
123.5 0.843565
123.6 0.843730
123.7 0.843894
123.8 0.844058
123.9 0.844222
124.0 0.844386
124.1 0.844532
124.2 0.844677
124.3 0.844823
124.4 0.844969
124.5 0.845114
124.6 0.845260
124.7 0.845406
124.8 0.845552
124.9 0.845697
125.0 0.845843
125.1 0.845966
125.2 0.846089
125.3 0.846212
125.4 0.846335
125.5 0.846458
125.6 0.846580
125.7 0.846703
125.8 0.846826
125.9 0.846949
126.0 0.847072
126.1 0.847199
126.2 0.847326
126.3 0.847452
126.4 0.847579
126.5 0.847706
126.6 0.847833
126.7 0.847960
126.8 0.848086
126.9 0.848213
127.0 0.848340
127.1 0.848476
127.2 0.848611
127.3 0.848747
127.4 0.848882
127.5 0.849018
127.6 0.849154
127.7 0.849289
127.8 0.849425
127.9 0.849560
128.0 0.849696
128.1 0.849845
128.2 0.849995
128.3 0.850144
128.4 0.850294
128.5 0.850443
128.6 0.850592
128.7 0.850742
128.8 0.850891
128.9 0.851041
129.0 0.851190
129.1 0.851358
129.2 0.851526
129.3 0.851694
129.4 0.851862
129.5 0.852030
129.6 0.852198
129.7 0.852366
129.8 0.852534
129.9 0.852702
130.0 0.852870
130.1 0.853062
130.2 0.853254
130.3 0.853445
130.4 0.853637
130.5 0.853829
130.6 0.854021
130.7 0.854213
130.8 0.854404
130.9 0.854596
131.0 0.854788
131.1 0.855009
131.2 0.855229
131.3 0.855450
131.4 0.855670
131.5 0.855891
131.6 0.856112
131.7 0.856332
131.8 0.856553
131.9 0.856773
132.0 0.856994
132.1 0.857248
132.2 0.857502
132.3 0.857757
132.4 0.858011
132.5 0.858265
132.6 0.858519
132.7 0.858773
132.8 0.859028
132.9 0.859282
133.0 0.859536
133.1 0.859732
133.2 0.859928
133.3 0.860124
133.4 0.860320
133.5 0.860517
133.6 0.860713
133.7 0.860909
133.8 0.861105
133.9 0.861301
134.0 0.861497
134.1 0.861558
134.2 0.861619
134.3 0.861681
134.4 0.861742
134.5 0.861803
134.6 0.861864
134.7 0.861925
134.8 0.861987
134.9 0.862048
135.0 0.862109
135.1 0.862159
135.2 0.862208
135.3 0.862258
135.4 0.862307
135.5 0.862357
135.6 0.862406
135.7 0.862456
135.8 0.862505
135.9 0.862555
136.0 0.862604
136.1 0.862650
136.2 0.862696
136.3 0.862742
136.4 0.862788
136.5 0.862834
136.6 0.862881
136.7 0.862927
136.8 0.862973
136.9 0.863019
137.0 0.863065
137.1 0.863104
137.2 0.863143
137.3 0.863182
137.4 0.863221
137.5 0.863259
137.6 0.863298
137.7 0.863337
137.8 0.863376
137.9 0.863415
138.0 0.863454
138.1 0.863478
138.2 0.863501
138.3 0.863525
138.4 0.863549
138.5 0.863573
138.6 0.863596
138.7 0.863620
138.8 0.863644
138.9 0.863667
139.0 0.863691
139.1 0.863712
139.2 0.863733
139.3 0.863754
139.4 0.863775
139.5 0.863796
139.6 0.863816
139.7 0.863837
139.8 0.863858
139.9 0.863879
140.0 0.863900
140.1 0.863936
140.2 0.863973
140.3 0.864009
140.4 0.864045
140.5 0.864081
140.6 0.864118
140.7 0.864154
140.8 0.864190
140.9 0.864227
141.0 0.864263
141.1 0.864297
141.2 0.864330
141.3 0.864364
141.4 0.864397
141.5 0.864430
141.6 0.864464
141.7 0.864497
141.8 0.864531
141.9 0.864564
142.0 0.864598
142.1 0.864629
142.2 0.864659
142.3 0.864690
142.4 0.864721
142.5 0.864752
142.6 0.864782
142.7 0.864813
142.8 0.864844
142.9 0.864874
143.0 0.864905
143.1 0.864935
143.2 0.864964
143.3 0.864994
143.4 0.865024
143.5 0.865054
143.6 0.865083
143.7 0.865113
143.8 0.865143
143.9 0.865172
144.0 0.865202
144.1 0.865232
144.2 0.865262
144.3 0.865292
144.4 0.865322
144.5 0.865352
144.6 0.865383
144.7 0.865413
144.8 0.865443
144.9 0.865473
145.0 0.865503
145.1 0.865509
145.2 0.865515
145.3 0.865521
145.4 0.865527
145.5 0.865533
145.6 0.865540
145.7 0.865546
145.8 0.865552
145.9 0.865558
146.0 0.865564
146.1 0.865569
146.2 0.865574
146.3 0.865579
146.4 0.865584
146.5 0.865589
146.6 0.865593
146.7 0.865598
146.8 0.865603
146.9 0.865608
147.0 0.865613
147.1 0.865617
147.2 0.865620
147.3 0.865624
147.4 0.865627
147.5 0.865631
147.6 0.865634
147.7 0.865638
147.8 0.865641
147.9 0.865645
148.0 0.865648
148.1 0.865650
148.2 0.865653
148.3 0.865655
148.4 0.865658
148.5 0.865660
148.6 0.865662
148.7 0.865665
148.8 0.865667
148.9 0.865670
149.0 0.865672
149.1 0.865673
149.2 0.865675
149.3 0.865676
149.4 0.865677
149.5 0.865679
149.6 0.865680
149.7 0.865681
149.8 0.865682
149.9 0.865684
150.0 0.865685
150.1 0.865689
150.2 0.865694
150.3 0.865698
150.4 0.865703
150.5 0.865707
150.6 0.865711
150.7 0.865716
150.8 0.865720
150.9 0.865725
151.0 0.865729
151.1 0.865732
151.2 0.865736
151.3 0.865739
151.4 0.865742
151.5 0.865746
151.6 0.865749
151.7 0.865752
151.8 0.865755
151.9 0.865759
152.0 0.865762
152.1 0.865764
152.2 0.865766
152.3 0.865769
152.4 0.865771
152.5 0.865773
152.6 0.865775
152.7 0.865777
152.8 0.865780
152.9 0.865782
153.0 0.865784
153.1 0.865785
153.2 0.865787
153.3 0.865788
153.4 0.865790
153.5 0.865791
153.6 0.865792
153.7 0.865794
153.8 0.865795
153.9 0.865797
154.0 0.865798
154.1 0.865711
154.2 0.865625
154.3 0.865538
154.4 0.865452
154.5 0.865365
154.6 0.865278
154.7 0.865192
154.8 0.865105
154.9 0.865019
155.0 0.864932
155.1 0.864774
155.2 0.864616
155.3 0.864458
155.4 0.864300
155.5 0.864143
155.6 0.863985
155.7 0.863827
155.8 0.863669
155.9 0.863511
156.0 0.863353
156.1 0.863202
156.2 0.863051
156.3 0.862901
156.4 0.862750
156.5 0.862599
156.6 0.862448
156.7 0.862297
156.8 0.862147
156.9 0.861996
157.0 0.861845
157.1 0.861702
157.2 0.861560
157.3 0.861417
157.4 0.861275
157.5 0.861132
157.6 0.860989
157.7 0.860847
157.8 0.860704
157.9 0.860562
158.0 0.860419
158.1 0.860286
158.2 0.860152
158.3 0.860019
158.4 0.859886
158.5 0.859753
158.6 0.859619
158.7 0.859486
158.8 0.859353
158.9 0.859219
159.0 0.859086
159.1 0.858963
159.2 0.858840
159.3 0.858717
159.4 0.858594
159.5 0.858471
159.6 0.858348
159.7 0.858225
159.8 0.858102
159.9 0.857979
160.0 0.857856
160.1 0.857733
160.2 0.857611
160.3 0.857489
160.4 0.857366
160.5 0.857244
160.6 0.857121
160.7 0.856998
160.8 0.856876
160.9 0.856754
161.0 0.856631
161.1 0.856508
161.2 0.856385
161.3 0.856262
161.4 0.856139
161.5 0.856016
161.6 0.855893
161.7 0.855770
161.8 0.855647
161.9 0.855524
162.0 0.855401
162.1 0.855279
162.2 0.855158
162.3 0.855036
162.4 0.854915
162.5 0.854793
162.6 0.854672
162.7 0.854550
162.8 0.854429
162.9 0.854307
163.0 0.854186
163.1 0.854066
163.2 0.853946
163.3 0.853827
163.4 0.853707
163.5 0.853587
163.6 0.853467
163.7 0.853347
163.8 0.853228
163.9 0.853108
164.0 0.852988
164.1 0.852870
164.2 0.852752
164.3 0.852635
164.4 0.852517
164.5 0.852399
164.6 0.852281
164.7 0.852163
164.8 0.852046
164.9 0.851928
165.0 0.851810
165.1 0.851681
165.2 0.851553
165.3 0.851425
165.4 0.851296
165.5 0.851167
165.6 0.851039
165.7 0.850910
165.8 0.850782
165.9 0.850653
166.0 0.850525
166.1 0.850399
166.2 0.850273
166.3 0.850148
166.4 0.850022
166.5 0.849896
166.6 0.849770
166.7 0.849644
166.8 0.849519
166.9 0.849393
167.0 0.849267
167.1 0.849144
167.2 0.849021
167.3 0.848898
167.4 0.848775
167.5 0.848653
167.6 0.848530
167.7 0.848407
167.8 0.848284
167.9 0.848161
168.0 0.848038
168.1 0.847918
168.2 0.847798
168.3 0.847678
168.4 0.847558
168.5 0.847438
168.6 0.847319
168.7 0.847199
168.8 0.847079
168.9 0.846959
169.0 0.846839
169.1 0.846722
169.2 0.846606
169.3 0.846489
169.4 0.846373
169.5 0.846256
169.6 0.846139
169.7 0.846023
169.8 0.845906
169.9 0.845790
170.0 0.845673
170.1 0.845593
170.2 0.845513
170.3 0.845433
170.4 0.845353
170.5 0.845273
170.6 0.845194
170.7 0.845114
170.8 0.845034
170.9 0.844954
171.0 0.844874
171.1 0.844796
171.2 0.844719
171.3 0.844641
171.4 0.844564
171.5 0.844486
171.6 0.844409
171.7 0.844331
171.8 0.844254
171.9 0.844176
172.0 0.844099
172.1 0.844024
172.2 0.843949
172.3 0.843874
172.4 0.843799
172.5 0.843724
172.6 0.843649
172.7 0.843574
172.8 0.843499
172.9 0.843424
173.0 0.843349
173.1 0.843277
173.2 0.843205
173.3 0.843132
173.4 0.843060
173.5 0.842988
173.6 0.842916
173.7 0.842844
173.8 0.842771
173.9 0.842699
174.0 0.842627
174.1 0.842558
174.2 0.842488
174.3 0.842418
174.4 0.842349
174.5 0.842280
174.6 0.842210
174.7 0.842140
174.8 0.842071
174.9 0.842001
175.0 0.841932
175.1 0.841865
175.2 0.841798
175.3 0.841731
175.4 0.841664
175.5 0.841597
175.6 0.841531
175.7 0.841464
175.8 0.841397
175.9 0.841330
176.0 0.841263
176.1 0.841199
176.2 0.841135
176.3 0.841072
176.4 0.841008
176.5 0.840944
176.6 0.840880
176.7 0.840816
176.8 0.840753
176.9 0.840689
177.0 0.840625
177.1 0.840550
177.2 0.840475
177.3 0.840400
177.4 0.840325
177.5 0.840249
177.6 0.840174
177.7 0.840099
177.8 0.840024
177.9 0.839949
178.0 0.839874
178.1 0.839800
178.2 0.839726
178.3 0.839653
178.4 0.839579
178.5 0.839505
178.6 0.839431
178.7 0.839357
178.8 0.839284
178.9 0.839210
179.0 0.839136
179.1 0.839066
179.2 0.838995
179.3 0.838925
179.4 0.838855
179.5 0.838785
179.6 0.838714
179.7 0.838644
179.8 0.838574
179.9 0.838503
180.0 0.838433
180.1 0.838569
180.2 0.838706
180.3 0.838842
180.4 0.838979
180.5 0.839115
180.6 0.839251
180.7 0.839388
180.8 0.839524
180.9 0.839661
181.0 0.839797
181.1 0.839937
181.2 0.840076
181.3 0.840216
181.4 0.840356
181.5 0.840496
181.6 0.840635
181.7 0.840775
181.8 0.840915
181.9 0.841054
182.0 0.841194
182.1 0.841337
182.2 0.841479
182.3 0.841622
182.4 0.841764
182.5 0.841907
182.6 0.842049
182.7 0.842191
182.8 0.842334
182.9 0.842477
183.0 0.842619
183.1 0.842765
183.2 0.842910
183.3 0.843056
183.4 0.843201
183.5 0.843346
183.6 0.843492
183.7 0.843638
183.8 0.843783
183.9 0.843928
184.0 0.844074
184.1 0.844222
184.2 0.844370
184.3 0.844518
184.4 0.844666
184.5 0.844814
184.6 0.844962
184.7 0.845110
184.8 0.845258
184.9 0.845406
185.0 0.845554
185.1 0.845691
185.2 0.845828
185.3 0.845965
185.4 0.846102
185.5 0.846239
185.6 0.846376
185.7 0.846513
185.8 0.846650
185.9 0.846787
186.0 0.846924
186.1 0.847064
186.2 0.847203
186.3 0.847343
186.4 0.847483
186.5 0.847623
186.6 0.847762
186.7 0.847902
186.8 0.848042
186.9 0.848181
187.0 0.848321
187.1 0.848463
187.2 0.848605
187.3 0.848748
187.4 0.848890
187.5 0.849032
187.6 0.849174
187.7 0.849316
187.8 0.849459
187.9 0.849601
188.0 0.849743
188.1 0.849888
188.2 0.850032
188.3 0.850177
188.4 0.850321
188.5 0.850466
188.6 0.850611
188.7 0.850755
188.8 0.850900
188.9 0.851044
189.0 0.851189
189.1 0.851336
189.2 0.851482
189.3 0.851629
189.4 0.851776
189.5 0.851923
189.6 0.852069
189.7 0.852216
189.8 0.852363
189.9 0.852509
190.0 0.852656
190.1 0.852805
190.2 0.852953
190.3 0.853102
190.4 0.853250
190.5 0.853399
190.6 0.853548
190.7 0.853696
190.8 0.853845
190.9 0.853993
191.0 0.854142
191.1 0.854292
191.2 0.854443
191.3 0.854593
191.4 0.854744
191.5 0.854894
191.6 0.855044
191.7 0.855195
191.8 0.855345
191.9 0.855496
192.0 0.855646
192.1 0.855798
192.2 0.855950
192.3 0.856102
192.4 0.856254
192.5 0.856406
192.6 0.856558
192.7 0.856710
192.8 0.856862
192.9 0.857014
193.0 0.857166
193.1 0.857319
193.2 0.857473
193.3 0.857626
193.4 0.857779
193.5 0.857932
193.6 0.858086
193.7 0.858239
193.8 0.858392
193.9 0.858546
194.0 0.858699
194.1 0.858854
194.2 0.859008
194.3 0.859163
194.4 0.859317
194.5 0.859472
194.6 0.859626
194.7 0.859781
194.8 0.859935
194.9 0.860090
195.0 0.860244
195.1 0.860396
195.2 0.860547
195.3 0.860699
195.4 0.860851
195.5 0.861003
195.6 0.861154
195.7 0.861306
195.8 0.861458
195.9 0.861609
196.0 0.861761
196.1 0.861914
196.2 0.862066
196.3 0.862219
196.4 0.862371
196.5 0.862524
196.6 0.862677
196.7 0.862829
196.8 0.862982
196.9 0.863134
197.0 0.863287
197.1 0.863441
197.2 0.863594
197.3 0.863748
197.4 0.863901
197.5 0.864055
197.6 0.864208
197.7 0.864362
197.8 0.864515
197.9 0.864669
198.0 0.864822
198.1 0.864976
198.2 0.865130
198.3 0.865284
198.4 0.865438
198.5 0.865592
198.6 0.865746
198.7 0.865900
198.8 0.866054
198.9 0.866208
199.0 0.866362
199.1 0.866517
199.2 0.866671
199.3 0.866826
199.4 0.866980
199.5 0.867135
199.6 0.867289
199.7 0.867444
199.8 0.867598
199.9 0.867753
200.0 0.867907
200.1 0.867930
200.2 0.867953
200.3 0.867975
200.4 0.867998
200.5 0.868021
200.6 0.868044
200.7 0.868067
200.8 0.868089
200.9 0.868112
201.0 0.868135
201.1 0.868159
201.2 0.868184
201.3 0.868208
201.4 0.868233
201.5 0.868257
201.6 0.868281
201.7 0.868306
201.8 0.868330
201.9 0.868355
202.0 0.868379
202.1 0.868405
202.2 0.868431
202.3 0.868457
202.4 0.868483
202.5 0.868509
202.6 0.868535
202.7 0.868561
202.8 0.868587
202.9 0.868613
203.0 0.868639
203.1 0.868667
203.2 0.868694
203.3 0.868722
203.4 0.868749
203.5 0.868777
203.6 0.868805
203.7 0.868832
203.8 0.868860
203.9 0.868887
204.0 0.868915
204.1 0.868944
204.2 0.868973
204.3 0.869002
204.4 0.869031
204.5 0.869060
204.6 0.869089
204.7 0.869118
204.8 0.869147
204.9 0.869176
205.0 0.869205
205.1 0.869240
205.2 0.869275
205.3 0.869311
205.4 0.869346
205.5 0.869381
205.6 0.869416
205.7 0.869451
205.8 0.869487
205.9 0.869522
206.0 0.869557
206.1 0.869590
206.2 0.869622
206.3 0.869655
206.4 0.869687
206.5 0.869720
206.6 0.869753
206.7 0.869785
206.8 0.869818
206.9 0.869850
207.0 0.869883
207.1 0.869910
207.2 0.869937
207.3 0.869965
207.4 0.869992
207.5 0.870019
207.6 0.870046
207.7 0.870073
207.8 0.870101
207.9 0.870128
208.0 0.870155
208.1 0.870183
208.2 0.870212
208.3 0.870240
208.4 0.870269
208.5 0.870297
208.6 0.870326
208.7 0.870355
208.8 0.870383
208.9 0.870412
209.0 0.870440
209.1 0.870470
209.2 0.870499
209.3 0.870529
209.4 0.870559
209.5 0.870588
209.6 0.870618
209.7 0.870648
209.8 0.870678
209.9 0.870707
210.0 0.870737
210.1 0.870759
210.2 0.870782
210.3 0.870804
210.4 0.870827
210.5 0.870849
210.6 0.870871
210.7 0.870894
210.8 0.870916
210.9 0.870939
211.0 0.870961
211.1 0.870985
211.2 0.871009
211.3 0.871033
211.4 0.871057
211.5 0.871081
211.6 0.871104
211.7 0.871128
211.8 0.871152
211.9 0.871176
212.0 0.871200
212.1 0.871225
212.2 0.871251
212.3 0.871276
212.4 0.871301
212.5 0.871327
212.6 0.871352
212.7 0.871377
212.8 0.871402
212.9 0.871428
213.0 0.871453
213.1 0.871480
213.2 0.871506
213.3 0.871533
213.4 0.871559
213.5 0.871586
213.6 0.871613
213.7 0.871639
213.8 0.871666
213.9 0.871692
214.0 0.871719
214.1 0.871747
214.2 0.871775
214.3 0.871803
214.4 0.871831
214.5 0.871859
214.6 0.871887
214.7 0.871915
214.8 0.871943
214.9 0.871971
215.0 0.871999
215.1 0.872032
215.2 0.872065
215.3 0.872098
215.4 0.872131
215.5 0.872165
215.6 0.872198
215.7 0.872231
215.8 0.872264
215.9 0.872297
216.0 0.872330
216.1 0.872364
216.2 0.872398
216.3 0.872432
216.4 0.872466
216.5 0.872501
216.6 0.872535
216.7 0.872569
216.8 0.872603
216.9 0.872637
217.0 0.872671
217.1 0.872706
217.2 0.872741
217.3 0.872777
217.4 0.872812
217.5 0.872847
217.6 0.872882
217.7 0.872917
217.8 0.872953
217.9 0.872988
218.0 0.873023
218.1 0.873059
218.2 0.873095
218.3 0.873131
218.4 0.873167
218.5 0.873204
218.6 0.873240
218.7 0.873276
218.8 0.873312
218.9 0.873348
219.0 0.873384
219.1 0.873421
219.2 0.873458
219.3 0.873495
219.4 0.873532
219.5 0.873569
219.6 0.873607
219.7 0.873644
219.8 0.873681
219.9 0.873718
220.0 0.873755
220.1 0.873789
220.2 0.873823
220.3 0.873857
220.4 0.873891
220.5 0.873925
220.6 0.873959
220.7 0.873993
220.8 0.874027
220.9 0.874061
221.0 0.874095
221.1 0.874130
221.2 0.874165
221.3 0.874200
221.4 0.874235
221.5 0.874270
221.6 0.874304
221.7 0.874339
221.8 0.874374
221.9 0.874409
222.0 0.874444
222.1 0.874480
222.2 0.874515
222.3 0.874551
222.4 0.874587
222.5 0.874622
222.6 0.874658
222.7 0.874694
222.8 0.874730
222.9 0.874765
223.0 0.874801
223.1 0.874838
223.2 0.874874
223.3 0.874911
223.4 0.874947
223.5 0.874984
223.6 0.875021
223.7 0.875057
223.8 0.875094
223.9 0.875130
224.0 0.875167
224.1 0.875204
224.2 0.875242
224.3 0.875279
224.4 0.875317
224.5 0.875354
224.6 0.875391
224.7 0.875429
224.8 0.875466
224.9 0.875504
225.0 0.875541
225.1 0.875578
225.2 0.875614
225.3 0.875651
225.4 0.875687
225.5 0.875724
225.6 0.875760
225.7 0.875797
225.8 0.875833
225.9 0.875869
226.0 0.875906
226.1 0.875943
226.2 0.875981
226.3 0.876018
226.4 0.876055
226.5 0.876093
226.6 0.876130
226.7 0.876167
226.8 0.876204
226.9 0.876242
227.0 0.876279
227.1 0.876306
227.2 0.876333
227.3 0.876360
227.4 0.876387
227.5 0.876414
227.6 0.876441
227.7 0.876468
227.8 0.876495
227.9 0.876522
228.0 0.876549
228.1 0.876572
228.2 0.876595
228.3 0.876618
228.4 0.876641
228.5 0.876664
228.6 0.876687
228.7 0.876710
228.8 0.876733
228.9 0.876756
229.0 0.876779
229.1 0.876803
229.2 0.876827
229.3 0.876851
229.4 0.876875
229.5 0.876899
229.6 0.876922
229.7 0.876946
229.8 0.876970
229.9 0.876994
230.0 0.877018
230.1 0.877042
230.2 0.877065
230.3 0.877089
230.4 0.877112
230.5 0.877136
230.6 0.877159
230.7 0.877182
230.8 0.877206
230.9 0.877230
231.0 0.877253
231.1 0.877277
231.2 0.877302
231.3 0.877326
231.4 0.877351
231.5 0.877375
231.6 0.877399
231.7 0.877424
231.8 0.877448
231.9 0.877473
232.0 0.877497
232.1 0.877522
232.2 0.877547
232.3 0.877572
232.4 0.877597
232.5 0.877622
232.6 0.877648
232.7 0.877673
232.8 0.877698
232.9 0.877723
233.0 0.877748
233.1 0.877774
233.2 0.877800
233.3 0.877826
233.4 0.877852
233.5 0.877878
233.6 0.877903
233.7 0.877929
233.8 0.877955
233.9 0.877981
234.0 0.878007
234.1 0.878034
234.2 0.878060
234.3 0.878087
234.4 0.878113
234.5 0.878140
234.6 0.878166
234.7 0.878193
234.8 0.878219
234.9 0.878246
235.0 0.878272
235.1 0.878300
235.2 0.878327
235.3 0.878355
235.4 0.878383
235.5 0.878410
235.6 0.878438
235.7 0.878466
235.8 0.878494
235.9 0.878521
236.0 0.878549
236.1 0.878577
236.2 0.878605
236.3 0.878634
236.4 0.878662
236.5 0.878690
236.6 0.878718
236.7 0.878746
236.8 0.878775
236.9 0.878803
237.0 0.878831
237.1 0.878856
237.2 0.878880
237.3 0.878905
237.4 0.878930
237.5 0.878954
237.6 0.878979
237.7 0.879004
237.8 0.879029
237.9 0.879053
238.0 0.879078
238.1 0.879096
238.2 0.879114
238.3 0.879133
238.4 0.879151
238.5 0.879169
238.6 0.879187
238.7 0.879205
238.8 0.879224
238.9 0.879242
239.0 0.879260
239.1 0.879279
239.2 0.879298
239.3 0.879317
239.4 0.879336
239.5 0.879355
239.6 0.879373
239.7 0.879392
239.8 0.879411
239.9 0.879430
240.0 0.879449
240.1 0.879470
240.2 0.879491
240.3 0.879512
240.4 0.879533
240.5 0.879555
240.6 0.879576
240.7 0.879597
240.8 0.879618
240.9 0.879639
241.0 0.879660
241.1 0.879682
241.2 0.879704
241.3 0.879725
241.4 0.879747
241.5 0.879769
241.6 0.879791
241.7 0.879813
241.8 0.879834
241.9 0.879856
242.0 0.879878
242.1 0.879900
242.2 0.879923
242.3 0.879945
242.4 0.879967
242.5 0.879989
242.6 0.880012
242.7 0.880034
242.8 0.880056
242.9 0.880079
243.0 0.880101
243.1 0.880124
243.2 0.880147
243.3 0.880170
243.4 0.880193
243.5 0.880216
243.6 0.880238
243.7 0.880261
243.8 0.880284
243.9 0.880307
244.0 0.880330
244.1 0.880354
244.2 0.880377
244.3 0.880401
244.4 0.880424
244.5 0.880448
244.6 0.880471
244.7 0.880495
244.8 0.880518
244.9 0.880542
245.0 0.880565
245.1 0.880585
245.2 0.880605
245.3 0.880625
245.4 0.880645
245.5 0.880665
245.6 0.880685
245.7 0.880705
245.8 0.880725
245.9 0.880745
246.0 0.880765
246.1 0.880786
246.2 0.880806
246.3 0.880827
246.4 0.880847
246.5 0.880868
246.6 0.880889
246.7 0.880909
246.8 0.880930
246.9 0.880950
247.0 0.880971
247.1 0.880992
247.2 0.881014
247.3 0.881036
247.4 0.881057
247.5 0.881079
247.6 0.881100
247.7 0.881122
247.8 0.881143
247.9 0.881165
248.0 0.881186
248.1 0.881216
248.2 0.881247
248.3 0.881277
248.4 0.881307
248.5 0.881337
248.6 0.881368
248.7 0.881398
248.8 0.881428
248.9 0.881459
249.0 0.881489
249.1 0.881520
249.2 0.881550
249.3 0.881581
249.4 0.881612
249.5 0.881642
249.6 0.881673
249.7 0.881704
249.8 0.881735
249.9 0.881765
250.0 0.881796
250.1 0.881826
250.2 0.881856
250.3 0.881885
250.4 0.881915
250.5 0.881945
250.6 0.881975
250.7 0.882005
250.8 0.882034
250.9 0.882064
251.0 0.882094
251.1 0.882124
251.2 0.882154
251.3 0.882185
251.4 0.882215
251.5 0.882245
251.6 0.882275
251.7 0.882305
251.8 0.882336
251.9 0.882366
252.0 0.882396
252.1 0.882427
252.2 0.882457
252.3 0.882488
252.4 0.882518
252.5 0.882549
252.6 0.882580
252.7 0.882610
252.8 0.882641
252.9 0.882671
253.0 0.882702
253.1 0.882733
253.2 0.882764
253.3 0.882795
253.4 0.882826
253.5 0.882857
253.6 0.882887
253.7 0.882918
253.8 0.882949
253.9 0.882980
254.0 0.883011
254.1 0.883042
254.2 0.883074
254.3 0.883105
254.4 0.883136
254.5 0.883168
254.6 0.883199
254.7 0.883230
254.8 0.883261
254.9 0.883293
255.0 0.883324
255.1 0.883355
255.2 0.883386
255.3 0.883416
255.4 0.883447
255.5 0.883478
255.6 0.883509
255.7 0.883540
255.8 0.883570
255.9 0.883601
256.0 0.883632
256.1 0.883663
256.2 0.883694
256.3 0.883725
256.4 0.883756
256.5 0.883788
256.6 0.883819
256.7 0.883850
256.8 0.883881
256.9 0.883912
257.0 0.883943
257.1 0.883974
257.2 0.884006
257.3 0.884037
257.4 0.884069
257.5 0.884100
257.6 0.884131
257.7 0.884163
257.8 0.884194
257.9 0.884226
258.0 0.884257
258.1 0.884289
258.2 0.884320
258.3 0.884352
258.4 0.884384
258.5 0.884416
258.6 0.884447
258.7 0.884479
258.8 0.884511
258.9 0.884542
259.0 0.884574
259.1 0.884606
259.2 0.884638
259.3 0.884670
259.4 0.884702
259.5 0.884734
259.6 0.884765
259.7 0.884797
259.8 0.884829
259.9 0.884861
260.0 0.884893
260.1 0.884924
260.2 0.884955
260.3 0.884986
260.4 0.885017
260.5 0.885048
260.6 0.885079
260.7 0.885110
260.8 0.885141
260.9 0.885172
261.0 0.885203
261.1 0.885234
261.2 0.885266
261.3 0.885297
261.4 0.885328
261.5 0.885360
261.6 0.885391
261.7 0.885422
261.8 0.885453
261.9 0.885485
262.0 0.885516
262.1 0.885548
262.2 0.885579
262.3 0.885610
262.4 0.885642
262.5 0.885674
262.6 0.885705
262.7 0.885736
262.8 0.885768
262.9 0.885800
263.0 0.885831
263.1 0.885858
263.2 0.885886
263.3 0.885914
263.4 0.885941
263.5 0.885969
263.6 0.885996
263.7 0.886024
263.8 0.886051
263.9 0.886078
264.0 0.886106
264.1 0.886130
264.2 0.886154
264.3 0.886178
264.4 0.886202
264.5 0.886226
264.6 0.886250
264.7 0.886274
264.8 0.886298
264.9 0.886322
265.0 0.886346
265.1 0.886371
265.2 0.886395
265.3 0.886420
265.4 0.886445
265.5 0.886470
265.6 0.886494
265.7 0.886519
265.8 0.886544
265.9 0.886568
266.0 0.886593
266.1 0.886618
266.2 0.886643
266.3 0.886668
266.4 0.886693
266.5 0.886718
266.6 0.886744
266.7 0.886769
266.8 0.886794
266.9 0.886819
267.0 0.886844
267.1 0.886869
267.2 0.886895
267.3 0.886920
267.4 0.886945
267.5 0.886970
267.6 0.886996
267.7 0.887021
267.8 0.887046
267.9 0.887072
268.0 0.887097
268.1 0.887122
268.2 0.887148
268.3 0.887174
268.4 0.887199
268.5 0.887225
268.6 0.887250
268.7 0.887276
268.8 0.887301
268.9 0.887327
269.0 0.887352
269.1 0.887378
269.2 0.887404
269.3 0.887430
269.4 0.887456
269.5 0.887482
269.6 0.887507
269.7 0.887533
269.8 0.887559
269.9 0.887585
270.0 0.887611
270.1 0.887636
270.2 0.887661
270.3 0.887686
270.4 0.887711
270.5 0.887736
270.6 0.887761
270.7 0.887786
270.8 0.887811
270.9 0.887836
271.0 0.887861
271.1 0.887886
271.2 0.887912
271.3 0.887937
271.4 0.887963
271.5 0.887988
271.6 0.888013
271.7 0.888039
271.8 0.888064
271.9 0.888090
272.0 0.888115
272.1 0.888141
272.2 0.888166
272.3 0.888192
272.4 0.888217
272.5 0.888243
272.6 0.888269
272.7 0.888294
272.8 0.888320
272.9 0.888345
273.0 0.888371
273.1 0.888397
273.2 0.888423
273.3 0.888448
273.4 0.888474
273.5 0.888500
273.6 0.888526
273.7 0.888552
273.8 0.888577
273.9 0.888603
274.0 0.888629
274.1 0.888655
274.2 0.888681
274.3 0.888707
274.4 0.888733
274.5 0.888759
274.6 0.888785
274.7 0.888811
274.8 0.888837
274.9 0.888863
275.0 0.888889
275.1 0.888915
275.2 0.888941
275.3 0.888967
275.4 0.888993
275.5 0.889019
275.6 0.889044
275.7 0.889070
275.8 0.889096
275.9 0.889122
276.0 0.889148
276.1 0.889174
276.2 0.889200
276.3 0.889226
276.4 0.889252
276.5 0.889279
276.6 0.889305
276.7 0.889331
276.8 0.889357
276.9 0.889383
277.0 0.889409
277.1 0.889435
277.2 0.889462
277.3 0.889488
277.4 0.889514
277.5 0.889541
277.6 0.889567
277.7 0.889593
277.8 0.889619
277.9 0.889646
278.0 0.889672
278.1 0.889698
278.2 0.889725
278.3 0.889751
278.4 0.889777
278.5 0.889803
278.6 0.889830
278.7 0.889856
278.8 0.889882
278.9 0.889909
279.0 0.889935
279.1 0.889957
279.2 0.889980
279.3 0.890002
279.4 0.890024
279.5 0.890046
279.6 0.890069
279.7 0.890091
279.8 0.890113
279.9 0.890136
280.0 0.890158
280.1 0.890180
280.2 0.890202
280.3 0.890224
280.4 0.890246
280.5 0.890268
280.6 0.890290
280.7 0.890312
280.8 0.890334
280.9 0.890356
281.0 0.890378
281.1 0.890400
281.2 0.890422
281.3 0.890445
281.4 0.890467
281.5 0.890489
281.6 0.890511
281.7 0.890533
281.8 0.890556
281.9 0.890578
282.0 0.890600
282.1 0.890622
282.2 0.890645
282.3 0.890668
282.4 0.890690
282.5 0.890713
282.6 0.890735
282.7 0.890758
282.8 0.890780
282.9 0.890802
283.0 0.890825
283.1 0.890848
283.2 0.890870
283.3 0.890893
283.4 0.890915
283.5 0.890938
283.6 0.890961
283.7 0.890983
283.8 0.891006
283.9 0.891028
284.0 0.891051
284.1 0.891074
284.2 0.891097
284.3 0.891120
284.4 0.891143
284.5 0.891166
284.6 0.891188
284.7 0.891211
284.8 0.891234
284.9 0.891257
285.0 0.891280
285.1 0.891303
285.2 0.891326
285.3 0.891349
285.4 0.891372
285.5 0.891395
285.6 0.891418
285.7 0.891441
285.8 0.891464
285.9 0.891487
286.0 0.891510
286.1 0.891533
286.2 0.891556
286.3 0.891580
286.4 0.891603
286.5 0.891626
286.6 0.891649
286.7 0.891672
286.8 0.891696
286.9 0.891719
287.0 0.891742
287.1 0.891765
287.2 0.891789
287.3 0.891812
287.4 0.891835
287.5 0.891859
287.6 0.891882
287.7 0.891905
287.8 0.891928
287.9 0.891952
288.0 0.891975
288.1 0.891999
288.2 0.892022
288.3 0.892046
288.4 0.892069
288.5 0.892093
288.6 0.892116
288.7 0.892140
288.8 0.892163
288.9 0.892187
289.0 0.892210
289.1 0.892234
289.2 0.892257
289.3 0.892281
289.4 0.892305
289.5 0.892329
289.6 0.892352
289.7 0.892376
289.8 0.892400
289.9 0.892423
290.0 0.892447
290.1 0.892471
290.2 0.892494
290.3 0.892518
290.4 0.892542
290.5 0.892566
290.6 0.892589
290.7 0.892613
290.8 0.892637
290.9 0.892660
291.0 0.892684
291.1 0.892708
291.2 0.892732
291.3 0.892756
291.4 0.892780
291.5 0.892804
291.6 0.892827
291.7 0.892851
291.8 0.892875
291.9 0.892899
292.0 0.892923
292.1 0.892947
292.2 0.892971
292.3 0.892995
292.4 0.893019
292.5 0.893043
292.6 0.893067
292.7 0.893091
292.8 0.893115
292.9 0.893139
293.0 0.893163
293.1 0.893187
293.2 0.893211
293.3 0.893235
293.4 0.893259
293.5 0.893284
293.6 0.893308
293.7 0.893332
293.8 0.893356
293.9 0.893380
294.0 0.893404
294.1 0.893426
294.2 0.893447
294.3 0.893469
294.4 0.893490
294.5 0.893512
294.6 0.893533
294.7 0.893555
294.8 0.893576
294.9 0.893598
295.0 0.893619
295.1 0.893638
295.2 0.893657
295.3 0.893677
295.4 0.893696
295.5 0.893715
295.6 0.893734
295.7 0.893753
295.8 0.893773
295.9 0.893792
296.0 0.893811
296.1 0.893830
296.2 0.893850
296.3 0.893869
296.4 0.893889
296.5 0.893908
296.6 0.893927
296.7 0.893947
296.8 0.893966
296.9 0.893986
297.0 0.894005
297.1 0.894024
297.2 0.894044
297.3 0.894063
297.4 0.894083
297.5 0.894103
297.6 0.894122
297.7 0.894142
297.8 0.894161
297.9 0.894180
298.0 0.894200
298.1 0.894220
298.2 0.894240
298.3 0.894259
298.4 0.894279
298.5 0.894299
298.6 0.894319
298.7 0.894339
298.8 0.894358
298.9 0.894378
299.0 0.894398
299.1 0.894418
299.2 0.894438
299.3 0.894457
299.4 0.894477
299.5 0.894497
299.6 0.894517
299.7 0.894537
299.8 0.894556
299.9 0.894576
300.0 0.894596
300.1 0.894616
300.2 0.894635
300.3 0.894655
300.4 0.894675
300.5 0.894694
300.6 0.894714
300.7 0.894734
300.8 0.894754
300.9 0.894773
301.0 0.894793
301.1 0.894813
301.2 0.894833
301.3 0.894852
301.4 0.894872
301.5 0.894892
301.6 0.894912
301.7 0.894932
301.8 0.894951
301.9 0.894971
302.0 0.894991
302.1 0.895011
302.2 0.895031
302.3 0.895051
302.4 0.895071
302.5 0.895091
302.6 0.895111
302.7 0.895131
302.8 0.895151
302.9 0.895171
303.0 0.895191
303.1 0.895211
303.2 0.895231
303.3 0.895251
303.4 0.895271
303.5 0.895291
303.6 0.895311
303.7 0.895331
303.8 0.895351
303.9 0.895371
304.0 0.895391
304.1 0.895411
304.2 0.895431
304.3 0.895452
304.4 0.895472
304.5 0.895492
304.6 0.895512
304.7 0.895532
304.8 0.895553
304.9 0.895573
305.0 0.895593
305.1 0.895613
305.2 0.895634
305.3 0.895654
305.4 0.895674
305.5 0.895695
305.6 0.895715
305.7 0.895735
305.8 0.895755
305.9 0.895776
306.0 0.895796
306.1 0.895816
306.2 0.895837
306.3 0.895857
306.4 0.895878
306.5 0.895898
306.6 0.895918
306.7 0.895939
306.8 0.895959
306.9 0.895980
307.0 0.896000
307.1 0.896020
307.2 0.896041
307.3 0.896062
307.4 0.896082
307.5 0.896103
307.6 0.896123
307.7 0.896143
307.8 0.896164
307.9 0.896185
308.0 0.896205
308.1 0.896226
308.2 0.896246
308.3 0.896267
308.4 0.896287
308.5 0.896308
308.6 0.896329
308.7 0.896349
308.8 0.896370
308.9 0.896390
309.0 0.896411
309.1 0.896431
309.2 0.896451
309.3 0.896471
309.4 0.896491
309.5 0.896511
309.6 0.896532
309.7 0.896552
309.8 0.896572
309.9 0.896592
310.0 0.896612
310.1 0.896620
310.2 0.896627
310.3 0.896635
310.4 0.896642
310.5 0.896650
310.6 0.896658
310.7 0.896665
310.8 0.896673
310.9 0.896680
311.0 0.896688
311.1 0.896696
311.2 0.896704
311.3 0.896712
311.4 0.896720
311.5 0.896728
311.6 0.896735
311.7 0.896743
311.8 0.896751
311.9 0.896759
312.0 0.896767
312.1 0.896775
312.2 0.896783
312.3 0.896791
312.4 0.896799
312.5 0.896807
312.6 0.896816
312.7 0.896824
312.8 0.896832
312.9 0.896840
313.0 0.896848
313.1 0.896856
313.2 0.896865
313.3 0.896873
313.4 0.896882
313.5 0.896890
313.6 0.896898
313.7 0.896907
313.8 0.896915
313.9 0.896924
314.0 0.896932
314.1 0.896941
314.2 0.896949
314.3 0.896958
314.4 0.896967
314.5 0.896976
314.6 0.896984
314.7 0.896993
314.8 0.897002
314.9 0.897010
315.0 0.897019
315.1 0.897028
315.2 0.897037
315.3 0.897046
315.4 0.897055
315.5 0.897064
315.6 0.897072
315.7 0.897081
315.8 0.897090
315.9 0.897099
316.0 0.897108
316.1 0.897117
316.2 0.897126
316.3 0.897135
316.4 0.897144
316.5 0.897154
316.6 0.897163
316.7 0.897172
316.8 0.897181
316.9 0.897190
317.0 0.897199
317.1 0.897208
317.2 0.897218
317.3 0.897227
317.4 0.897237
317.5 0.897246
317.6 0.897255
317.7 0.897265
317.8 0.897274
317.9 0.897284
318.0 0.897293
318.1 0.897303
318.2 0.897312
318.3 0.897322
318.4 0.897331
318.5 0.897341
318.6 0.897351
318.7 0.897360
318.8 0.897370
318.9 0.897379
319.0 0.897389
319.1 0.897399
319.2 0.897409
319.3 0.897418
319.4 0.897428
319.5 0.897438
319.6 0.897448
319.7 0.897458
319.8 0.897467
319.9 0.897477
320.0 0.897487
320.1 0.897497
320.2 0.897507
320.3 0.897516
320.4 0.897526
320.5 0.897536
320.6 0.897546
320.7 0.897556
320.8 0.897565
320.9 0.897575
321.0 0.897585
321.1 0.897595
321.2 0.897605
321.3 0.897615
321.4 0.897625
321.5 0.897635
321.6 0.897645
321.7 0.897655
321.8 0.897665
321.9 0.897675
322.0 0.897685
322.1 0.897695
322.2 0.897705
322.3 0.897716
322.4 0.897726
322.5 0.897736
322.6 0.897746
322.7 0.897756
322.8 0.897767
322.9 0.897777
323.0 0.897787
323.1 0.897797
323.2 0.897808
323.3 0.897818
323.4 0.897829
323.5 0.897839
323.6 0.897849
323.7 0.897860
323.8 0.897870
323.9 0.897881
324.0 0.897891
324.1 0.897902
324.2 0.897912
324.3 0.897923
324.4 0.897933
324.5 0.897944
324.6 0.897955
324.7 0.897965
324.8 0.897976
324.9 0.897986
325.0 0.897997
325.1 0.898008
325.2 0.898018
325.3 0.898029
325.4 0.898040
325.5 0.898051
325.6 0.898061
325.7 0.898072
325.8 0.898083
325.9 0.898093
326.0 0.898104
326.1 0.898120
326.2 0.898135
326.3 0.898151
326.4 0.898166
326.5 0.898182
326.6 0.898197
326.7 0.898213
326.8 0.898228
326.9 0.898244
327.0 0.898259
327.1 0.898276
327.2 0.898294
327.3 0.898311
327.4 0.898329
327.5 0.898346
327.6 0.898363
327.7 0.898381
327.8 0.898398
327.9 0.898416
328.0 0.898433
328.1 0.898450
328.2 0.898468
328.3 0.898486
328.4 0.898503
328.5 0.898521
328.6 0.898538
328.7 0.898555
328.8 0.898573
328.9 0.898590
329.0 0.898608
329.1 0.898625
329.2 0.898643
329.3 0.898660
329.4 0.898678
329.5 0.898695
329.6 0.898713
329.7 0.898730
329.8 0.898748
329.9 0.898765
330.0 0.898783
330.1 0.898800
330.2 0.898818
330.3 0.898835
330.4 0.898853
330.5 0.898870
330.6 0.898888
330.7 0.898906
330.8 0.898923
330.9 0.898940
331.0 0.898958
331.1 0.898976
331.2 0.898993
331.3 0.899011
331.4 0.899028
331.5 0.899046
331.6 0.899064
331.7 0.899081
331.8 0.899099
331.9 0.899116
332.0 0.899134
332.1 0.899152
332.2 0.899169
332.3 0.899187
332.4 0.899205
332.5 0.899223
332.6 0.899240
332.7 0.899258
332.8 0.899276
332.9 0.899293
333.0 0.899311
333.1 0.899329
333.2 0.899346
333.3 0.899364
333.4 0.899382
333.5 0.899400
333.6 0.899417
333.7 0.899435
333.8 0.899453
333.9 0.899470
334.0 0.899488
334.1 0.899506
334.2 0.899524
334.3 0.899541
334.4 0.899559
334.5 0.899577
334.6 0.899595
334.7 0.899613
334.8 0.899630
334.9 0.899648
335.0 0.899666
335.1 0.899683
335.2 0.899700
335.3 0.899716
335.4 0.899733
335.5 0.899750
335.6 0.899767
335.7 0.899784
335.8 0.899800
335.9 0.899817
336.0 0.899834
336.1 0.899844
336.2 0.899854
336.3 0.899863
336.4 0.899873
336.5 0.899883
336.6 0.899893
336.7 0.899903
336.8 0.899912
336.9 0.899922
337.0 0.899932
337.1 0.899942
337.2 0.899952
337.3 0.899962
337.4 0.899972
337.5 0.899983
337.6 0.899993
337.7 0.900003
337.8 0.900013
337.9 0.900023
338.0 0.900033
338.1 0.900043
338.2 0.900053
338.3 0.900063
338.4 0.900073
338.5 0.900084
338.6 0.900094
338.7 0.900104
338.8 0.900114
338.9 0.900124
339.0 0.900134
339.1 0.900144
339.2 0.900155
339.3 0.900165
339.4 0.900176
339.5 0.900186
339.6 0.900196
339.7 0.900207
339.8 0.900217
339.9 0.900228
340.0 0.900238
340.1 0.900248
340.2 0.900259
340.3 0.900269
340.4 0.900279
340.5 0.900289
340.6 0.900300
340.7 0.900310
340.8 0.900320
340.9 0.900331
341.0 0.900341
341.1 0.900351
341.2 0.900362
341.3 0.900372
341.4 0.900383
341.5 0.900393
341.6 0.900403
341.7 0.900414
341.8 0.900424
341.9 0.900435
342.0 0.900445
342.1 0.900456
342.2 0.900466
342.3 0.900477
342.4 0.900487
342.5 0.900498
342.6 0.900509
342.7 0.900519
342.8 0.900530
342.9 0.900540
343.0 0.900551
343.1 0.900562
343.2 0.900572
343.3 0.900583
343.4 0.900594
343.5 0.900605
343.6 0.900615
343.7 0.900626
343.8 0.900637
343.9 0.900647
344.0 0.900658
344.1 0.900669
344.2 0.900680
344.3 0.900690
344.4 0.900701
344.5 0.900712
344.6 0.900723
344.7 0.900734
344.8 0.900744
344.9 0.900755
345.0 0.900766
345.1 0.900774
345.2 0.900782
345.3 0.900790
345.4 0.900798
345.5 0.900806
345.6 0.900814
345.7 0.900822
345.8 0.900830
345.9 0.900838
346.0 0.900846
346.1 0.900851
346.2 0.900857
346.3 0.900862
346.4 0.900868
346.5 0.900873
346.6 0.900879
346.7 0.900885
346.8 0.900890
346.9 0.900896
347.0 0.900901
347.1 0.900907
347.2 0.900912
347.3 0.900918
347.4 0.900924
347.5 0.900930
347.6 0.900935
347.7 0.900941
347.8 0.900947
347.9 0.900952
348.0 0.900958
348.1 0.900964
348.2 0.900970
348.3 0.900976
348.4 0.900982
348.5 0.900988
348.6 0.900993
348.7 0.900999
348.8 0.901005
348.9 0.901011
349.0 0.901017
349.1 0.901023
349.2 0.901029
349.3 0.901035
349.4 0.901041
349.5 0.901047
349.6 0.901053
349.7 0.901059
349.8 0.901065
349.9 0.901071
350.0 0.901077
350.1 0.901083
350.2 0.901089
350.3 0.901096
350.4 0.901102
350.5 0.901108
350.6 0.901114
350.7 0.901120
350.8 0.901127
350.9 0.901133
351.0 0.901139
351.1 0.901145
351.2 0.901152
351.3 0.901158
351.4 0.901165
351.5 0.901171
351.6 0.901177
351.7 0.901184
351.8 0.901190
351.9 0.901197
352.0 0.901203
352.1 0.901209
352.2 0.901216
352.3 0.901223
352.4 0.901229
352.5 0.901236
352.6 0.901242
352.7 0.901249
352.8 0.901255
352.9 0.901262
353.0 0.901268
353.1 0.901275
353.2 0.901281
353.3 0.901288
353.4 0.901295
353.5 0.901301
353.6 0.901308
353.7 0.901315
353.8 0.901322
353.9 0.901328
354.0 0.901335
354.1 0.901342
354.2 0.901349
354.3 0.901356
354.4 0.901363
354.5 0.901369
354.6 0.901376
354.7 0.901383
354.8 0.901390
354.9 0.901397
355.0 0.901404
355.1 0.901411
355.2 0.901418
355.3 0.901425
355.4 0.901432
355.5 0.901439
355.6 0.901445
355.7 0.901452
355.8 0.901459
355.9 0.901466
356.0 0.901473
356.1 0.901480
356.2 0.901487
356.3 0.901495
356.4 0.901502
356.5 0.901509
356.6 0.901516
356.7 0.901523
356.8 0.901531
356.9 0.901538
357.0 0.901545
357.1 0.901552
357.2 0.901559
357.3 0.901567
357.4 0.901574
357.5 0.901581
357.6 0.901588
357.7 0.901595
357.8 0.901603
357.9 0.901610
358.0 0.901617
358.1 0.901624
358.2 0.901632
358.3 0.901639
358.4 0.901647
358.5 0.901654
358.6 0.901661
358.7 0.901669
358.8 0.901676
358.9 0.901684
359.0 0.901691
359.1 0.901698
359.2 0.901706
359.3 0.901714
359.4 0.901721
359.5 0.901728
359.6 0.901736
359.7 0.901744
359.8 0.901751
359.9 0.901759
360.0 0.901766
360.1 0.901774
360.2 0.901781
360.3 0.901789
360.4 0.901796
360.5 0.901804
360.6 0.901812
360.7 0.901819
360.8 0.901827
360.9 0.901834
361.0 0.901842
361.1 0.901850
361.2 0.901857
361.3 0.901865
361.4 0.901872
361.5 0.901880
361.6 0.901888
361.7 0.901895
361.8 0.901903
361.9 0.901910
362.0 0.901918
362.1 0.901926
362.2 0.901934
362.3 0.901941
362.4 0.901949
362.5 0.901957
362.6 0.901965
362.7 0.901973
362.8 0.901980
362.9 0.901988
363.0 0.901996
363.1 0.902004
363.2 0.902012
363.3 0.902020
363.4 0.902028
363.5 0.902035
363.6 0.902043
363.7 0.902051
363.8 0.902059
363.9 0.902067
364.0 0.902075
364.1 0.902084
364.2 0.902093
364.3 0.902102
364.4 0.902111
364.5 0.902120
364.6 0.902130
364.7 0.902139
364.8 0.902148
364.9 0.902157
365.0 0.902166
365.1 0.902177
365.2 0.902189
365.3 0.902200
365.4 0.902211
365.5 0.902223
365.6 0.902234
365.7 0.902245
365.8 0.902256
365.9 0.902268
366.0 0.902279
366.1 0.902290
366.2 0.902302
366.3 0.902313
366.4 0.902324
366.5 0.902335
366.6 0.902347
366.7 0.902358
366.8 0.902369
366.9 0.902381
367.0 0.902392
367.1 0.902403
367.2 0.902415
367.3 0.902427
367.4 0.902438
367.5 0.902449
367.6 0.902461
367.7 0.902473
367.8 0.902484
367.9 0.902496
368.0 0.902507
368.1 0.902518
368.2 0.902530
368.3 0.902541
368.4 0.902553
368.5 0.902564
368.6 0.902576
368.7 0.902588
368.8 0.902599
368.9 0.902610
369.0 0.902622
369.1 0.902634
369.2 0.902645
369.3 0.902657
369.4 0.902668
369.5 0.902680
369.6 0.902692
369.7 0.902703
369.8 0.902715
369.9 0.902726
370.0 0.902738
370.1 0.902750
370.2 0.902761
370.3 0.902773
370.4 0.902784
370.5 0.902796
370.6 0.902808
370.7 0.902819
370.8 0.902831
370.9 0.902842
371.0 0.902854
371.1 0.902866
371.2 0.902877
371.3 0.902889
371.4 0.902901
371.5 0.902913
371.6 0.902924
371.7 0.902936
371.8 0.902948
371.9 0.902959
372.0 0.902971
372.1 0.902983
372.2 0.902995
372.3 0.903006
372.4 0.903018
372.5 0.903030
372.6 0.903042
372.7 0.903054
372.8 0.903065
372.9 0.903077
373.0 0.903089
373.1 0.903101
373.2 0.903113
373.3 0.903125
373.4 0.903137
373.5 0.903149
373.6 0.903160
373.7 0.903172
373.8 0.903184
373.9 0.903196
374.0 0.903208
374.1 0.903220
374.2 0.903232
374.3 0.903244
374.4 0.903256
374.5 0.903268
374.6 0.903279
374.7 0.903291
374.8 0.903303
374.9 0.903315
375.0 0.903327
375.1 0.903339
375.2 0.903351
375.3 0.903363
375.4 0.903375
375.5 0.903386
375.6 0.903398
375.7 0.903410
375.8 0.903422
375.9 0.903434
376.0 0.903446
376.1 0.903458
376.2 0.903470
376.3 0.903482
376.4 0.903494
376.5 0.903506
376.6 0.903519
376.7 0.903531
376.8 0.903543
376.9 0.903555
377.0 0.903567
377.1 0.903579
377.2 0.903591
377.3 0.903603
377.4 0.903615
377.5 0.903627
377.6 0.903639
377.7 0.903651
377.8 0.903663
377.9 0.903675
378.0 0.903687
378.1 0.903699
378.2 0.903711
378.3 0.903724
378.4 0.903736
378.5 0.903748
378.6 0.903760
378.7 0.903772
378.8 0.903785
378.9 0.903797
379.0 0.903809
379.1 0.903821
379.2 0.903833
379.3 0.903846
379.4 0.903858
379.5 0.903870
379.6 0.903882
379.7 0.903894
379.8 0.903907
379.9 0.903919
380.0 0.903931
380.1 0.903943
380.2 0.903955
380.3 0.903967
380.4 0.903979
380.5 0.903992
380.6 0.904004
380.7 0.904016
380.8 0.904028
380.9 0.904040
381.0 0.904052
381.1 0.904064
381.2 0.904076
381.3 0.904089
381.4 0.904101
381.5 0.904113
381.6 0.904125
381.7 0.904137
381.8 0.904150
381.9 0.904162
382.0 0.904174
382.1 0.904186
382.2 0.904199
382.3 0.904211
382.4 0.904223
382.5 0.904236
382.6 0.904248
382.7 0.904260
382.8 0.904272
382.9 0.904285
383.0 0.904297
383.1 0.904309
383.2 0.904322
383.3 0.904334
383.4 0.904346
383.5 0.904359
383.6 0.904371
383.7 0.904383
383.8 0.904395
383.9 0.904408
384.0 0.904420
384.1 0.904432
384.2 0.904445
384.3 0.904457
384.4 0.904469
384.5 0.904482
384.6 0.904494
384.7 0.904506
384.8 0.904518
384.9 0.904531
385.0 0.904543
385.1 0.904555
385.2 0.904568
385.3 0.904580
385.4 0.904593
385.5 0.904605
385.6 0.904617
385.7 0.904630
385.8 0.904642
385.9 0.904655
386.0 0.904667
386.1 0.904679
386.2 0.904692
386.3 0.904704
386.4 0.904717
386.5 0.904729
386.6 0.904741
386.7 0.904754
386.8 0.904766
386.9 0.904779
387.0 0.904791
387.1 0.904803
387.2 0.904816
387.3 0.904828
387.4 0.904841
387.5 0.904853
387.6 0.904865
387.7 0.904878
387.8 0.904890
387.9 0.904903
388.0 0.904915
388.1 0.904927
388.2 0.904939
388.3 0.904952
388.4 0.904964
388.5 0.904976
388.6 0.904988
388.7 0.905000
388.8 0.905013
388.9 0.905025
389.0 0.905037
389.1 0.905038
389.2 0.905039
389.3 0.905039
389.4 0.905040
389.5 0.905041
389.6 0.905042
389.7 0.905043
389.8 0.905043
389.9 0.905044
390.0 0.905045
390.1 0.905046
390.2 0.905047
390.3 0.905048
390.4 0.905049
390.5 0.905049
390.6 0.905050
390.7 0.905051
390.8 0.905052
390.9 0.905053
391.0 0.905054
391.1 0.905055
391.2 0.905056
391.3 0.905057
391.4 0.905058
391.5 0.905059
391.6 0.905061
391.7 0.905062
391.8 0.905063
391.9 0.905064
392.0 0.905065
392.1 0.905066
392.2 0.905067
392.3 0.905069
392.4 0.905070
392.5 0.905071
392.6 0.905072
392.7 0.905073
392.8 0.905075
392.9 0.905076
393.0 0.905077
393.1 0.905078
393.2 0.905080
393.3 0.905081
393.4 0.905083
393.5 0.905084
393.6 0.905085
393.7 0.905087
393.8 0.905088
393.9 0.905090
394.0 0.905091
394.1 0.905093
394.2 0.905094
394.3 0.905096
394.4 0.905097
394.5 0.905099
394.6 0.905101
394.7 0.905102
394.8 0.905104
394.9 0.905105
395.0 0.905107
395.1 0.905109
395.2 0.905110
395.3 0.905112
395.4 0.905114
395.5 0.905115
395.6 0.905117
395.7 0.905119
395.8 0.905121
395.9 0.905122
396.0 0.905124
396.1 0.905126
396.2 0.905128
396.3 0.905129
396.4 0.905131
396.5 0.905133
396.6 0.905135
396.7 0.905137
396.8 0.905138
396.9 0.905140
397.0 0.905142
397.1 0.905144
397.2 0.905146
397.3 0.905148
397.4 0.905150
397.5 0.905151
397.6 0.905153
397.7 0.905155
397.8 0.905157
397.9 0.905159
398.0 0.905161
398.1 0.905163
398.2 0.905165
398.3 0.905167
398.4 0.905169
398.5 0.905172
398.6 0.905174
398.7 0.905176
398.8 0.905178
398.9 0.905180
399.0 0.905182
399.1 0.905184
399.2 0.905187
399.3 0.905189
399.4 0.905191
399.5 0.905193
399.6 0.905196
399.7 0.905198
399.8 0.905200
399.9 0.905203
400.0 0.905205
400.1 0.905207
400.2 0.905209
400.3 0.905212
400.4 0.905214
400.5 0.905216
400.6 0.905218
400.7 0.905220
400.8 0.905223
400.9 0.905225
401.0 0.905227
401.1 0.905229
401.2 0.905232
401.3 0.905234
401.4 0.905237
401.5 0.905239
401.6 0.905241
401.7 0.905244
401.8 0.905246
401.9 0.905249
402.0 0.905251
402.1 0.905254
402.2 0.905256
402.3 0.905259
402.4 0.905261
402.5 0.905264
402.6 0.905267
402.7 0.905269
402.8 0.905272
402.9 0.905274
403.0 0.905277
403.1 0.905280
403.2 0.905282
403.3 0.905285
403.4 0.905287
403.5 0.905290
403.6 0.905293
403.7 0.905295
403.8 0.905298
403.9 0.905300
404.0 0.905303
404.1 0.905306
404.2 0.905309
404.3 0.905311
404.4 0.905314
404.5 0.905317
404.6 0.905320
404.7 0.905323
404.8 0.905325
404.9 0.905328
405.0 0.905331
405.1 0.905334
405.2 0.905337
405.3 0.905340
405.4 0.905343
405.5 0.905346
405.6 0.905348
405.7 0.905351
405.8 0.905354
405.9 0.905357
406.0 0.905360
406.1 0.905363
406.2 0.905366
406.3 0.905369
406.4 0.905372
406.5 0.905375
406.6 0.905378
406.7 0.905381
406.8 0.905384
406.9 0.905387
407.0 0.905390
407.1 0.905393
407.2 0.905396
407.3 0.905399
407.4 0.905402
407.5 0.905406
407.6 0.905409
407.7 0.905412
407.8 0.905415
407.9 0.905418
408.0 0.905421
408.1 0.905424
408.2 0.905428
408.3 0.905431
408.4 0.905434
408.5 0.905438
408.6 0.905441
408.7 0.905444
408.8 0.905447
408.9 0.905451
409.0 0.905454
409.1 0.905457
409.2 0.905461
409.3 0.905464
409.4 0.905467
409.5 0.905470
409.6 0.905474
409.7 0.905477
409.8 0.905480
409.9 0.905484
410.0 0.905487
410.1 0.905490
410.2 0.905494
410.3 0.905497
410.4 0.905501
410.5 0.905504
410.6 0.905508
410.7 0.905512
410.8 0.905515
410.9 0.905519
411.0 0.905522
411.1 0.905526
411.2 0.905529
411.3 0.905533
411.4 0.905536
411.5 0.905540
411.6 0.905543
411.7 0.905547
411.8 0.905550
411.9 0.905554
412.0 0.905557
412.1 0.905561
412.2 0.905564
412.3 0.905568
412.4 0.905572
412.5 0.905576
412.6 0.905579
412.7 0.905583
412.8 0.905587
412.9 0.905590
413.0 0.905594
413.1 0.905597
413.2 0.905599
413.3 0.905601
413.4 0.905604
413.5 0.905606
413.6 0.905609
413.7 0.905612
413.8 0.905614
413.9 0.905617
414.0 0.905619
414.1 0.905621
414.2 0.905623
414.3 0.905625
414.4 0.905627
414.5 0.905629
414.6 0.905632
414.7 0.905634
414.8 0.905636
414.9 0.905638
415.0 0.905640
415.1 0.905642
415.2 0.905645
415.3 0.905647
415.4 0.905649
415.5 0.905652
415.6 0.905654
415.7 0.905656
415.8 0.905658
415.9 0.905661
416.0 0.905663
416.1 0.905665
416.2 0.905668
416.3 0.905670
416.4 0.905673
416.5 0.905675
416.6 0.905677
416.7 0.905680
416.8 0.905682
416.9 0.905685
417.0 0.905687
417.1 0.905690
417.2 0.905692
417.3 0.905695
417.4 0.905697
417.5 0.905700
417.6 0.905702
417.7 0.905705
417.8 0.905707
417.9 0.905710
418.0 0.905712
418.1 0.905715
418.2 0.905717
418.3 0.905720
418.4 0.905722
418.5 0.905725
418.6 0.905728
418.7 0.905730
418.8 0.905733
418.9 0.905735
419.0 0.905738
419.1 0.905741
419.2 0.905744
419.3 0.905746
419.4 0.905749
419.5 0.905752
419.6 0.905755
419.7 0.905758
419.8 0.905760
419.9 0.905763
420.0 0.905766
420.1 0.905769
420.2 0.905772
420.3 0.905774
420.4 0.905777
420.5 0.905780
420.6 0.905783
420.7 0.905786
420.8 0.905788
420.9 0.905791
421.0 0.905794
421.1 0.905797
421.2 0.905800
421.3 0.905803
421.4 0.905806
421.5 0.905809
421.6 0.905811
421.7 0.905814
421.8 0.905817
421.9 0.905820
422.0 0.905823
422.1 0.905826
422.2 0.905829
422.3 0.905832
422.4 0.905835
422.5 0.905838
422.6 0.905842
422.7 0.905845
422.8 0.905848
422.9 0.905851
423.0 0.905854
423.1 0.905857
423.2 0.905860
423.3 0.905863
423.4 0.905866
423.5 0.905869
423.6 0.905873
423.7 0.905876
423.8 0.905879
423.9 0.905882
424.0 0.905885
424.1 0.905888
424.2 0.905892
424.3 0.905895
424.4 0.905898
424.5 0.905902
424.6 0.905905
424.7 0.905908
424.8 0.905911
424.9 0.905915
425.0 0.905918
425.1 0.905921
425.2 0.905925
425.3 0.905928
425.4 0.905932
425.5 0.905935
425.6 0.905938
425.7 0.905942
425.8 0.905945
425.9 0.905949
426.0 0.905952
426.1 0.905955
426.2 0.905959
426.3 0.905962
426.4 0.905966
426.5 0.905969
426.6 0.905972
426.7 0.905976
426.8 0.905979
426.9 0.905983
427.0 0.905986
427.1 0.905990
427.2 0.905993
427.3 0.905997
427.4 0.906000
427.5 0.906004
427.6 0.906008
427.7 0.906011
427.8 0.906015
427.9 0.906018
428.0 0.906022
428.1 0.906026
428.2 0.906029
428.3 0.906033
428.4 0.906037
428.5 0.906041
428.6 0.906044
428.7 0.906048
428.8 0.906052
428.9 0.906055
429.0 0.906059
429.1 0.906063
429.2 0.906066
429.3 0.906070
429.4 0.906074
429.5 0.906078
429.6 0.906081
429.7 0.906085
429.8 0.906089
429.9 0.906092
430.0 0.906096
430.1 0.906100
430.2 0.906104
430.3 0.906108
430.4 0.906112
430.5 0.906116
430.6 0.906119
430.7 0.906123
430.8 0.906127
430.9 0.906131
431.0 0.906135
431.1 0.906139
431.2 0.906143
431.3 0.906147
431.4 0.906151
431.5 0.906154
431.6 0.906158
431.7 0.906162
431.8 0.906166
431.9 0.906170
432.0 0.906174
432.1 0.906178
432.2 0.906182
432.3 0.906186
432.4 0.906190
432.5 0.906195
432.6 0.906199
432.7 0.906203
432.8 0.906207
432.9 0.906211
433.0 0.906215
433.1 0.906219
433.2 0.906223
433.3 0.906227
433.4 0.906231
433.5 0.906235
433.6 0.906240
433.7 0.906244
433.8 0.906248
433.9 0.906252
434.0 0.906256
434.1 0.906260
434.2 0.906264
434.3 0.906269
434.4 0.906273
434.5 0.906277
434.6 0.906281
434.7 0.906285
434.8 0.906290
434.9 0.906294
435.0 0.906298
435.1 0.906302
435.2 0.906307
435.3 0.906311
435.4 0.906315
435.5 0.906320
435.6 0.906324
435.7 0.906328
435.8 0.906332
435.9 0.906337
436.0 0.906341
436.1 0.906345
436.2 0.906350
436.3 0.906354
436.4 0.906359
436.5 0.906363
436.6 0.906367
436.7 0.906372
436.8 0.906376
436.9 0.906381
437.0 0.906385
437.1 0.906389
437.2 0.906394
437.3 0.906398
437.4 0.906403
437.5 0.906408
437.6 0.906412
437.7 0.906417
437.8 0.906421
437.9 0.906426
438.0 0.906430
438.1 0.906435
438.2 0.906439
438.3 0.906444
438.4 0.906448
438.5 0.906453
438.6 0.906458
438.7 0.906462
438.8 0.906467
438.9 0.906471
439.0 0.906476
439.1 0.906481
439.2 0.906485
439.3 0.906490
439.4 0.906494
439.5 0.906499
439.6 0.906504
439.7 0.906508
439.8 0.906513
439.9 0.906517
440.0 0.906522
440.1 0.906527
440.2 0.906531
440.3 0.906536
440.4 0.906541
440.5 0.906546
440.6 0.906550
440.7 0.906555
440.8 0.906560
440.9 0.906564
441.0 0.906569
441.1 0.906574
441.2 0.906579
441.3 0.906583
441.4 0.906588
441.5 0.906593
441.6 0.906598
441.7 0.906603
441.8 0.906607
441.9 0.906612
442.0 0.906617
442.1 0.906620
442.2 0.906623
442.3 0.906626
442.4 0.906629
442.5 0.906632
442.6 0.906634
442.7 0.906637
442.8 0.906640
442.9 0.906643
443.0 0.906646
443.1 0.906641
443.2 0.906637
443.3 0.906632
443.4 0.906627
443.5 0.906622
443.6 0.906618
443.7 0.906613
443.8 0.906608
443.9 0.906604
444.0 0.906599
444.1 0.906595
444.2 0.906590
444.3 0.906586
444.4 0.906581
444.5 0.906577
444.6 0.906573
444.7 0.906568
444.8 0.906564
444.9 0.906559
445.0 0.906555
445.1 0.906551
445.2 0.906546
445.3 0.906542
445.4 0.906538
445.5 0.906534
445.6 0.906529
445.7 0.906525
445.8 0.906521
445.9 0.906516
446.0 0.906512
446.1 0.906508
446.2 0.906504
446.3 0.906499
446.4 0.906495
446.5 0.906491
446.6 0.906487
446.7 0.906483
446.8 0.906478
446.9 0.906474
447.0 0.906470
447.1 0.906466
447.2 0.906462
447.3 0.906458
447.4 0.906454
447.5 0.906451
447.6 0.906447
447.7 0.906443
447.8 0.906439
447.9 0.906435
448.0 0.906431
448.1 0.906427
448.2 0.906423
448.3 0.906420
448.4 0.906416
448.5 0.906412
448.6 0.906408
448.7 0.906404
448.8 0.906401
448.9 0.906397
449.0 0.906393
449.1 0.906389
449.2 0.906386
449.3 0.906382
449.4 0.906378
449.5 0.906375
449.6 0.906371
449.7 0.906367
449.8 0.906363
449.9 0.906360
450.0 0.906356
450.1 0.906352
450.2 0.906349
450.3 0.906346
450.4 0.906342
450.5 0.906338
450.6 0.906335
450.7 0.906331
450.8 0.906328
450.9 0.906324
451.0 0.906321
451.1 0.906318
451.2 0.906314
451.3 0.906311
451.4 0.906307
451.5 0.906304
451.6 0.906301
451.7 0.906297
451.8 0.906294
451.9 0.906290
452.0 0.906287
452.1 0.906284
452.2 0.906281
452.3 0.906277
452.4 0.906274
452.5 0.906271
452.6 0.906268
452.7 0.906265
452.8 0.906261
452.9 0.906258
453.0 0.906255
453.1 0.906252
453.2 0.906249
453.3 0.906246
453.4 0.906243
453.5 0.906240
453.6 0.906237
453.7 0.906234
453.8 0.906231
453.9 0.906228
454.0 0.906225
454.1 0.906222
454.2 0.906219
454.3 0.906216
454.4 0.906213
454.5 0.906211
454.6 0.906208
454.7 0.906205
454.8 0.906202
454.9 0.906199
455.0 0.906196
455.1 0.906193
455.2 0.906190
455.3 0.906188
455.4 0.906185
455.5 0.906182
455.6 0.906179
455.7 0.906176
455.8 0.906174
455.9 0.906171
456.0 0.906168
456.1 0.906165
456.2 0.906163
456.3 0.906160
456.4 0.906158
456.5 0.906155
456.6 0.906152
456.7 0.906150
456.8 0.906147
456.9 0.906145
457.0 0.906142
457.1 0.906140
457.2 0.906137
457.3 0.906135
457.4 0.906132
457.5 0.906130
457.6 0.906127
457.7 0.906124
457.8 0.906122
457.9 0.906120
458.0 0.906117
458.1 0.906115
458.2 0.906112
458.3 0.906110
458.4 0.906107
458.5 0.906105
458.6 0.906103
458.7 0.906100
458.8 0.906098
458.9 0.906095
459.0 0.906093
459.1 0.906091
459.2 0.906089
459.3 0.906086
459.4 0.906084
459.5 0.906082
459.6 0.906080
459.7 0.906078
459.8 0.906075
459.9 0.906073
460.0 0.906071
460.1 0.906069
460.2 0.906067
460.3 0.906065
460.4 0.906063
460.5 0.906061
460.6 0.906058
460.7 0.906056
460.8 0.906054
460.9 0.906052
461.0 0.906050
461.1 0.906048
461.2 0.906046
461.3 0.906044
461.4 0.906042
461.5 0.906040
461.6 0.906038
461.7 0.906036
461.8 0.906034
461.9 0.906032
462.0 0.906030
462.1 0.906028
462.2 0.906026
462.3 0.906024
462.4 0.906022
462.5 0.906021
462.6 0.906019
462.7 0.906017
462.8 0.906015
462.9 0.906013
463.0 0.906011
463.1 0.906009
463.2 0.906008
463.3 0.906006
463.4 0.906004
463.5 0.906003
463.6 0.906001
463.7 0.905999
463.8 0.905997
463.9 0.905996
464.0 0.905994
464.1 0.905992
464.2 0.905991
464.3 0.905989
464.4 0.905988
464.5 0.905986
464.6 0.905984
464.7 0.905983
464.8 0.905981
464.9 0.905980
465.0 0.905978
465.1 0.905977
465.2 0.905975
465.3 0.905973
465.4 0.905972
465.5 0.905971
465.6 0.905969
465.7 0.905968
465.8 0.905966
465.9 0.905964
466.0 0.905963
466.1 0.905962
466.2 0.905960
466.3 0.905959
466.4 0.905958
466.5 0.905957
466.6 0.905955
466.7 0.905954
466.8 0.905953
466.9 0.905951
467.0 0.905950
467.1 0.905949
467.2 0.905947
467.3 0.905946
467.4 0.905945
467.5 0.905944
467.6 0.905942
467.7 0.905941
467.8 0.905940
467.9 0.905938
468.0 0.905937
468.1 0.905936
468.2 0.905935
468.3 0.905934
468.4 0.905933
468.5 0.905932
468.6 0.905930
468.7 0.905929
468.8 0.905928
468.9 0.905927
469.0 0.905926
469.1 0.905925
469.2 0.905924
469.3 0.905923
469.4 0.905922
469.5 0.905921
469.6 0.905920
469.7 0.905919
469.8 0.905918
469.9 0.905917
470.0 0.905916
470.1 0.905915
470.2 0.905914
470.3 0.905913
470.4 0.905912
470.5 0.905911
470.6 0.905911
470.7 0.905910
470.8 0.905909
470.9 0.905908
471.0 0.905907
471.1 0.905906
471.2 0.905905
471.3 0.905905
471.4 0.905904
471.5 0.905903
471.6 0.905902
471.7 0.905901
471.8 0.905901
471.9 0.905900
472.0 0.905899
472.1 0.905898
472.2 0.905898
472.3 0.905897
472.4 0.905897
472.5 0.905896
472.6 0.905895
472.7 0.905895
472.8 0.905894
472.9 0.905894
473.0 0.905893
473.1 0.905892
473.2 0.905892
473.3 0.905891
473.4 0.905891
473.5 0.905890
473.6 0.905889
473.7 0.905889
473.8 0.905888
473.9 0.905888
474.0 0.905887
474.1 0.905887
474.2 0.905886
474.3 0.905886
474.4 0.905885
474.5 0.905884
474.6 0.905884
474.7 0.905884
474.8 0.905883
474.9 0.905883
475.0 0.905882
475.1 0.905882
475.2 0.905881
475.3 0.905881
475.4 0.905881
475.5 0.905881
475.6 0.905880
475.7 0.905880
475.8 0.905880
475.9 0.905879
476.0 0.905879
476.1 0.905878
476.2 0.905878
476.3 0.905877
476.4 0.905877
476.5 0.905876
476.6 0.905875
476.7 0.905875
476.8 0.905874
476.9 0.905874
477.0 0.905873
477.1 0.905870
477.2 0.905867
477.3 0.905864
477.4 0.905861
477.5 0.905858
477.6 0.905855
477.7 0.905852
477.8 0.905849
477.9 0.905846
478.0 0.905843
478.1 0.905840
478.2 0.905837
478.3 0.905834
478.4 0.905831
478.5 0.905828
478.6 0.905826
478.7 0.905823
478.8 0.905820
478.9 0.905817
479.0 0.905814
479.1 0.905811
479.2 0.905808
479.3 0.905806
479.4 0.905803
479.5 0.905800
479.6 0.905797
479.7 0.905794
479.8 0.905792
479.9 0.905789
480.0 0.905786
480.1 0.905783
480.2 0.905781
480.3 0.905778
480.4 0.905775
480.5 0.905773
480.6 0.905770
480.7 0.905767
480.8 0.905764
480.9 0.905762
481.0 0.905759
481.1 0.905757
481.2 0.905754
481.3 0.905752
481.4 0.905749
481.5 0.905747
481.6 0.905744
481.7 0.905741
481.8 0.905739
481.9 0.905737
482.0 0.905734
482.1 0.905732
482.2 0.905729
482.3 0.905726
482.4 0.905724
482.5 0.905722
482.6 0.905719
482.7 0.905717
482.8 0.905714
482.9 0.905712
483.0 0.905709
483.1 0.905707
483.2 0.905704
483.3 0.905702
483.4 0.905700
483.5 0.905698
483.6 0.905695
483.7 0.905693
483.8 0.905691
483.9 0.905688
484.0 0.905686
484.1 0.905684
484.2 0.905682
484.3 0.905679
484.4 0.905677
484.5 0.905675
484.6 0.905673
484.7 0.905671
484.8 0.905668
484.9 0.905666
485.0 0.905664
485.1 0.905662
485.2 0.905660
485.3 0.905658
485.4 0.905656
485.5 0.905654
485.6 0.905651
485.7 0.905649
485.8 0.905647
485.9 0.905645
486.0 0.905643
486.1 0.905641
486.2 0.905639
486.3 0.905637
486.4 0.905635
486.5 0.905633
486.6 0.905631
486.7 0.905629
486.8 0.905627
486.9 0.905625
487.0 0.905623
487.1 0.905621
487.2 0.905619
487.3 0.905618
487.4 0.905616
487.5 0.905614
487.6 0.905612
487.7 0.905610
487.8 0.905609
487.9 0.905607
488.0 0.905605
488.1 0.905603
488.2 0.905601
488.3 0.905600
488.4 0.905598
488.5 0.905596
488.6 0.905594
488.7 0.905592
488.8 0.905591
488.9 0.905589
489.0 0.905587
489.1 0.905585
489.2 0.905584
489.3 0.905582
489.4 0.905580
489.5 0.905579
489.6 0.905577
489.7 0.905575
489.8 0.905573
489.9 0.905572
490.0 0.905570
490.1 0.905569
490.2 0.905567
490.3 0.905566
490.4 0.905564
490.5 0.905563
490.6 0.905561
490.7 0.905559
490.8 0.905558
490.9 0.905556
491.0 0.905555
491.1 0.905554
491.2 0.905552
491.3 0.905550
491.4 0.905549
491.5 0.905547
491.6 0.905546
491.7 0.905544
491.8 0.905543
491.9 0.905541
492.0 0.905540
492.1 0.905539
492.2 0.905537
492.3 0.905536
492.4 0.905535
492.5 0.905533
492.6 0.905532
492.7 0.905531
492.8 0.905530
492.9 0.905528
493.0 0.905527
493.1 0.905526
493.2 0.905524
493.3 0.905523
493.4 0.905522
493.5 0.905521
493.6 0.905519
493.7 0.905518
493.8 0.905517
493.9 0.905515
494.0 0.905514
494.1 0.905513
494.2 0.905512
494.3 0.905511
494.4 0.905510
494.5 0.905509
494.6 0.905507
494.7 0.905506
494.8 0.905505
494.9 0.905504
495.0 0.905503
495.1 0.905502
495.2 0.905501
495.3 0.905500
495.4 0.905499
495.5 0.905497
495.6 0.905496
495.7 0.905495
495.8 0.905494
495.9 0.905493
496.0 0.905492
496.1 0.905491
496.2 0.905490
496.3 0.905489
496.4 0.905488
496.5 0.905487
496.6 0.905486
496.7 0.905485
496.8 0.905484
496.9 0.905483
497.0 0.905482
497.1 0.905481
497.2 0.905480
497.3 0.905480
497.4 0.905479
497.5 0.905478
497.6 0.905477
497.7 0.905476
497.8 0.905476
497.9 0.905475
498.0 0.905474
498.1 0.905473
498.2 0.905472
498.3 0.905472
498.4 0.905471
498.5 0.905470
498.6 0.905469
498.7 0.905468
498.8 0.905468
498.9 0.905467
499.0 0.905466
499.1 0.905465
499.2 0.905465
499.3 0.905464
499.4 0.905463
499.5 0.905463
499.6 0.905462
499.7 0.905461
499.8 0.905460
499.9 0.905460
500.0 0.905459
500.1 0.905458
500.2 0.905458
500.3 0.905457
500.4 0.905457
500.5 0.905456
500.6 0.905455
500.7 0.905455
500.8 0.905454
500.9 0.905454
501.0 0.905453
501.1 0.905452
501.2 0.905452
501.3 0.905451
501.4 0.905451
501.5 0.905450
501.6 0.905450
501.7 0.905450
501.8 0.905449
501.9 0.905448
502.0 0.905448
502.1 0.905448
502.2 0.905447
502.3 0.905447
502.4 0.905446
502.5 0.905446
502.6 0.905446
502.7 0.905445
502.8 0.905445
502.9 0.905444
503.0 0.905444
503.1 0.905444
503.2 0.905443
503.3 0.905443
503.4 0.905443
503.5 0.905443
503.6 0.905442
503.7 0.905442
503.8 0.905442
503.9 0.905441
504.0 0.905441
504.1 0.905441
504.2 0.905440
504.3 0.905440
504.4 0.905440
504.5 0.905440
504.6 0.905439
504.7 0.905439
504.8 0.905439
504.9 0.905438
505.0 0.905438
505.1 0.905438
505.2 0.905438
505.3 0.905438
505.4 0.905438
505.5 0.905438
505.6 0.905437
505.7 0.905437
505.8 0.905437
505.9 0.905437
506.0 0.905437
506.1 0.905437
506.2 0.905437
506.3 0.905437
506.4 0.905437
506.5 0.905436
506.6 0.905436
506.7 0.905436
506.8 0.905436
506.9 0.905436
507.0 0.905436
507.1 0.905436
507.2 0.905436
507.3 0.905436
507.4 0.905436
507.5 0.905436
507.6 0.905436
507.7 0.905436
507.8 0.905436
507.9 0.905436
508.0 0.905436
508.1 0.905436
508.2 0.905436
508.3 0.905436
508.4 0.905436
508.5 0.905436
508.6 0.905437
508.7 0.905437
508.8 0.905437
508.9 0.905437
509.0 0.905437
509.1 0.905437
509.2 0.905437
509.3 0.905438
509.4 0.905438
509.5 0.905438
509.6 0.905438
509.7 0.905438
509.8 0.905439
509.9 0.905439
510.0 0.905439
510.1 0.905439
510.2 0.905439
510.3 0.905440
510.4 0.905440
510.5 0.905440
510.6 0.905440
510.7 0.905440
510.8 0.905441
510.9 0.905441
511.0 0.905441
511.1 0.905441
511.2 0.905442
511.3 0.905442
511.4 0.905442
511.5 0.905443
511.6 0.905443
511.7 0.905443
511.8 0.905443
511.9 0.905444
512.0 0.905444
512.1 0.905444
512.2 0.905445
512.3 0.905445
512.4 0.905446
512.5 0.905446
512.6 0.905446
512.7 0.905447
512.8 0.905447
512.9 0.905448
513.0 0.905448
513.1 0.905448
513.2 0.905449
513.3 0.905450
513.4 0.905450
513.5 0.905450
513.6 0.905451
513.7 0.905451
513.8 0.905452
513.9 0.905452
514.0 0.905453
514.1 0.905454
514.2 0.905454
514.3 0.905455
514.4 0.905455
514.5 0.905456
514.6 0.905457
514.7 0.905457
514.8 0.905458
514.9 0.905458
515.0 0.905459
515.1 0.905460
515.2 0.905460
515.3 0.905461
515.4 0.905461
515.5 0.905462
515.6 0.905463
515.7 0.905463
515.8 0.905464
515.9 0.905464
516.0 0.905465
516.1 0.905463
516.2 0.905462
516.3 0.905460
516.4 0.905458
516.5 0.905456
516.6 0.905455
516.7 0.905453
516.8 0.905451
516.9 0.905450
517.0 0.905448
517.1 0.905443
517.2 0.905437
517.3 0.905432
517.4 0.905427
517.5 0.905421
517.6 0.905416
517.7 0.905411
517.8 0.905406
517.9 0.905400
518.0 0.905395
518.1 0.905390
518.2 0.905385
518.3 0.905380
518.4 0.905375
518.5 0.905370
518.6 0.905364
518.7 0.905359
518.8 0.905354
518.9 0.905349
519.0 0.905344
519.1 0.905339
519.2 0.905334
519.3 0.905329
519.4 0.905324
519.5 0.905319
519.6 0.905313
519.7 0.905308
519.8 0.905303
519.9 0.905298
520.0 0.905293
520.1 0.905288
520.2 0.905283
520.3 0.905278
520.4 0.905273
520.5 0.905269
520.6 0.905264
520.7 0.905259
520.8 0.905254
520.9 0.905249
521.0 0.905244
521.1 0.905239
521.2 0.905234
521.3 0.905230
521.4 0.905225
521.5 0.905220
521.6 0.905215
521.7 0.905210
521.8 0.905206
521.9 0.905201
522.0 0.905196
522.1 0.905191
522.2 0.905187
522.3 0.905182
522.4 0.905177
522.5 0.905172
522.6 0.905168
522.7 0.905163
522.8 0.905158
522.9 0.905154
523.0 0.905149
523.1 0.905144
523.2 0.905140
523.3 0.905135
523.4 0.905131
523.5 0.905126
523.6 0.905121
523.7 0.905117
523.8 0.905112
523.9 0.905108
524.0 0.905103
524.1 0.905099
524.2 0.905094
524.3 0.905090
524.4 0.905085
524.5 0.905081
524.6 0.905077
524.7 0.905072
524.8 0.905068
524.9 0.905063
525.0 0.905059
525.1 0.905055
525.2 0.905050
525.3 0.905046
525.4 0.905041
525.5 0.905037
525.6 0.905033
525.7 0.905028
525.8 0.905024
525.9 0.905019
526.0 0.905015
526.1 0.905011
526.2 0.905007
526.3 0.905002
526.4 0.904998
526.5 0.904994
526.6 0.904990
526.7 0.904986
526.8 0.904981
526.9 0.904977
527.0 0.904973
527.1 0.904969
527.2 0.904965
527.3 0.904961
527.4 0.904957
527.5 0.904953
527.6 0.904948
527.7 0.904944
527.8 0.904940
527.9 0.904936
528.0 0.904932
528.1 0.904928
528.2 0.904924
528.3 0.904920
528.4 0.904916
528.5 0.904912
528.6 0.904908
528.7 0.904904
528.8 0.904900
528.9 0.904896
529.0 0.904892
529.1 0.904888
529.2 0.904884
529.3 0.904880
529.4 0.904876
529.5 0.904872
529.6 0.904869
529.7 0.904865
529.8 0.904861
529.9 0.904857
530.0 0.904853
530.1 0.904849
530.2 0.904845
530.3 0.904842
530.4 0.904838
530.5 0.904834
530.6 0.904830
530.7 0.904826
530.8 0.904823
530.9 0.904819
531.0 0.904815
531.1 0.904811
531.2 0.904808
531.3 0.904804
531.4 0.904800
531.5 0.904797
531.6 0.904793
531.7 0.904789
531.8 0.904785
531.9 0.904782
532.0 0.904778
532.1 0.904775
532.2 0.904771
532.3 0.904768
532.4 0.904764
532.5 0.904761
532.6 0.904757
532.7 0.904753
532.8 0.904750
532.9 0.904746
533.0 0.904743
533.1 0.904739
533.2 0.904736
533.3 0.904732
533.4 0.904729
533.5 0.904725
533.6 0.904722
533.7 0.904718
533.8 0.904715
533.9 0.904712
534.0 0.904708
534.1 0.904705
534.2 0.904701
534.3 0.904698
534.4 0.904694
534.5 0.904691
534.6 0.904688
534.7 0.904684
534.8 0.904681
534.9 0.904677
535.0 0.904674
535.1 0.904671
535.2 0.904667
535.3 0.904664
535.4 0.904661
535.5 0.904658
535.6 0.904654
535.7 0.904651
535.8 0.904648
535.9 0.904644
536.0 0.904641
536.1 0.904638
536.2 0.904635
536.3 0.904632
536.4 0.904629
536.5 0.904626
536.6 0.904622
536.7 0.904619
536.8 0.904616
536.9 0.904613
537.0 0.904610
537.1 0.904607
537.2 0.904604
537.3 0.904601
537.4 0.904598
537.5 0.904594
537.6 0.904591
537.7 0.904588
537.8 0.904585
537.9 0.904582
538.0 0.904579
538.1 0.904576
538.2 0.904573
538.3 0.904570
538.4 0.904567
538.5 0.904564
538.6 0.904562
538.7 0.904559
538.8 0.904556
538.9 0.904553
539.0 0.904550
539.1 0.904547
539.2 0.904544
539.3 0.904541
539.4 0.904538
539.5 0.904535
539.6 0.904533
539.7 0.904530
539.8 0.904527
539.9 0.904524
540.0 0.904521
540.1 0.904518
540.2 0.904515
540.3 0.904513
540.4 0.904510
540.5 0.904507
540.6 0.904504
540.7 0.904501
540.8 0.904499
540.9 0.904496
541.0 0.904493
541.1 0.904490
541.2 0.904488
541.3 0.904485
541.4 0.904482
541.5 0.904480
541.6 0.904477
541.7 0.904474
541.8 0.904471
541.9 0.904469
542.0 0.904466
542.1 0.904463
542.2 0.904461
542.3 0.904458
542.4 0.904456
542.5 0.904453
542.6 0.904450
542.7 0.904448
542.8 0.904445
542.9 0.904443
543.0 0.904440
543.1 0.904438
543.2 0.904435
543.3 0.904432
543.4 0.904430
543.5 0.904428
543.6 0.904425
543.7 0.904423
543.8 0.904420
543.9 0.904417
544.0 0.904415
544.1 0.904413
544.2 0.904410
544.3 0.904408
544.4 0.904405
544.5 0.904403
544.6 0.904401
544.7 0.904398
544.8 0.904396
544.9 0.904393
545.0 0.904391
545.1 0.904389
545.2 0.904386
545.3 0.904384
545.4 0.904382
545.5 0.904380
545.6 0.904377
545.7 0.904375
545.8 0.904373
545.9 0.904370
546.0 0.904368
546.1 0.904366
546.2 0.904363
546.3 0.904361
546.4 0.904359
546.5 0.904357
546.6 0.904354
546.7 0.904352
546.8 0.904350
546.9 0.904347
547.0 0.904345
547.1 0.904343
547.2 0.904341
547.3 0.904339
547.4 0.904337
547.5 0.904335
547.6 0.904332
547.7 0.904330
547.8 0.904328
547.9 0.904326
548.0 0.904324
548.1 0.904322
548.2 0.904320
548.3 0.904318
548.4 0.904316
548.5 0.904313
548.6 0.904311
548.7 0.904309
548.8 0.904307
548.9 0.904305
549.0 0.904303
549.1 0.904301
549.2 0.904299
549.3 0.904297
549.4 0.904295
549.5 0.904294
549.6 0.904292
549.7 0.904290
549.8 0.904288
549.9 0.904286
550.0 0.904284
550.1 0.904282
550.2 0.904280
550.3 0.904278
550.4 0.904276
550.5 0.904275
550.6 0.904273
550.7 0.904271
550.8 0.904269
550.9 0.904267
551.0 0.904265
551.1 0.904263
551.2 0.904261
551.3 0.904260
551.4 0.904258
551.5 0.904256
551.6 0.904254
551.7 0.904252
551.8 0.904251
551.9 0.904249
552.0 0.904247
552.1 0.904245
552.2 0.904244
552.3 0.904242
552.4 0.904240
552.5 0.904239
552.6 0.904237
552.7 0.904235
552.8 0.904233
552.9 0.904232
553.0 0.904230
553.1 0.904228
553.2 0.904227
553.3 0.904225
553.4 0.904223
553.5 0.904222
553.6 0.904220
553.7 0.904218
553.8 0.904216
553.9 0.904215
554.0 0.904213
554.1 0.904212
554.2 0.904210
554.3 0.904208
554.4 0.904207
554.5 0.904205
554.6 0.904204
554.7 0.904203
554.8 0.904201
554.9 0.904199
555.0 0.904198
555.1 0.904196
555.2 0.904195
555.3 0.904194
555.4 0.904192
555.5 0.904191
555.6 0.904189
555.7 0.904188
555.8 0.904186
555.9 0.904185
556.0 0.904183
556.1 0.904182
556.2 0.904180
556.3 0.904179
556.4 0.904177
556.5 0.904176
556.6 0.904175
556.7 0.904173
556.8 0.904172
556.9 0.904170
557.0 0.904169
557.1 0.904168
557.2 0.904166
557.3 0.904165
557.4 0.904164
557.5 0.904162
557.6 0.904161
557.7 0.904160
557.8 0.904159
557.9 0.904157
558.0 0.904156
558.1 0.904155
558.2 0.904154
558.3 0.904152
558.4 0.904151
558.5 0.904150
558.6 0.904149
558.7 0.904148
558.8 0.904146
558.9 0.904145
559.0 0.904144
559.1 0.904143
559.2 0.904142
559.3 0.904140
559.4 0.904139
559.5 0.904138
559.6 0.904137
559.7 0.904136
559.8 0.904134
559.9 0.904133
560.0 0.904132
560.1 0.904131
560.2 0.904130
560.3 0.904129
560.4 0.904128
560.5 0.904127
560.6 0.904125
560.7 0.904124
560.8 0.904123
560.9 0.904122
561.0 0.904121
561.1 0.904120
561.2 0.904119
561.3 0.904118
561.4 0.904117
561.5 0.904116
561.6 0.904115
561.7 0.904114
561.8 0.904113
561.9 0.904112
562.0 0.904111
562.1 0.904110
562.2 0.904109
562.3 0.904108
562.4 0.904107
562.5 0.904107
562.6 0.904106
562.7 0.904105
562.8 0.904104
562.9 0.904103
563.0 0.904102
563.1 0.904097
563.2 0.904092
563.3 0.904088
563.4 0.904083
563.5 0.904078
563.6 0.904073
563.7 0.904068
563.8 0.904064
563.9 0.904059
564.0 0.904054
564.1 0.904044
564.2 0.904034
564.3 0.904025
564.4 0.904015
564.5 0.904005
564.6 0.903995
564.7 0.903985
564.8 0.903976
564.9 0.903966
565.0 0.903956
565.1 0.903946
565.2 0.903937
565.3 0.903927
565.4 0.903917
565.5 0.903908
565.6 0.903898
565.7 0.903888
565.8 0.903878
565.9 0.903869
566.0 0.903859
566.1 0.903850
566.2 0.903840
566.3 0.903831
566.4 0.903821
566.5 0.903811
566.6 0.903802
566.7 0.903792
566.8 0.903783
566.9 0.903774
567.0 0.903764
567.1 0.903755
567.2 0.903745
567.3 0.903736
567.4 0.903726
567.5 0.903717
567.6 0.903707
567.7 0.903698
567.8 0.903688
567.9 0.903678
568.0 0.903669
568.1 0.903660
568.2 0.903651
568.3 0.903641
568.4 0.903632
568.5 0.903623
568.6 0.903614
568.7 0.903605
568.8 0.903595
568.9 0.903586
569.0 0.903577
569.1 0.903568
569.2 0.903559
569.3 0.903549
569.4 0.903540
569.5 0.903531
569.6 0.903522
569.7 0.903513
569.8 0.903503
569.9 0.903494
570.0 0.903485
570.1 0.903476
570.2 0.903467
570.3 0.903458
570.4 0.903449
570.5 0.903440
570.6 0.903431
570.7 0.903422
570.8 0.903413
570.9 0.903404
571.0 0.903395
571.1 0.903386
571.2 0.903377
571.3 0.903368
571.4 0.903359
571.5 0.903351
571.6 0.903342
571.7 0.903333
571.8 0.903324
571.9 0.903315
572.0 0.903306
572.1 0.903297
572.2 0.903289
572.3 0.903280
572.4 0.903271
572.5 0.903262
572.6 0.903254
572.7 0.903245
572.8 0.903236
572.9 0.903228
573.0 0.903219
573.1 0.903210
573.2 0.903202
573.3 0.903193
573.4 0.903184
573.5 0.903175
573.6 0.903167
573.7 0.903158
573.8 0.903149
573.9 0.903141
574.0 0.903132
574.1 0.903123
574.2 0.903115
574.3 0.903107
574.4 0.903098
574.5 0.903089
574.6 0.903081
574.7 0.903072
574.8 0.903064
574.9 0.903055
575.0 0.903047
575.1 0.903039
575.2 0.903030
575.3 0.903022
575.4 0.903013
575.5 0.903005
575.6 0.902997
575.7 0.902988
575.8 0.902980
575.9 0.902971
576.0 0.902963
576.1 0.902955
576.2 0.902947
576.3 0.902938
576.4 0.902930
576.5 0.902922
576.6 0.902914
576.7 0.902906
576.8 0.902897
576.9 0.902889
577.0 0.902881
577.1 0.902873
577.2 0.902865
577.3 0.902857
577.4 0.902849
577.5 0.902841
577.6 0.902832
577.7 0.902824
577.8 0.902816
577.9 0.902808
578.0 0.902800
578.1 0.902792
578.2 0.902784
578.3 0.902776
578.4 0.902768
578.5 0.902760
578.6 0.902752
578.7 0.902744
578.8 0.902736
578.9 0.902728
579.0 0.902720
579.1 0.902712
579.2 0.902704
579.3 0.902696
579.4 0.902688
579.5 0.902680
579.6 0.902673
579.7 0.902665
579.8 0.902657
579.9 0.902649
580.0 0.902641
580.1 0.902633
580.2 0.902625
580.3 0.902618
580.4 0.902610
580.5 0.902602
580.6 0.902594
580.7 0.902586
580.8 0.902579
580.9 0.902571
581.0 0.902563
581.1 0.902555
581.2 0.902548
581.3 0.902540
581.4 0.902532
581.5 0.902524
581.6 0.902517
581.7 0.902509
581.8 0.902501
581.9 0.902494
582.0 0.902486
582.1 0.902479
582.2 0.902471
582.3 0.902464
582.4 0.902456
582.5 0.902448
582.6 0.902441
582.7 0.902433
582.8 0.902426
582.9 0.902419
583.0 0.902411
583.1 0.902404
583.2 0.902396
583.3 0.902389
583.4 0.902381
583.5 0.902374
583.6 0.902367
583.7 0.902359
583.8 0.902352
583.9 0.902344
584.0 0.902337
584.1 0.902330
584.2 0.902322
584.3 0.902315
584.4 0.902308
584.5 0.902300
584.6 0.902293
584.7 0.902286
584.8 0.902279
584.9 0.902271
585.0 0.902264
585.1 0.902257
585.2 0.902250
585.3 0.902242
585.4 0.902235
585.5 0.902228
585.6 0.902221
585.7 0.902214
585.8 0.902206
585.9 0.902199
586.0 0.902192
586.1 0.902185
586.2 0.902178
586.3 0.902171
586.4 0.902164
586.5 0.902157
586.6 0.902149
586.7 0.902142
586.8 0.902135
586.9 0.902128
587.0 0.902121
587.1 0.902114
587.2 0.902107
587.3 0.902100
587.4 0.902093
587.5 0.902086
587.6 0.902079
587.7 0.902072
587.8 0.902065
587.9 0.902058
588.0 0.902051
588.1 0.902044
588.2 0.902037
588.3 0.902031
588.4 0.902024
588.5 0.902017
588.6 0.902010
588.7 0.902003
588.8 0.901997
588.9 0.901990
589.0 0.901983
589.1 0.901976
589.2 0.901969
589.3 0.901963
589.4 0.901956
589.5 0.901949
589.6 0.901942
589.7 0.901935
589.8 0.901929
589.9 0.901922
590.0 0.901915
590.1 0.901908
590.2 0.901902
590.3 0.901895
590.4 0.901889
590.5 0.901882
590.6 0.901875
590.7 0.901869
590.8 0.901862
590.9 0.901856
591.0 0.901849
591.1 0.901843
591.2 0.901836
591.3 0.901829
591.4 0.901823
591.5 0.901817
591.6 0.901810
591.7 0.901803
591.8 0.901797
591.9 0.901791
592.0 0.901784
592.1 0.901778
592.2 0.901771
592.3 0.901765
592.4 0.901758
592.5 0.901752
592.6 0.901745
592.7 0.901738
592.8 0.901732
592.9 0.901725
593.0 0.901719
593.1 0.901713
593.2 0.901706
593.3 0.901700
593.4 0.901694
593.5 0.901687
593.6 0.901681
593.7 0.901675
593.8 0.901669
593.9 0.901662
594.0 0.901656
594.1 0.901650
594.2 0.901644
594.3 0.901637
594.4 0.901631
594.5 0.901625
594.6 0.901619
594.7 0.901613
594.8 0.901606
594.9 0.901600
595.0 0.901594
595.1 0.901588
595.2 0.901582
595.3 0.901576
595.4 0.901570
595.5 0.901564
595.6 0.901557
595.7 0.901551
595.8 0.901545
595.9 0.901539
596.0 0.901533
596.1 0.901527
596.2 0.901521
596.3 0.901515
596.4 0.901509
596.5 0.901503
596.6 0.901497
596.7 0.901491
596.8 0.901485
596.9 0.901479
597.0 0.901473
597.1 0.901467
597.2 0.901461
597.3 0.901455
597.4 0.901449
597.5 0.901444
597.6 0.901438
597.7 0.901432
597.8 0.901426
597.9 0.901420
598.0 0.901414
598.1 0.901408
598.2 0.901402
598.3 0.901397
598.4 0.901391
598.5 0.901385
598.6 0.901379
598.7 0.901373
598.8 0.901368
598.9 0.901362
599.0 0.901356
599.1 0.901350
599.2 0.901344
599.3 0.901339
599.4 0.901333
599.5 0.901327
599.6 0.901321
599.7 0.901315
599.8 0.901310
599.9 0.901304
600.0 0.901298
600.1 0.901292
600.2 0.901287
600.3 0.901281
600.4 0.901276
600.5 0.901270
600.6 0.901264
600.7 0.901259
600.8 0.901253
600.9 0.901248
601.0 0.901242
601.1 0.901236
601.2 0.901231
601.3 0.901226
601.4 0.901220
601.5 0.901215
601.6 0.901209
601.7 0.901204
601.8 0.901198
601.9 0.901193
602.0 0.901187
602.1 0.901182
602.2 0.901176
602.3 0.901171
602.4 0.901165
602.5 0.901160
602.6 0.901155
602.7 0.901149
602.8 0.901144
602.9 0.901138
603.0 0.901133
603.1 0.901128
603.2 0.901122
603.3 0.901117
603.4 0.901112
603.5 0.901107
603.6 0.901101
603.7 0.901096
603.8 0.901091
603.9 0.901085
604.0 0.901080
604.1 0.901075
604.2 0.901069
604.3 0.901064
604.4 0.901059
604.5 0.901054
604.6 0.901048
604.7 0.901043
604.8 0.901038
604.9 0.901032
605.0 0.901027
605.1 0.901022
605.2 0.901017
605.3 0.901012
605.4 0.901007
605.5 0.901002
605.6 0.900996
605.7 0.900991
605.8 0.900986
605.9 0.900981
606.0 0.900976
606.1 0.900971
606.2 0.900966
606.3 0.900961
606.4 0.900956
606.5 0.900950
606.6 0.900945
606.7 0.900940
606.8 0.900935
606.9 0.900930
607.0 0.900925
607.1 0.900920
607.2 0.900915
607.3 0.900910
607.4 0.900905
607.5 0.900900
607.6 0.900896
607.7 0.900891
607.8 0.900886
607.9 0.900881
608.0 0.900876
608.1 0.900871
608.2 0.900866
608.3 0.900861
608.4 0.900856
608.5 0.900852
608.6 0.900847
608.7 0.900842
608.8 0.900837
608.9 0.900832
609.0 0.900827
609.1 0.900822
609.2 0.900817
609.3 0.900813
609.4 0.900808
609.5 0.900803
609.6 0.900798
609.7 0.900793
609.8 0.900789
609.9 0.900784
610.0 0.900779
610.1 0.900774
610.2 0.900770
610.3 0.900765
610.4 0.900761
610.5 0.900756
610.6 0.900751
610.7 0.900747
610.8 0.900742
610.9 0.900738
611.0 0.900733
611.1 0.900728
611.2 0.900724
611.3 0.900719
611.4 0.900715
611.5 0.900710
611.6 0.900705
611.7 0.900701
611.8 0.900696
611.9 0.900692
612.0 0.900687
612.1 0.900682
612.2 0.900678
612.3 0.900673
612.4 0.900669
612.5 0.900664
612.6 0.900659
612.7 0.900655
612.8 0.900650
612.9 0.900646
613.0 0.900641
613.1 0.900637
613.2 0.900632
613.3 0.900628
613.4 0.900623
613.5 0.900619
613.6 0.900615
613.7 0.900610
613.8 0.900606
613.9 0.900601
614.0 0.900597
614.1 0.900593
614.2 0.900588
614.3 0.900584
614.4 0.900580
614.5 0.900576
614.6 0.900571
614.7 0.900567
614.8 0.900563
614.9 0.900558
615.0 0.900554
615.1 0.900550
615.2 0.900545
615.3 0.900541
615.4 0.900537
615.5 0.900533
615.6 0.900528
615.7 0.900524
615.8 0.900520
615.9 0.900515
616.0 0.900511
616.1 0.900507
616.2 0.900503
616.3 0.900499
616.4 0.900495
616.5 0.900491
616.6 0.900486
616.7 0.900482
616.8 0.900478
616.9 0.900474
617.0 0.900470
617.1 0.900466
617.2 0.900462
617.3 0.900458
617.4 0.900454
617.5 0.900450
617.6 0.900445
617.7 0.900441
617.8 0.900437
617.9 0.900433
618.0 0.900429
618.1 0.900425
618.2 0.900421
618.3 0.900417
618.4 0.900413
618.5 0.900409
618.6 0.900405
618.7 0.900401
618.8 0.900397
618.9 0.900393
619.0 0.900389
619.1 0.900384
619.2 0.900380
619.3 0.900375
619.4 0.900371
619.5 0.900366
619.6 0.900361
619.7 0.900357
619.8 0.900352
619.9 0.900348
620.0 0.900343
620.1 0.900330
620.2 0.900316
620.3 0.900303
620.4 0.900289
620.5 0.900276
620.6 0.900262
620.7 0.900249
620.8 0.900235
620.9 0.900222
621.0 0.900208
621.1 0.900195
621.2 0.900181
621.3 0.900168
621.4 0.900155
621.5 0.900141
621.6 0.900128
621.7 0.900115
621.8 0.900102
621.9 0.900088
622.0 0.900075
622.1 0.900062
622.2 0.900049
622.3 0.900035
622.4 0.900022
622.5 0.900009
622.6 0.899996
622.7 0.899983
622.8 0.899969
622.9 0.899956
623.0 0.899943
623.1 0.899930
623.2 0.899917
623.3 0.899904
623.4 0.899891
623.5 0.899878
623.6 0.899865
623.7 0.899852
623.8 0.899839
623.9 0.899826
624.0 0.899813
624.1 0.899800
624.2 0.899787
624.3 0.899774
624.4 0.899761
624.5 0.899749
624.6 0.899736
624.7 0.899723
624.8 0.899710
624.9 0.899697
625.0 0.899684
625.1 0.899671
625.2 0.899658
625.3 0.899646
625.4 0.899633
625.5 0.899620
625.6 0.899607
625.7 0.899594
625.8 0.899582
625.9 0.899569
626.0 0.899556
626.1 0.899543
626.2 0.899531
626.3 0.899518
626.4 0.899506
626.5 0.899493
626.6 0.899480
626.7 0.899468
626.8 0.899455
626.9 0.899443
627.0 0.899430
627.1 0.899417
627.2 0.899405
627.3 0.899393
627.4 0.899380
627.5 0.899367
627.6 0.899355
627.7 0.899343
627.8 0.899330
627.9 0.899317
628.0 0.899305
628.1 0.899293
628.2 0.899280
628.3 0.899268
628.4 0.899255
628.5 0.899243
628.6 0.899231
628.7 0.899218
628.8 0.899206
628.9 0.899193
629.0 0.899181
629.1 0.899169
629.2 0.899157
629.3 0.899144
629.4 0.899132
629.5 0.899120
629.6 0.899108
629.7 0.899096
629.8 0.899083
629.9 0.899071
630.0 0.899059
630.1 0.899047
630.2 0.899035
630.3 0.899023
630.4 0.899011
630.5 0.898999
630.6 0.898986
630.7 0.898974
630.8 0.898962
630.9 0.898950
631.0 0.898938
631.1 0.898926
631.2 0.898914
631.3 0.898902
631.4 0.898890
631.5 0.898878
631.6 0.898866
631.7 0.898854
631.8 0.898842
631.9 0.898830
632.0 0.898818
632.1 0.898806
632.2 0.898794
632.3 0.898783
632.4 0.898771
632.5 0.898759
632.6 0.898747
632.7 0.898735
632.8 0.898724
632.9 0.898712
633.0 0.898700
633.1 0.898688
633.2 0.898677
633.3 0.898665
633.4 0.898653
633.5 0.898642
633.6 0.898630
633.7 0.898618
633.8 0.898606
633.9 0.898595
634.0 0.898583
634.1 0.898571
634.2 0.898560
634.3 0.898548
634.4 0.898537
634.5 0.898525
634.6 0.898513
634.7 0.898502
634.8 0.898490
634.9 0.898479
635.0 0.898467
635.1 0.898456
635.2 0.898444
635.3 0.898432
635.4 0.898421
635.5 0.898410
635.6 0.898398
635.7 0.898386
635.8 0.898375
635.9 0.898364
636.0 0.898352
636.1 0.898341
636.2 0.898329
636.3 0.898318
636.4 0.898307
636.5 0.898295
636.6 0.898284
636.7 0.898273
636.8 0.898262
636.9 0.898250
637.0 0.898239
637.1 0.898228
637.2 0.898217
637.3 0.898205
637.4 0.898194
637.5 0.898183
637.6 0.898172
637.7 0.898161
637.8 0.898149
637.9 0.898138
638.0 0.898127
638.1 0.898116
638.2 0.898105
638.3 0.898094
638.4 0.898083
638.5 0.898072
638.6 0.898060
638.7 0.898049
638.8 0.898038
638.9 0.898027
639.0 0.898016
639.1 0.898005
639.2 0.897994
639.3 0.897983
639.4 0.897972
639.5 0.897961
639.6 0.897950
639.7 0.897939
639.8 0.897928
639.9 0.897917
640.0 0.897906
640.1 0.897895
640.2 0.897884
640.3 0.897874
640.4 0.897863
640.5 0.897852
640.6 0.897841
640.7 0.897830
640.8 0.897820
640.9 0.897809
641.0 0.897798
641.1 0.897787
641.2 0.897777
641.3 0.897766
641.4 0.897755
641.5 0.897744
641.6 0.897734
641.7 0.897723
641.8 0.897712
641.9 0.897702
642.0 0.897691
642.1 0.897680
642.2 0.897670
642.3 0.897659
642.4 0.897649
642.5 0.897638
642.6 0.897627
642.7 0.897617
642.8 0.897606
642.9 0.897596
643.0 0.897585
643.1 0.897575
643.2 0.897564
643.3 0.897554
643.4 0.897543
643.5 0.897533
643.6 0.897522
643.7 0.897512
643.8 0.897501
643.9 0.897491
644.0 0.897480
644.1 0.897470
644.2 0.897459
644.3 0.897449
644.4 0.897438
644.5 0.897428
644.6 0.897418
644.7 0.897407
644.8 0.897397
644.9 0.897386
645.0 0.897376
645.1 0.897366
645.2 0.897355
645.3 0.897345
645.4 0.897335
645.5 0.897325
645.6 0.897314
645.7 0.897304
645.8 0.897294
645.9 0.897283
646.0 0.897273
646.1 0.897263
646.2 0.897253
646.3 0.897243
646.4 0.897233
646.5 0.897223
646.6 0.897212
646.7 0.897202
646.8 0.897192
646.9 0.897182
647.0 0.897172
647.1 0.897162
647.2 0.897152
647.3 0.897142
647.4 0.897132
647.5 0.897121
647.6 0.897111
647.7 0.897101
647.8 0.897091
647.9 0.897081
648.0 0.897071
648.1 0.897061
648.2 0.897051
648.3 0.897041
648.4 0.897031
648.5 0.897021
648.6 0.897012
648.7 0.897002
648.8 0.896992
648.9 0.896982
649.0 0.896972
649.1 0.896962
649.2 0.896952
649.3 0.896943
649.4 0.896933
649.5 0.896923
649.6 0.896913
649.7 0.896903
649.8 0.896894
649.9 0.896884
650.0 0.896874
650.1 0.896864
650.2 0.896855
650.3 0.896845
650.4 0.896835
650.5 0.896826
650.6 0.896816
650.7 0.896806
650.8 0.896796
650.9 0.896787
651.0 0.896777
651.1 0.896767
651.2 0.896758
651.3 0.896748
651.4 0.896739
651.5 0.896729
651.6 0.896719
651.7 0.896710
651.8 0.896700
651.9 0.896691
652.0 0.896681
652.1 0.896666
652.2 0.896652
652.3 0.896637
652.4 0.896622
652.5 0.896608
652.6 0.896593
652.7 0.896578
652.8 0.896563
652.9 0.896549
653.0 0.896534
653.1 0.896518
653.2 0.896501
653.3 0.896485
653.4 0.896468
653.5 0.896452
653.6 0.896436
653.7 0.896419
653.8 0.896403
653.9 0.896386
654.0 0.896370
654.1 0.896354
654.2 0.896337
654.3 0.896321
654.4 0.896305
654.5 0.896289
654.6 0.896272
654.7 0.896256
654.8 0.896240
654.9 0.896223
655.0 0.896207
655.1 0.896191
655.2 0.896175
655.3 0.896159
655.4 0.896143
655.5 0.896127
655.6 0.896110
655.7 0.896094
655.8 0.896078
655.9 0.896062
656.0 0.896046
656.1 0.896030
656.2 0.896014
656.3 0.895998
656.4 0.895982
656.5 0.895966
656.6 0.895950
656.7 0.895934
656.8 0.895918
656.9 0.895902
657.0 0.895886
657.1 0.895870
657.2 0.895854
657.3 0.895839
657.4 0.895823
657.5 0.895807
657.6 0.895791
657.7 0.895775
657.8 0.895760
657.9 0.895744
658.0 0.895728
658.1 0.895712
658.2 0.895697
658.3 0.895681
658.4 0.895665
658.5 0.895650
658.6 0.895634
658.7 0.895618
658.8 0.895602
658.9 0.895587
659.0 0.895571
659.1 0.895555
659.2 0.895540
659.3 0.895524
659.4 0.895509
659.5 0.895493
659.6 0.895477
659.7 0.895462
659.8 0.895446
659.9 0.895431
660.0 0.895415
660.1 0.895399
660.2 0.895384
660.3 0.895369
660.4 0.895353
660.5 0.895337
660.6 0.895322
660.7 0.895307
660.8 0.895291
660.9 0.895275
661.0 0.895260
661.1 0.895245
661.2 0.895229
661.3 0.895214
661.4 0.895199
661.5 0.895183
661.6 0.895168
661.7 0.895153
661.8 0.895138
661.9 0.895122
662.0 0.895107
662.1 0.895092
662.2 0.895077
662.3 0.895061
662.4 0.895046
662.5 0.895031
662.6 0.895016
662.7 0.895001
662.8 0.894985
662.9 0.894970
663.0 0.894955
663.1 0.894940
663.2 0.894925
663.3 0.894910
663.4 0.894895
663.5 0.894880
663.6 0.894864
663.7 0.894849
663.8 0.894834
663.9 0.894819
664.0 0.894804
664.1 0.894789
664.2 0.894774
664.3 0.894759
664.4 0.894744
664.5 0.894729
664.6 0.894715
664.7 0.894700
664.8 0.894685
664.9 0.894670
665.0 0.894655
665.1 0.894640
665.2 0.894625
665.3 0.894611
665.4 0.894596
665.5 0.894581
665.6 0.894566
665.7 0.894551
665.8 0.894537
665.9 0.894522
666.0 0.894507
666.1 0.894492
666.2 0.894478
666.3 0.894463
666.4 0.894448
666.5 0.894433
666.6 0.894419
666.7 0.894404
666.8 0.894389
666.9 0.894375
667.0 0.894360
667.1 0.894345
667.2 0.894331
667.3 0.894316
667.4 0.894302
667.5 0.894287
667.6 0.894272
667.7 0.894258
667.8 0.894243
667.9 0.894229
668.0 0.894214
668.1 0.894200
668.2 0.894185
668.3 0.894171
668.4 0.894156
668.5 0.894142
668.6 0.894128
668.7 0.894113
668.8 0.894099
668.9 0.894084
669.0 0.894070
669.1 0.894056
669.2 0.894041
669.3 0.894027
669.4 0.894012
669.5 0.893998
669.6 0.893984
669.7 0.893969
669.8 0.893955
669.9 0.893940
670.0 0.893926
670.1 0.893912
670.2 0.893898
670.3 0.893883
670.4 0.893869
670.5 0.893855
670.6 0.893841
670.7 0.893827
670.8 0.893812
670.9 0.893798
671.0 0.893784
671.1 0.893770
671.2 0.893756
671.3 0.893742
671.4 0.893728
671.5 0.893714
671.6 0.893700
671.7 0.893686
671.8 0.893672
671.9 0.893658
672.0 0.893644
672.1 0.893630
672.2 0.893616
672.3 0.893602
672.4 0.893588
672.5 0.893574
672.6 0.893560
672.7 0.893546
672.8 0.893532
672.9 0.893518
673.0 0.893504
673.1 0.893490
673.2 0.893476
673.3 0.893463
673.4 0.893449
673.5 0.893435
673.6 0.893421
673.7 0.893407
673.8 0.893394
673.9 0.893380
674.0 0.893366
674.1 0.893352
674.2 0.893339
674.3 0.893325
674.4 0.893311
674.5 0.893298
674.6 0.893284
674.7 0.893270
674.8 0.893256
674.9 0.893243
675.0 0.893229
675.1 0.893215
675.2 0.893202
675.3 0.893188
675.4 0.893175
675.5 0.893161
675.6 0.893147
675.7 0.893134
675.8 0.893120
675.9 0.893107
676.0 0.893093
676.1 0.893079
676.2 0.893066
676.3 0.893052
676.4 0.893039
676.5 0.893026
676.6 0.893012
676.7 0.892999
676.8 0.892985
676.9 0.892972
677.0 0.892958
677.1 0.892945
677.2 0.892931
677.3 0.892918
677.4 0.892904
677.5 0.892891
677.6 0.892878
677.7 0.892864
677.8 0.892851
677.9 0.892837
678.0 0.892824
678.1 0.892811
678.2 0.892798
678.3 0.892784
678.4 0.892771
678.5 0.892758
678.6 0.892745
678.7 0.892732
678.8 0.892718
678.9 0.892705
679.0 0.892692
679.1 0.892679
679.2 0.892666
679.3 0.892652
679.4 0.892639
679.5 0.892626
679.6 0.892613
679.7 0.892600
679.8 0.892586
679.9 0.892573
680.0 0.892560
680.1 0.892547
680.2 0.892534
680.3 0.892521
680.4 0.892508
680.5 0.892495
680.6 0.892482
680.7 0.892469
680.8 0.892456
680.9 0.892443
681.0 0.892430
681.1 0.892417
681.2 0.892404
681.3 0.892391
681.4 0.892378
681.5 0.892365
681.6 0.892353
681.7 0.892340
681.8 0.892327
681.9 0.892314
682.0 0.892301
682.1 0.892288
682.2 0.892275
682.3 0.892263
682.4 0.892250
682.5 0.892237
682.6 0.892224
682.7 0.892211
682.8 0.892199
682.9 0.892186
683.0 0.892173
683.1 0.892160
683.2 0.892148
683.3 0.892135
683.4 0.892122
683.5 0.892109
683.6 0.892097
683.7 0.892084
683.8 0.892071
683.9 0.892059
684.0 0.892046
684.1 0.892033
684.2 0.892021
684.3 0.892008
684.4 0.891996
684.5 0.891983
684.6 0.891970
684.7 0.891958
684.8 0.891945
684.9 0.891933
685.0 0.891920
685.1 0.891907
685.2 0.891895
685.3 0.891883
685.4 0.891870
685.5 0.891857
685.6 0.891845
685.7 0.891833
685.8 0.891820
685.9 0.891808
686.0 0.891795
686.1 0.891783
686.2 0.891770
686.3 0.891758
686.4 0.891746
686.5 0.891733
686.6 0.891721
686.7 0.891709
686.8 0.891697
686.9 0.891684
687.0 0.891672
687.1 0.891660
687.2 0.891647
687.3 0.891635
687.4 0.891623
687.5 0.891610
687.6 0.891598
687.7 0.891586
687.8 0.891574
687.9 0.891561
688.0 0.891549
688.1 0.891535
688.2 0.891521
688.3 0.891507
688.4 0.891493
688.5 0.891479
688.6 0.891466
688.7 0.891452
688.8 0.891438
688.9 0.891424
689.0 0.891410
689.1 0.891389
689.2 0.891367
689.3 0.891346
689.4 0.891324
689.5 0.891303
689.6 0.891282
689.7 0.891260
689.8 0.891239
689.9 0.891217
690.0 0.891196
690.1 0.891175
690.2 0.891153
690.3 0.891132
690.4 0.891111
690.5 0.891089
690.6 0.891068
690.7 0.891047
690.8 0.891026
690.9 0.891004
691.0 0.890983
691.1 0.890962
691.2 0.890941
691.3 0.890920
691.4 0.890899
691.5 0.890877
691.6 0.890856
691.7 0.890835
691.8 0.890814
691.9 0.890793
692.0 0.890772
692.1 0.890751
692.2 0.890730
692.3 0.890709
692.4 0.890688
692.5 0.890667
692.6 0.890646
692.7 0.890625
692.8 0.890604
692.9 0.890583
693.0 0.890562
693.1 0.890541
693.2 0.890520
693.3 0.890499
693.4 0.890478
693.5 0.890458
693.6 0.890437
693.7 0.890416
693.8 0.890395
693.9 0.890374
694.0 0.890353
694.1 0.890332
694.2 0.890312
694.3 0.890291
694.4 0.890270
694.5 0.890250
694.6 0.890229
694.7 0.890208
694.8 0.890187
694.9 0.890167
695.0 0.890146
695.1 0.890126
695.2 0.890105
695.3 0.890084
695.4 0.890064
695.5 0.890043
695.6 0.890023
695.7 0.890003
695.8 0.889982
695.9 0.889962
696.0 0.889941
696.1 0.889921
696.2 0.889900
696.3 0.889880
696.4 0.889859
696.5 0.889838
696.6 0.889818
696.7 0.889798
696.8 0.889777
696.9 0.889757
697.0 0.889736
697.1 0.889716
697.2 0.889695
697.3 0.889675
697.4 0.889655
697.5 0.889635
697.6 0.889614
697.7 0.889594
697.8 0.889574
697.9 0.889553
698.0 0.889533
698.1 0.889513
698.2 0.889493
698.3 0.889473
698.4 0.889453
698.5 0.889433
698.6 0.889412
698.7 0.889392
698.8 0.889372
698.9 0.889352
699.0 0.889332
699.1 0.889312
699.2 0.889292
699.3 0.889272
699.4 0.889252
699.5 0.889232
699.6 0.889212
699.7 0.889192
699.8 0.889172
699.9 0.889152
700.0 0.889132
700.1 0.889112
700.2 0.889092
700.3 0.889072
700.4 0.889052
700.5 0.889033
700.6 0.889013
700.7 0.888993
700.8 0.888973
700.9 0.888953
701.0 0.888933
701.1 0.888913
701.2 0.888893
701.3 0.888874
701.4 0.888854
701.5 0.888834
701.6 0.888814
701.7 0.888794
701.8 0.888775
701.9 0.888755
702.0 0.888735
702.1 0.888715
702.2 0.888696
702.3 0.888676
702.4 0.888657
702.5 0.888637
702.6 0.888617
702.7 0.888598
702.8 0.888578
702.9 0.888559
703.0 0.888539
703.1 0.888520
703.2 0.888500
703.3 0.888481
703.4 0.888461
703.5 0.888441
703.6 0.888422
703.7 0.888402
703.8 0.888383
703.9 0.888364
704.0 0.888344
704.1 0.888325
704.2 0.888305
704.3 0.888286
704.4 0.888266
704.5 0.888247
704.6 0.888228
704.7 0.888208
704.8 0.888189
704.9 0.888169
705.0 0.888150
705.1 0.888131
705.2 0.888112
705.3 0.888092
705.4 0.888073
705.5 0.888054
705.6 0.888035
705.7 0.888016
705.8 0.887996
705.9 0.887977
706.0 0.887958
706.1 0.887939
706.2 0.887920
706.3 0.887901
706.4 0.887882
706.5 0.887862
706.6 0.887843
706.7 0.887824
706.8 0.887805
706.9 0.887786
707.0 0.887767
707.1 0.887748
707.2 0.887729
707.3 0.887710
707.4 0.887691
707.5 0.887672
707.6 0.887653
707.7 0.887634
707.8 0.887615
707.9 0.887596
708.0 0.887577
708.1 0.887558
708.2 0.887539
708.3 0.887521
708.4 0.887502
708.5 0.887483
708.6 0.887464
708.7 0.887445
708.8 0.887427
708.9 0.887408
709.0 0.887389
709.1 0.887370
709.2 0.887352
709.3 0.887333
709.4 0.887314
709.5 0.887296
709.6 0.887277
709.7 0.887258
709.8 0.887239
709.9 0.887221
710.0 0.887202
710.1 0.887183
710.2 0.887165
710.3 0.887146
710.4 0.887128
710.5 0.887109
710.6 0.887090
710.7 0.887072
710.8 0.887053
710.9 0.887035
711.0 0.887016
711.1 0.886997
711.2 0.886979
711.3 0.886960
711.4 0.886942
711.5 0.886923
711.6 0.886905
711.7 0.886886
711.8 0.886868
711.9 0.886849
712.0 0.886831
712.1 0.886813
712.2 0.886794
712.3 0.886776
712.4 0.886758
712.5 0.886739
712.6 0.886721
712.7 0.886703
712.8 0.886685
712.9 0.886666
713.0 0.886648
713.1 0.886630
713.2 0.886612
713.3 0.886593
713.4 0.886575
713.5 0.886557
713.6 0.886539
713.7 0.886521
713.8 0.886502
713.9 0.886484
714.0 0.886466
714.1 0.886448
714.2 0.886430
714.3 0.886412
714.4 0.886394
714.5 0.886375
714.6 0.886357
714.7 0.886339
714.8 0.886321
714.9 0.886303
715.0 0.886285
715.1 0.886267
715.2 0.886249
715.3 0.886231
715.4 0.886213
715.5 0.886195
715.6 0.886177
715.7 0.886159
715.8 0.886141
715.9 0.886123
716.0 0.886105
716.1 0.886087
716.2 0.886069
716.3 0.886052
716.4 0.886034
716.5 0.886016
716.6 0.885998
716.7 0.885980
716.8 0.885963
716.9 0.885945
717.0 0.885927
717.1 0.885909
717.2 0.885892
717.3 0.885874
717.4 0.885856
717.5 0.885838
717.6 0.885821
717.7 0.885803
717.8 0.885785
717.9 0.885768
718.0 0.885750
718.1 0.885732
718.2 0.885715
718.3 0.885697
718.4 0.885680
718.5 0.885662
718.6 0.885644
718.7 0.885627
718.8 0.885609
718.9 0.885592
719.0 0.885574
719.1 0.885557
719.2 0.885539
719.3 0.885522
719.4 0.885504
719.5 0.885487
719.6 0.885469
719.7 0.885452
719.8 0.885434
719.9 0.885417
720.0 0.885399
720.1 0.885382
720.2 0.885364
720.3 0.885347
720.4 0.885329
720.5 0.885312
720.6 0.885295
720.7 0.885277
720.8 0.885260
720.9 0.885242
721.0 0.885225
721.1 0.885208
721.2 0.885191
721.3 0.885173
721.4 0.885156
721.5 0.885139
721.6 0.885122
721.7 0.885105
721.8 0.885087
721.9 0.885070
722.0 0.885053
722.1 0.885036
722.2 0.885019
722.3 0.885002
722.4 0.884985
722.5 0.884968
722.6 0.884950
722.7 0.884933
722.8 0.884916
722.9 0.884899
723.0 0.884882
723.1 0.884865
723.2 0.884848
723.3 0.884831
723.4 0.884814
723.5 0.884797
723.6 0.884780
723.7 0.884763
723.8 0.884746
723.9 0.884729
724.0 0.884712
724.1 0.884695
724.2 0.884678
724.3 0.884661
724.4 0.884644
724.5 0.884628
724.6 0.884611
724.7 0.884594
724.8 0.884577
724.9 0.884560
725.0 0.884543
725.1 0.884526
725.2 0.884509
725.3 0.884493
725.4 0.884476
725.5 0.884459
725.6 0.884442
725.7 0.884425
725.8 0.884409
725.9 0.884392
726.0 0.884375
726.1 0.884358
726.2 0.884342
726.3 0.884325
726.4 0.884308
726.5 0.884292
726.6 0.884275
726.7 0.884258
726.8 0.884241
726.9 0.884225
727.0 0.884208
727.1 0.884192
727.2 0.884175
727.3 0.884159
727.4 0.884142
727.5 0.884126
727.6 0.884109
727.7 0.884093
727.8 0.884076
727.9 0.884060
728.0 0.884043
728.1 0.884027
728.2 0.884010
728.3 0.883994
728.4 0.883977
728.5 0.883961
728.6 0.883945
728.7 0.883928
728.8 0.883912
728.9 0.883895
729.0 0.883879
729.1 0.883850
729.2 0.883821
729.3 0.883792
729.4 0.883763
729.5 0.883733
729.6 0.883704
729.7 0.883675
729.8 0.883646
729.9 0.883617
730.0 0.883588
730.1 0.883553
730.2 0.883518
730.3 0.883483
730.4 0.883448
730.5 0.883414
730.6 0.883379
730.7 0.883344
730.8 0.883309
730.9 0.883274
731.0 0.883239
731.1 0.883204
731.2 0.883169
731.3 0.883135
731.4 0.883100
731.5 0.883065
731.6 0.883030
731.7 0.882995
731.8 0.882961
731.9 0.882926
732.0 0.882891
732.1 0.882856
732.2 0.882822
732.3 0.882787
732.4 0.882753
732.5 0.882718
732.6 0.882683
732.7 0.882649
732.8 0.882614
732.9 0.882580
733.0 0.882545
733.1 0.882510
733.2 0.882476
733.3 0.882441
733.4 0.882407
733.5 0.882372
733.6 0.882338
733.7 0.882303
733.8 0.882269
733.9 0.882234
734.0 0.882200
734.1 0.882166
734.2 0.882131
734.3 0.882097
734.4 0.882063
734.5 0.882028
734.6 0.881994
734.7 0.881960
734.8 0.881926
734.9 0.881891
735.0 0.881857
735.1 0.881823
735.2 0.881789
735.3 0.881754
735.4 0.881720
735.5 0.881686
735.6 0.881652
735.7 0.881618
735.8 0.881583
735.9 0.881549
736.0 0.881515
736.1 0.881481
736.2 0.881447
736.3 0.881413
736.4 0.881379
736.5 0.881344
736.6 0.881310
736.7 0.881276
736.8 0.881242
736.9 0.881208
737.0 0.881174
737.1 0.881140
737.2 0.881106
737.3 0.881072
737.4 0.881038
737.5 0.881004
737.6 0.880970
737.7 0.880936
737.8 0.880902
737.9 0.880868
738.0 0.880834
738.1 0.880800
738.2 0.880767
738.3 0.880733
738.4 0.880699
738.5 0.880665
738.6 0.880632
738.7 0.880598
738.8 0.880564
738.9 0.880531
739.0 0.880497
739.1 0.880463
739.2 0.880430
739.3 0.880396
739.4 0.880362
739.5 0.880329
739.6 0.880295
739.7 0.880261
739.8 0.880227
739.9 0.880194
740.0 0.880160
740.1 0.880127
740.2 0.880093
740.3 0.880059
740.4 0.880026
740.5 0.879992
740.6 0.879959
740.7 0.879926
740.8 0.879892
740.9 0.879858
741.0 0.879825
741.1 0.879792
741.2 0.879758
741.3 0.879725
741.4 0.879691
741.5 0.879658
741.6 0.879625
741.7 0.879591
741.8 0.879558
741.9 0.879524
742.0 0.879491
742.1 0.879458
742.2 0.879425
742.3 0.879391
742.4 0.879358
742.5 0.879325
742.6 0.879292
742.7 0.879259
742.8 0.879225
742.9 0.879192
743.0 0.879159
743.1 0.879126
743.2 0.879093
743.3 0.879060
743.4 0.879027
743.5 0.878993
743.6 0.878960
743.7 0.878927
743.8 0.878894
743.9 0.878861
744.0 0.878828
744.1 0.878795
744.2 0.878762
744.3 0.878729
744.4 0.878696
744.5 0.878663
744.6 0.878630
744.7 0.878597
744.8 0.878564
744.9 0.878531
745.0 0.878498
745.1 0.878465
745.2 0.878432
745.3 0.878399
745.4 0.878366
745.5 0.878333
745.6 0.878301
745.7 0.878268
745.8 0.878235
745.9 0.878202
746.0 0.878169
746.1 0.878136
746.2 0.878104
746.3 0.878071
746.4 0.878038
746.5 0.878005
746.6 0.877973
746.7 0.877940
746.8 0.877907
746.9 0.877875
747.0 0.877842
747.1 0.877810
747.2 0.877777
747.3 0.877744
747.4 0.877712
747.5 0.877679
747.6 0.877647
747.7 0.877614
747.8 0.877582
747.9 0.877549
748.0 0.877517
748.1 0.877485
748.2 0.877452
748.3 0.877420
748.4 0.877387
748.5 0.877355
748.6 0.877323
748.7 0.877290
748.8 0.877258
748.9 0.877225
749.0 0.877193
749.1 0.877161
749.2 0.877128
749.3 0.877096
749.4 0.877064
749.5 0.877031
749.6 0.876999
749.7 0.876967
749.8 0.876935
749.9 0.876902
750.0 0.876870
750.1 0.876838
750.2 0.876806
750.3 0.876773
750.4 0.876741
750.5 0.876709
750.6 0.876677
750.7 0.876645
750.8 0.876612
750.9 0.876580
751.0 0.876548
751.1 0.876516
751.2 0.876484
751.3 0.876452
751.4 0.876420
751.5 0.876388
751.6 0.876356
751.7 0.876324
751.8 0.876292
751.9 0.876260
752.0 0.876228
752.1 0.876196
752.2 0.876164
752.3 0.876132
752.4 0.876100
752.5 0.876069
752.6 0.876037
752.7 0.876005
752.8 0.875973
752.9 0.875941
753.0 0.875909
753.1 0.875877
753.2 0.875845
753.3 0.875814
753.4 0.875782
753.5 0.875750
753.6 0.875718
753.7 0.875686
753.8 0.875655
753.9 0.875623
754.0 0.875591
754.1 0.875559
754.2 0.875528
754.3 0.875496
754.4 0.875465
754.5 0.875433
754.6 0.875401
754.7 0.875370
754.8 0.875338
754.9 0.875307
755.0 0.875275
755.1 0.875244
755.2 0.875212
755.3 0.875180
755.4 0.875149
755.5 0.875117
755.6 0.875086
755.7 0.875054
755.8 0.875023
755.9 0.874991
756.0 0.874960
756.1 0.874929
756.2 0.874897
756.3 0.874866
756.4 0.874835
756.5 0.874803
756.6 0.874772
756.7 0.874741
756.8 0.874710
756.9 0.874678
757.0 0.874647
757.1 0.874616
757.2 0.874584
757.3 0.874553
757.4 0.874522
757.5 0.874490
757.6 0.874459
757.7 0.874428
757.8 0.874397
757.9 0.874365
758.0 0.874334
758.1 0.874303
758.2 0.874272
758.3 0.874241
758.4 0.874210
758.5 0.874178
758.6 0.874147
758.7 0.874116
758.8 0.874085
758.9 0.874054
759.0 0.874023
759.1 0.873992
759.2 0.873961
759.3 0.873930
759.4 0.873899
759.5 0.873868
759.6 0.873838
759.7 0.873807
759.8 0.873776
759.9 0.873745
760.0 0.873714
760.1 0.873683
760.2 0.873652
760.3 0.873621
760.4 0.873590
760.5 0.873560
760.6 0.873529
760.7 0.873498
760.8 0.873467
760.9 0.873436
761.0 0.873405
761.1 0.873374
761.2 0.873344
761.3 0.873313
761.4 0.873282
761.5 0.873251
761.6 0.873221
761.7 0.873190
761.8 0.873159
761.9 0.873129
762.0 0.873098
762.1 0.873067
762.2 0.873037
762.3 0.873006
762.4 0.872976
762.5 0.872945
762.6 0.872914
762.7 0.872884
762.8 0.872853
762.9 0.872823
763.0 0.872792
763.1 0.872762
763.2 0.872731
763.3 0.872701
763.4 0.872670
763.5 0.872640
763.6 0.872610
763.7 0.872579
763.8 0.872549
763.9 0.872518
764.0 0.872488
764.1 0.872458
764.2 0.872427
764.3 0.872397
764.4 0.872367
764.5 0.872337
764.6 0.872306
764.7 0.872276
764.8 0.872246
764.9 0.872215
765.0 0.872185
765.1 0.872155
765.2 0.872125
765.3 0.872094
765.4 0.872064
765.5 0.872034
765.6 0.872004
765.7 0.871974
765.8 0.871943
765.9 0.871913
766.0 0.871883
766.1 0.871853
766.2 0.871823
766.3 0.871793
766.4 0.871763
766.5 0.871733
766.6 0.871702
766.7 0.871672
766.8 0.871642
766.9 0.871612
767.0 0.871582
767.1 0.871552
767.2 0.871522
767.3 0.871492
767.4 0.871462
767.5 0.871433
767.6 0.871403
767.7 0.871373
767.8 0.871343
767.9 0.871313
768.0 0.871283
768.1 0.871253
768.2 0.871223
768.3 0.871194
768.4 0.871164
768.5 0.871134
768.6 0.871104
768.7 0.871074
768.8 0.871045
768.9 0.871015
769.0 0.870985
769.1 0.870955
769.2 0.870926
769.3 0.870896
769.4 0.870866
769.5 0.870837
769.6 0.870807
769.7 0.870777
769.8 0.870747
769.9 0.870718
770.0 0.870688
770.1 0.870658
770.2 0.870629
770.3 0.870599
770.4 0.870570
770.5 0.870540
770.6 0.870510
770.7 0.870481
770.8 0.870451
770.9 0.870422
771.0 0.870392
771.1 0.870363
771.2 0.870333
771.3 0.870304
771.4 0.870274
771.5 0.870245
771.6 0.870216
771.7 0.870186
771.8 0.870157
771.9 0.870127
772.0 0.870098
772.1 0.870069
772.2 0.870039
772.3 0.870010
772.4 0.869981
772.5 0.869951
772.6 0.869922
772.7 0.869893
772.8 0.869864
772.9 0.869834
773.0 0.869805
773.1 0.869776
773.2 0.869747
773.3 0.869717
773.4 0.869688
773.5 0.869659
773.6 0.869630
773.7 0.869601
773.8 0.869571
773.9 0.869542
774.0 0.869513
774.1 0.869483
774.2 0.869453
774.3 0.869422
774.4 0.869392
774.5 0.869362
774.6 0.869332
774.7 0.869302
774.8 0.869271
774.9 0.869241
775.0 0.869211
775.1 0.869169
775.2 0.869128
775.3 0.869086
775.4 0.869044
775.5 0.869002
775.6 0.868961
775.7 0.868919
775.8 0.868877
775.9 0.868836
776.0 0.868794
776.1 0.868752
776.2 0.868710
776.3 0.868669
776.4 0.868627
776.5 0.868585
776.6 0.868543
776.7 0.868501
776.8 0.868460
776.9 0.868418
777.0 0.868376
777.1 0.868334
777.2 0.868293
777.3 0.868251
777.4 0.868209
777.5 0.868167
777.6 0.868126
777.7 0.868084
777.8 0.868042
777.9 0.868001
778.0 0.867959
778.1 0.867917
778.2 0.867875
778.3 0.867834
778.4 0.867792
778.5 0.867750
778.6 0.867708
778.7 0.867666
778.8 0.867625
778.9 0.867583
779.0 0.867541
779.1 0.867499
779.2 0.867458
779.3 0.867416
779.4 0.867374
779.5 0.867332
779.6 0.867291
779.7 0.867249
779.8 0.867207
779.9 0.867166
780.0 0.867124
780.1 0.867082
780.2 0.867040
780.3 0.866999
780.4 0.866957
780.5 0.866915
780.6 0.866873
780.7 0.866831
780.8 0.866790
780.9 0.866748
781.0 0.866706
781.1 0.866664
781.2 0.866622
781.3 0.866581
781.4 0.866539
781.5 0.866497
781.6 0.866455
781.7 0.866413
781.8 0.866372
781.9 0.866330
782.0 0.866288
782.1 0.866246
782.2 0.866205
782.3 0.866163
782.4 0.866121
782.5 0.866079
782.6 0.866038
782.7 0.865996
782.8 0.865954
782.9 0.865913
783.0 0.865871
783.1 0.865829
783.2 0.865787
783.3 0.865746
783.4 0.865704
783.5 0.865662
783.6 0.865620
783.7 0.865578
783.8 0.865537
783.9 0.865495
784.0 0.865453
784.1 0.865411
784.2 0.865370
784.3 0.865328
784.4 0.865286
784.5 0.865244
784.6 0.865203
784.7 0.865161
784.8 0.865119
784.9 0.865078
785.0 0.865036
785.1 0.864994
785.2 0.864952
785.3 0.864911
785.4 0.864869
785.5 0.864827
785.6 0.864785
785.7 0.864743
785.8 0.864702
785.9 0.864660
786.0 0.864618
786.1 0.864576
786.2 0.864534
786.3 0.864493
786.4 0.864451
786.5 0.864409
786.6 0.864367
786.7 0.864325
786.8 0.864284
786.9 0.864242
787.0 0.864200
787.1 0.864158
787.2 0.864117
787.3 0.864075
787.4 0.864033
787.5 0.863992
787.6 0.863950
787.7 0.863908
787.8 0.863866
787.9 0.863825
788.0 0.863783
788.1 0.863741
788.2 0.863699
788.3 0.863658
788.4 0.863616
788.5 0.863574
788.6 0.863532
788.7 0.863490
788.8 0.863449
788.9 0.863407
789.0 0.863365
789.1 0.863323
789.2 0.863282
789.3 0.863240
789.4 0.863198
789.5 0.863156
789.6 0.863115
789.7 0.863073
789.8 0.863031
789.9 0.862990
790.0 0.862948
790.1 0.862906
790.2 0.862864
790.3 0.862823
790.4 0.862781
790.5 0.862739
790.6 0.862697
790.7 0.862655
790.8 0.862614
790.9 0.862572
791.0 0.862530
791.1 0.862488
791.2 0.862447
791.3 0.862405
791.4 0.862363
791.5 0.862321
791.6 0.862280
791.7 0.862238
791.8 0.862196
791.9 0.862155
792.0 0.862113
792.1 0.862071
792.2 0.862029
792.3 0.861988
792.4 0.861946
792.5 0.861904
792.6 0.861862
792.7 0.861820
792.8 0.861779
792.9 0.861737
793.0 0.861695
793.1 0.861653
793.2 0.861612
793.3 0.861570
793.4 0.861528
793.5 0.861486
793.6 0.861445
793.7 0.861403
793.8 0.861361
793.9 0.861320
794.0 0.861278
794.1 0.861242
794.2 0.861206
794.3 0.861170
794.4 0.861134
794.5 0.861098
794.6 0.861062
794.7 0.861026
794.8 0.860990
794.9 0.860954
795.0 0.860918
795.1 0.860903
795.2 0.860887
795.3 0.860872
795.4 0.860856
795.5 0.860841
795.6 0.860825
795.7 0.860810
795.8 0.860794
795.9 0.860779
796.0 0.860763
796.1 0.860747
796.2 0.860732
796.3 0.860716
796.4 0.860701
796.5 0.860685
796.6 0.860669
796.7 0.860654
796.8 0.860638
796.9 0.860623
797.0 0.860607
797.1 0.860591
797.2 0.860576
797.3 0.860560
797.4 0.860545
797.5 0.860529
797.6 0.860513
797.7 0.860498
797.8 0.860482
797.9 0.860467
798.0 0.860451
798.1 0.860435
798.2 0.860420
798.3 0.860404
798.4 0.860388
798.5 0.860372
798.6 0.860357
798.7 0.860341
798.8 0.860325
798.9 0.860310
799.0 0.860294
799.1 0.860278
799.2 0.860263
799.3 0.860247
799.4 0.860231
799.5 0.860216
799.6 0.860200
799.7 0.860184
799.8 0.860168
799.9 0.860153
800.0 0.860137
800.1 0.860121
800.2 0.860106
800.3 0.860090
800.4 0.860074
800.5 0.860059
800.6 0.860043
800.7 0.860027
800.8 0.860011
800.9 0.859996
801.0 0.859980
801.1 0.859964
801.2 0.859949
801.3 0.859933
801.4 0.859917
801.5 0.859902
801.6 0.859886
801.7 0.859870
801.8 0.859854
801.9 0.859839
802.0 0.859823
802.1 0.859807
802.2 0.859791
802.3 0.859776
802.4 0.859760
802.5 0.859744
802.6 0.859728
802.7 0.859712
802.8 0.859697
802.9 0.859681
803.0 0.859665
803.1 0.859649
803.2 0.859633
803.3 0.859618
803.4 0.859602
803.5 0.859586
803.6 0.859570
803.7 0.859554
803.8 0.859539
803.9 0.859523
804.0 0.859507
804.1 0.859491
804.2 0.859475
804.3 0.859460
804.4 0.859444
804.5 0.859428
804.6 0.859412
804.7 0.859396
804.8 0.859381
804.9 0.859365
805.0 0.859349
805.1 0.859333
805.2 0.859317
805.3 0.859302
805.4 0.859286
805.5 0.859270
805.6 0.859254
805.7 0.859238
805.8 0.859223
805.9 0.859207
806.0 0.859191
806.1 0.859175
806.2 0.859159
806.3 0.859143
806.4 0.859127
806.5 0.859112
806.6 0.859096
806.7 0.859080
806.8 0.859064
806.9 0.859048
807.0 0.859032
807.1 0.859016
807.2 0.859000
807.3 0.858984
807.4 0.858968
807.5 0.858952
807.6 0.858936
807.7 0.858920
807.8 0.858904
807.9 0.858888
808.0 0.858872
808.1 0.858856
808.2 0.858840
808.3 0.858824
808.4 0.858808
808.5 0.858793
808.6 0.858777
808.7 0.858761
808.8 0.858745
808.9 0.858729
809.0 0.858713
809.1 0.858697
809.2 0.858681
809.3 0.858665
809.4 0.858649
809.5 0.858633
809.6 0.858617
809.7 0.858601
809.8 0.858585
809.9 0.858569
810.0 0.858553
810.1 0.858537
810.2 0.858521
810.3 0.858505
810.4 0.858489
810.5 0.858473
810.6 0.858457
810.7 0.858441
810.8 0.858425
810.9 0.858409
811.0 0.858393
811.1 0.858377
811.2 0.858361
811.3 0.858345
811.4 0.858329
811.5 0.858313
811.6 0.858297
811.7 0.858281
811.8 0.858265
811.9 0.858249
812.0 0.858233
812.1 0.858217
812.2 0.858201
812.3 0.858185
812.4 0.858169
812.5 0.858152
812.6 0.858136
812.7 0.858120
812.8 0.858104
812.9 0.858088
813.0 0.858072
813.1 0.858056
813.2 0.858040
813.3 0.858024
813.4 0.858008
813.5 0.857992
813.6 0.857975
813.7 0.857959
813.8 0.857943
813.9 0.857927
814.0 0.857911
814.1 0.857895
814.2 0.857879
814.3 0.857863
814.4 0.857847
814.5 0.857830
814.6 0.857814
814.7 0.857798
814.8 0.857782
814.9 0.857766
815.0 0.857750
815.1 0.857740
815.2 0.857731
815.3 0.857721
815.4 0.857711
815.5 0.857702
815.6 0.857692
815.7 0.857682
815.8 0.857672
815.9 0.857663
816.0 0.857653
816.1 0.857658
816.2 0.857663
816.3 0.857668
816.4 0.857673
816.5 0.857678
816.6 0.857682
816.7 0.857687
816.8 0.857692
816.9 0.857697
817.0 0.857702
817.1 0.857707
817.2 0.857712
817.3 0.857717
817.4 0.857722
817.5 0.857727
817.6 0.857731
817.7 0.857736
817.8 0.857741
817.9 0.857746
818.0 0.857751
818.1 0.857756
818.2 0.857761
818.3 0.857766
818.4 0.857771
818.5 0.857776
818.6 0.857780
818.7 0.857785
818.8 0.857790
818.9 0.857795
819.0 0.857800
819.1 0.857805
819.2 0.857810
819.3 0.857815
819.4 0.857820
819.5 0.857824
819.6 0.857829
819.7 0.857834
819.8 0.857839
819.9 0.857844
820.0 0.857849
820.1 0.857854
820.2 0.857859
820.3 0.857864
820.4 0.857869
820.5 0.857873
820.6 0.857878
820.7 0.857883
820.8 0.857888
820.9 0.857893
821.0 0.857898
821.1 0.857903
821.2 0.857908
821.3 0.857913
821.4 0.857918
821.5 0.857923
821.6 0.857927
821.7 0.857932
821.8 0.857937
821.9 0.857942
822.0 0.857947
822.1 0.857952
822.2 0.857957
822.3 0.857962
822.4 0.857967
822.5 0.857972
822.6 0.857977
822.7 0.857982
822.8 0.857987
822.9 0.857992
823.0 0.857997
823.1 0.858002
823.2 0.858007
823.3 0.858012
823.4 0.858017
823.5 0.858021
823.6 0.858026
823.7 0.858031
823.8 0.858036
823.9 0.858041
824.0 0.858046
824.1 0.858051
824.2 0.858056
824.3 0.858061
824.4 0.858066
824.5 0.858071
824.6 0.858076
824.7 0.858081
824.8 0.858086
824.9 0.858091
825.0 0.858096
825.1 0.858101
825.2 0.858106
825.3 0.858111
825.4 0.858116
825.5 0.858121
825.6 0.858125
825.7 0.858130
825.8 0.858135
825.9 0.858140
826.0 0.858145
826.1 0.858150
826.2 0.858155
826.3 0.858160
826.4 0.858165
826.5 0.858170
826.6 0.858175
826.7 0.858180
826.8 0.858185
826.9 0.858190
827.0 0.858195
827.1 0.858200
827.2 0.858205
827.3 0.858210
827.4 0.858215
827.5 0.858220
827.6 0.858225
827.7 0.858230
827.8 0.858235
827.9 0.858240
828.0 0.858245
828.1 0.858250
828.2 0.858255
828.3 0.858260
828.4 0.858265
828.5 0.858270
828.6 0.858275
828.7 0.858280
828.8 0.858285
828.9 0.858290
829.0 0.858295
829.1 0.858300
829.2 0.858305
829.3 0.858310
829.4 0.858315
829.5 0.858320
829.6 0.858325
829.7 0.858330
829.8 0.858335
829.9 0.858340
830.0 0.858345
830.1 0.858350
830.2 0.858355
830.3 0.858360
830.4 0.858365
830.5 0.858370
830.6 0.858375
830.7 0.858380
830.8 0.858385
830.9 0.858390
831.0 0.858395
831.1 0.858400
831.2 0.858405
831.3 0.858410
831.4 0.858415
831.5 0.858420
831.6 0.858425
831.7 0.858430
831.8 0.858435
831.9 0.858440
832.0 0.858445
832.1 0.858450
832.2 0.858455
832.3 0.858460
832.4 0.858465
832.5 0.858470
832.6 0.858476
832.7 0.858481
832.8 0.858486
832.9 0.858491
833.0 0.858496
833.1 0.858501
833.2 0.858506
833.3 0.858511
833.4 0.858516
833.5 0.858521
833.6 0.858526
833.7 0.858531
833.8 0.858536
833.9 0.858541
834.0 0.858546
834.1 0.858551
834.2 0.858556
834.3 0.858561
834.4 0.858566
834.5 0.858572
834.6 0.858577
834.7 0.858582
834.8 0.858587
834.9 0.858592
835.0 0.858597
835.1 0.858602
835.2 0.858607
835.3 0.858612
835.4 0.858617
835.5 0.858622
835.6 0.858627
835.7 0.858632
835.8 0.858637
835.9 0.858642
836.0 0.858647
836.1 0.858652
836.2 0.858657
836.3 0.858662
836.4 0.858667
836.5 0.858672
836.6 0.858678
836.7 0.858683
836.8 0.858688
836.9 0.858693
837.0 0.858698
837.1 0.858710
837.2 0.858722
837.3 0.858733
837.4 0.858745
837.5 0.858757
837.6 0.858769
837.7 0.858781
837.8 0.858792
837.9 0.858804
838.0 0.858816
838.1 0.858847
838.2 0.858877
838.3 0.858908
838.4 0.858939
838.5 0.858970
838.6 0.859000
838.7 0.859031
838.8 0.859062
838.9 0.859092
839.0 0.859123
839.1 0.859154
839.2 0.859185
839.3 0.859215
839.4 0.859246
839.5 0.859277
839.6 0.859308
839.7 0.859339
839.8 0.859369
839.9 0.859400
840.0 0.859431
840.1 0.859462
840.2 0.859493
840.3 0.859524
840.4 0.859555
840.5 0.859586
840.6 0.859616
840.7 0.859647
840.8 0.859678
840.9 0.859709
841.0 0.859740
841.1 0.859771
841.2 0.859802
841.3 0.859833
841.4 0.859864
841.5 0.859895
841.6 0.859926
841.7 0.859957
841.8 0.859988
841.9 0.860019
842.0 0.860050
842.1 0.860081
842.2 0.860112
842.3 0.860143
842.4 0.860174
842.5 0.860206
842.6 0.860237
842.7 0.860268
842.8 0.860299
842.9 0.860330
843.0 0.860361
843.1 0.860392
843.2 0.860423
843.3 0.860455
843.4 0.860486
843.5 0.860517
843.6 0.860548
843.7 0.860579
843.8 0.860611
843.9 0.860642
844.0 0.860673
844.1 0.860704
844.2 0.860736
844.3 0.860767
844.4 0.860798
844.5 0.860830
844.6 0.860861
844.7 0.860892
844.8 0.860923
844.9 0.860955
845.0 0.860986
845.1 0.861017
845.2 0.861049
845.3 0.861080
845.4 0.861111
845.5 0.861143
845.6 0.861174
845.7 0.861205
845.8 0.861236
845.9 0.861268
846.0 0.861299
846.1 0.861330
846.2 0.861362
846.3 0.861393
846.4 0.861425
846.5 0.861456
846.6 0.861487
846.7 0.861519
846.8 0.861550
846.9 0.861582
847.0 0.861613
847.1 0.861645
847.2 0.861676
847.3 0.861708
847.4 0.861739
847.5 0.861770
847.6 0.861802
847.7 0.861834
847.8 0.861865
847.9 0.861897
848.0 0.861928
848.1 0.861960
848.2 0.861991
848.3 0.862023
848.4 0.862054
848.5 0.862086
848.6 0.862118
848.7 0.862149
848.8 0.862181
848.9 0.862212
849.0 0.862244
849.1 0.862276
849.2 0.862307
849.3 0.862339
849.4 0.862371
849.5 0.862403
849.6 0.862434
849.7 0.862466
849.8 0.862498
849.9 0.862529
850.0 0.862561
850.1 0.862593
850.2 0.862625
850.3 0.862656
850.4 0.862688
850.5 0.862720
850.6 0.862752
850.7 0.862784
850.8 0.862815
850.9 0.862847
851.0 0.862879
851.1 0.862911
851.2 0.862943
851.3 0.862975
851.4 0.863007
851.5 0.863039
851.6 0.863070
851.7 0.863102
851.8 0.863134
851.9 0.863166
852.0 0.863198
852.1 0.863230
852.2 0.863262
852.3 0.863294
852.4 0.863326
852.5 0.863357
852.6 0.863389
852.7 0.863421
852.8 0.863453
852.9 0.863485
853.0 0.863517
853.1 0.863549
853.2 0.863581
853.3 0.863613
853.4 0.863645
853.5 0.863678
853.6 0.863710
853.7 0.863742
853.8 0.863774
853.9 0.863806
854.0 0.863838
854.1 0.863870
854.2 0.863902
854.3 0.863934
854.4 0.863966
854.5 0.863999
854.6 0.864031
854.7 0.864063
854.8 0.864095
854.9 0.864127
855.0 0.864159
855.1 0.864191
855.2 0.864223
855.3 0.864256
855.4 0.864288
855.5 0.864320
855.6 0.864352
855.7 0.864384
855.8 0.864417
855.9 0.864449
856.0 0.864481
856.1 0.864513
856.2 0.864546
856.3 0.864578
856.4 0.864610
856.5 0.864642
856.6 0.864675
856.7 0.864707
856.8 0.864739
856.9 0.864772
857.0 0.864804
857.1 0.864836
857.2 0.864869
857.3 0.864901
857.4 0.864934
857.5 0.864966
857.6 0.864998
857.7 0.865031
857.8 0.865063
857.9 0.865096
858.0 0.865128
858.1 0.865161
858.2 0.865193
858.3 0.865226
858.4 0.865258
858.5 0.865291
858.6 0.865323
858.7 0.865356
858.8 0.865388
858.9 0.865421
859.0 0.865453
859.1 0.865486
859.2 0.865518
859.3 0.865551
859.4 0.865583
859.5 0.865616
859.6 0.865648
859.7 0.865681
859.8 0.865713
859.9 0.865746
860.0 0.865778
860.1 0.865811
860.2 0.865843
860.3 0.865876
860.4 0.865909
860.5 0.865942
860.6 0.865974
860.7 0.866007
860.8 0.866040
860.9 0.866072
861.0 0.866105
861.1 0.866138
861.2 0.866170
861.3 0.866203
861.4 0.866236
861.5 0.866269
861.6 0.866301
861.7 0.866334
861.8 0.866367
861.9 0.866399
862.0 0.866432
862.1 0.866465
862.2 0.866498
862.3 0.866530
862.4 0.866563
862.5 0.866596
862.6 0.866629
862.7 0.866662
862.8 0.866694
862.9 0.866727
863.0 0.866760
863.1 0.866793
863.2 0.866826
863.3 0.866859
863.4 0.866892
863.5 0.866925
863.6 0.866957
863.7 0.866990
863.8 0.867023
863.9 0.867056
864.0 0.867089
864.1 0.867122
864.2 0.867155
864.3 0.867188
864.4 0.867221
864.5 0.867254
864.6 0.867287
864.7 0.867320
864.8 0.867353
864.9 0.867386
865.0 0.867419
865.1 0.867452
865.2 0.867485
865.3 0.867518
865.4 0.867551
865.5 0.867585
865.6 0.867618
865.7 0.867651
865.8 0.867684
865.9 0.867717
866.0 0.867750
866.1 0.867783
866.2 0.867816
866.3 0.867850
866.4 0.867883
866.5 0.867916
866.6 0.867949
866.7 0.867982
866.8 0.868016
866.9 0.868049
867.0 0.868082
867.1 0.868115
867.2 0.868149
867.3 0.868182
867.4 0.868215
867.5 0.868248
867.6 0.868282
867.7 0.868315
867.8 0.868348
867.9 0.868382
868.0 0.868415
868.1 0.868448
868.2 0.868482
868.3 0.868515
868.4 0.868548
868.5 0.868582
868.6 0.868615
868.7 0.868648
868.8 0.868681
868.9 0.868715
869.0 0.868748
869.1 0.868781
869.2 0.868815
869.3 0.868849
869.4 0.868882
869.5 0.868915
869.6 0.868949
869.7 0.868982
869.8 0.869016
869.9 0.869050
870.0 0.869083
870.1 0.869116
870.2 0.869150
870.3 0.869184
870.4 0.869217
870.5 0.869251
870.6 0.869284
870.7 0.869317
870.8 0.869351
870.9 0.869385
871.0 0.869418
871.1 0.869452
871.2 0.869485
871.3 0.869519
871.4 0.869552
871.5 0.869586
871.6 0.869620
871.7 0.869653
871.8 0.869687
871.9 0.869720
872.0 0.869754
872.1 0.869788
872.2 0.869821
872.3 0.869855
872.4 0.869889
872.5 0.869923
872.6 0.869956
872.7 0.869990
872.8 0.870024
872.9 0.870057
873.0 0.870091
873.1 0.870125
873.2 0.870159
873.3 0.870192
873.4 0.870226
873.5 0.870260
873.6 0.870294
873.7 0.870328
873.8 0.870361
873.9 0.870395
874.0 0.870429
874.1 0.870463
874.2 0.870497
874.3 0.870531
874.4 0.870565
874.5 0.870599
874.6 0.870632
874.7 0.870666
874.8 0.870700
874.9 0.870734
875.0 0.870768
875.1 0.870802
875.2 0.870836
875.3 0.870870
875.4 0.870904
875.5 0.870938
875.6 0.870972
875.7 0.871006
875.8 0.871040
875.9 0.871074
876.0 0.871108
876.1 0.871142
876.2 0.871176
876.3 0.871210
876.4 0.871244
876.5 0.871279
876.6 0.871313
876.7 0.871347
876.8 0.871381
876.9 0.871415
877.0 0.871449
877.1 0.871483
877.2 0.871517
877.3 0.871551
877.4 0.871585
877.5 0.871620
877.6 0.871654
877.7 0.871688
877.8 0.871722
877.9 0.871756
878.0 0.871790
878.1 0.871824
878.2 0.871859
878.3 0.871893
878.4 0.871927
878.5 0.871962
878.6 0.871996
878.7 0.872030
878.8 0.872064
878.9 0.872099
879.0 0.872133
879.1 0.872167
879.2 0.872202
879.3 0.872236
879.4 0.872270
879.5 0.872305
879.6 0.872339
879.7 0.872373
879.8 0.872407
879.9 0.872442
880.0 0.872476
880.1 0.872510
880.2 0.872545
880.3 0.872579
880.4 0.872614
880.5 0.872648
880.6 0.872682
880.7 0.872717
880.8 0.872751
880.9 0.872786
881.0 0.872820
881.1 0.872855
881.2 0.872889
881.3 0.872924
881.4 0.872958
881.5 0.872993
881.6 0.873028
881.7 0.873062
881.8 0.873097
881.9 0.873131
882.0 0.873166
882.1 0.873201
882.2 0.873235
882.3 0.873270
882.4 0.873304
882.5 0.873339
882.6 0.873374
882.7 0.873408
882.8 0.873443
882.9 0.873477
883.0 0.873512
883.1 0.873547
883.2 0.873581
883.3 0.873616
883.4 0.873651
883.5 0.873686
883.6 0.873720
883.7 0.873755
883.8 0.873790
883.9 0.873824
884.0 0.873859
884.1 0.873894
884.2 0.873929
884.3 0.873963
884.4 0.873998
884.5 0.874033
884.6 0.874068
884.7 0.874103
884.8 0.874137
884.9 0.874172
885.0 0.874207
885.1 0.874257
885.2 0.874306
885.3 0.874356
885.4 0.874405
885.5 0.874455
885.6 0.874504
885.7 0.874554
885.8 0.874603
885.9 0.874653
886.0 0.874702
886.1 0.874775
886.2 0.874847
886.3 0.874920
886.4 0.874992
886.5 0.875065
886.6 0.875137
886.7 0.875210
886.8 0.875282
886.9 0.875355
887.0 0.875427
887.1 0.875499
887.2 0.875572
887.3 0.875644
887.4 0.875717
887.5 0.875789
887.6 0.875861
887.7 0.875934
887.8 0.876006
887.9 0.876079
888.0 0.876151
888.1 0.876223
888.2 0.876296
888.3 0.876368
888.4 0.876441
888.5 0.876513
888.6 0.876585
888.7 0.876658
888.8 0.876730
888.9 0.876803
889.0 0.876875
889.1 0.876947
889.2 0.877020
889.3 0.877092
889.4 0.877165
889.5 0.877237
889.6 0.877309
889.7 0.877382
889.8 0.877454
889.9 0.877527
890.0 0.877599
890.1 0.877671
890.2 0.877744
890.3 0.877816
890.4 0.877889
890.5 0.877961
890.6 0.878033
890.7 0.878106
890.8 0.878178
890.9 0.878251
891.0 0.878323
891.1 0.878395
891.2 0.878468
891.3 0.878540
891.4 0.878612
891.5 0.878685
891.6 0.878757
891.7 0.878829
891.8 0.878901
891.9 0.878974
892.0 0.879046
892.1 0.879118
892.2 0.879191
892.3 0.879263
892.4 0.879335
892.5 0.879408
892.6 0.879480
892.7 0.879552
892.8 0.879624
892.9 0.879697
893.0 0.879769
893.1 0.879841
893.2 0.879913
893.3 0.879986
893.4 0.880058
893.5 0.880130
893.6 0.880202
893.7 0.880274
893.8 0.880347
893.9 0.880419
894.0 0.880491
894.1 0.880563
894.2 0.880635
894.3 0.880708
894.4 0.880780
894.5 0.880852
894.6 0.880924
894.7 0.880996
894.8 0.881069
894.9 0.881141
895.0 0.881213
895.1 0.881285
895.2 0.881357
895.3 0.881430
895.4 0.881502
895.5 0.881574
895.6 0.881646
895.7 0.881718
895.8 0.881791
895.9 0.881863
896.0 0.881935
896.1 0.882007
896.2 0.882079
896.3 0.882152
896.4 0.882224
896.5 0.882296
896.6 0.882368
896.7 0.882440
896.8 0.882513
896.9 0.882585
897.0 0.882657
897.1 0.882729
897.2 0.882801
897.3 0.882873
897.4 0.882945
897.5 0.883018
897.6 0.883090
897.7 0.883162
897.8 0.883234
897.9 0.883306
898.0 0.883378
898.1 0.883450
898.2 0.883522
898.3 0.883594
898.4 0.883666
898.5 0.883738
898.6 0.883810
898.7 0.883882
898.8 0.883954
898.9 0.884026
899.0 0.884098
899.1 0.884170
899.2 0.884242
899.3 0.884314
899.4 0.884386
899.5 0.884458
899.6 0.884530
899.7 0.884602
899.8 0.884674
899.9 0.884746
900.0 0.884818
900.1 0.884890
900.2 0.884962
900.3 0.885034
900.4 0.885106
900.5 0.885178
900.6 0.885250
900.7 0.885322
900.8 0.885394
900.9 0.885466
901.0 0.885538
901.1 0.885610
901.2 0.885682
901.3 0.885754
901.4 0.885826
901.5 0.885898
901.6 0.885969
901.7 0.886041
901.8 0.886113
901.9 0.886185
902.0 0.886257
902.1 0.886329
902.2 0.886401
902.3 0.886473
902.4 0.886545
902.5 0.886617
902.6 0.886688
902.7 0.886760
902.8 0.886832
902.9 0.886904
903.0 0.886976
903.1 0.887048
903.2 0.887120
903.3 0.887192
903.4 0.887264
903.5 0.887336
903.6 0.887407
903.7 0.887479
903.8 0.887551
903.9 0.887623
904.0 0.887695
904.1 0.887767
904.2 0.887838
904.3 0.887910
904.4 0.887982
904.5 0.888054
904.6 0.888125
904.7 0.888197
904.8 0.888269
904.9 0.888340
905.0 0.888412
905.1 0.888484
905.2 0.888556
905.3 0.888627
905.4 0.888699
905.5 0.888771
905.6 0.888843
905.7 0.888915
905.8 0.888986
905.9 0.889058
906.0 0.889130
906.1 0.889202
906.2 0.889273
906.3 0.889345
906.4 0.889417
906.5 0.889489
906.6 0.889560
906.7 0.889632
906.8 0.889704
906.9 0.889775
907.0 0.889847
907.1 0.889919
907.2 0.889990
907.3 0.890062
907.4 0.890133
907.5 0.890205
907.6 0.890277
907.7 0.890348
907.8 0.890420
907.9 0.890491
908.0 0.890563
908.1 0.890635
908.2 0.890706
908.3 0.890778
908.4 0.890849
908.5 0.890921
908.6 0.890993
908.7 0.891064
908.8 0.891136
908.9 0.891207
909.0 0.891279
909.1 0.891351
909.2 0.891422
909.3 0.891494
909.4 0.891565
909.5 0.891637
909.6 0.891709
909.7 0.891780
909.8 0.891852
909.9 0.891923
910.0 0.891995
910.1 0.892067
910.2 0.892138
910.3 0.892210
910.4 0.892281
910.5 0.892353
910.6 0.892424
910.7 0.892496
910.8 0.892567
910.9 0.892639
911.0 0.892710
911.1 0.892782
911.2 0.892855
911.3 0.892927
911.4 0.892999
911.5 0.893072
911.6 0.893144
911.7 0.893216
911.8 0.893288
911.9 0.893361
912.0 0.893433
912.1 0.893507
912.2 0.893580
912.3 0.893654
912.4 0.893728
912.5 0.893802
912.6 0.893875
912.7 0.893949
912.8 0.894023
912.9 0.894096
913.0 0.894170
913.1 0.894244
913.2 0.894317
913.3 0.894391
913.4 0.894464
913.5 0.894538
913.6 0.894612
913.7 0.894685
913.8 0.894759
913.9 0.894832
914.0 0.894906
914.1 0.894979
914.2 0.895053
914.3 0.895126
914.4 0.895200
914.5 0.895273
914.6 0.895346
914.7 0.895420
914.8 0.895493
914.9 0.895567
915.0 0.895640
915.1 0.895713
915.2 0.895787
915.3 0.895860
915.4 0.895933
915.5 0.896007
915.6 0.896080
915.7 0.896153
915.8 0.896226
915.9 0.896300
916.0 0.896373
916.1 0.896446
916.2 0.896519
916.3 0.896592
916.4 0.896665
916.5 0.896739
916.6 0.896812
916.7 0.896885
916.8 0.896958
916.9 0.897031
917.0 0.897104
917.1 0.897177
917.2 0.897250
917.3 0.897323
917.4 0.897396
917.5 0.897469
917.6 0.897542
917.7 0.897615
917.8 0.897688
917.9 0.897761
918.0 0.897834
918.1 0.897907
918.2 0.897979
918.3 0.898052
918.4 0.898125
918.5 0.898198
918.6 0.898270
918.7 0.898343
918.8 0.898416
918.9 0.898488
919.0 0.898561
919.1 0.898634
919.2 0.898706
919.3 0.898779
919.4 0.898852
919.5 0.898925
919.6 0.898997
919.7 0.899070
919.8 0.899143
919.9 0.899215
920.0 0.899288
920.1 0.899360
920.2 0.899433
920.3 0.899505
920.4 0.899578
920.5 0.899650
920.6 0.899722
920.7 0.899795
920.8 0.899867
920.9 0.899940
921.0 0.900012
921.1 0.900084
921.2 0.900157
921.3 0.900229
921.4 0.900301
921.5 0.900374
921.6 0.900446
921.7 0.900518
921.8 0.900590
921.9 0.900663
922.0 0.900735
922.1 0.900807
922.2 0.900879
922.3 0.900951
922.4 0.901023
922.5 0.901096
922.6 0.901168
922.7 0.901240
922.8 0.901312
922.9 0.901384
923.0 0.901456
923.1 0.901528
923.2 0.901600
923.3 0.901672
923.4 0.901744
923.5 0.901816
923.6 0.901888
923.7 0.901960
923.8 0.902032
923.9 0.902104
924.0 0.902176
924.1 0.902248
924.2 0.902320
924.3 0.902391
924.4 0.902463
924.5 0.902535
924.6 0.902607
924.7 0.902679
924.8 0.902750
924.9 0.902822
925.0 0.902894
925.1 0.902966
925.2 0.903037
925.3 0.903109
925.4 0.903180
925.5 0.903252
925.6 0.903324
925.7 0.903395
925.8 0.903467
925.9 0.903538
926.0 0.903610
926.1 0.903682
926.2 0.903753
926.3 0.903825
926.4 0.903896
926.5 0.903968
926.6 0.904039
926.7 0.904111
926.8 0.904182
926.9 0.904254
927.0 0.904325
927.1 0.904396
927.2 0.904468
927.3 0.904539
927.4 0.904610
927.5 0.904682
927.6 0.904753
927.7 0.904824
927.8 0.904895
927.9 0.904967
928.0 0.905038
928.1 0.905109
928.2 0.905180
928.3 0.905252
928.4 0.905323
928.5 0.905394
928.6 0.905465
928.7 0.905536
928.8 0.905608
928.9 0.905679
929.0 0.905750
929.1 0.905821
929.2 0.905892
929.3 0.905963
929.4 0.906034
929.5 0.906105
929.6 0.906175
929.7 0.906246
929.8 0.906317
929.9 0.906388
930.0 0.906459
930.1 0.906530
930.2 0.906601
930.3 0.906671
930.4 0.906742
930.5 0.906813
930.6 0.906884
930.7 0.906955
930.8 0.907025
930.9 0.907096
931.0 0.907167
931.1 0.907238
931.2 0.907308
931.3 0.907379
931.4 0.907449
931.5 0.907520
931.6 0.907591
931.7 0.907661
931.8 0.907732
931.9 0.907802
932.0 0.907873
932.1 0.907944
932.2 0.908014
932.3 0.908085
932.4 0.908155
932.5 0.908226
932.6 0.908296
932.7 0.908367
932.8 0.908437
932.9 0.908508
933.0 0.908578
933.1 0.908648
933.2 0.908719
933.3 0.908789
933.4 0.908859
933.5 0.908930
933.6 0.909000
933.7 0.909070
933.8 0.909140
933.9 0.909211
934.0 0.909281
934.1 0.909351
934.2 0.909421
934.3 0.909491
934.4 0.909561
934.5 0.909632
934.6 0.909702
934.7 0.909772
934.8 0.909842
934.9 0.909912
935.0 0.909982
935.1 0.910052
935.2 0.910122
935.3 0.910192
935.4 0.910262
935.5 0.910332
935.6 0.910402
935.7 0.910472
935.8 0.910542
935.9 0.910612
936.0 0.910682
936.1 0.910752
936.2 0.910822
936.3 0.910891
936.4 0.910961
936.5 0.911031
936.6 0.911101
936.7 0.911171
936.8 0.911240
936.9 0.911310
937.0 0.911380
937.1 0.911450
937.2 0.911519
937.3 0.911589
937.4 0.911658
937.5 0.911728
937.6 0.911798
937.7 0.911867
937.8 0.911937
937.9 0.912006
938.0 0.912076
938.1 0.912145
938.2 0.912215
938.3 0.912284
938.4 0.912354
938.5 0.912423
938.6 0.912492
938.7 0.912562
938.8 0.912631
938.9 0.912701
939.0 0.912770
939.1 0.912833
939.2 0.912896
939.3 0.912958
939.4 0.913021
939.5 0.913084
939.6 0.913147
939.7 0.913210
939.8 0.913272
939.9 0.913335
940.0 0.913398
940.1 0.913458
940.2 0.913518
940.3 0.913578
940.4 0.913638
940.5 0.913698
940.6 0.913758
940.7 0.913818
940.8 0.913878
940.9 0.913938
941.0 0.913998
941.1 0.914058
941.2 0.914117
941.3 0.914177
941.4 0.914237
941.5 0.914297
941.6 0.914356
941.7 0.914416
941.8 0.914476
941.9 0.914535
942.0 0.914595
942.1 0.914654
942.2 0.914714
942.3 0.914773
942.4 0.914833
942.5 0.914892
942.6 0.914951
942.7 0.915011
942.8 0.915070
942.9 0.915130
943.0 0.915189
943.1 0.915248
943.2 0.915307
943.3 0.915366
943.4 0.915425
943.5 0.915485
943.6 0.915544
943.7 0.915603
943.8 0.915662
943.9 0.915721
944.0 0.915780
944.1 0.915839
944.2 0.915898
944.3 0.915956
944.4 0.916015
944.5 0.916074
944.6 0.916133
944.7 0.916192
944.8 0.916250
944.9 0.916309
945.0 0.916368
945.1 0.916427
945.2 0.916485
945.3 0.916544
945.4 0.916602
945.5 0.916661
945.6 0.916719
945.7 0.916778
945.8 0.916836
945.9 0.916895
946.0 0.916953
946.1 0.917011
946.2 0.917069
946.3 0.917128
946.4 0.917186
946.5 0.917244
946.6 0.917302
946.7 0.917360
946.8 0.917419
946.9 0.917477
947.0 0.917535
947.1 0.917593
947.2 0.917651
947.3 0.917709
947.4 0.917767
947.5 0.917825
947.6 0.917883
947.7 0.917941
947.8 0.917999
947.9 0.918057
948.0 0.918115
948.1 0.918173
948.2 0.918230
948.3 0.918288
948.4 0.918345
948.5 0.918403
948.6 0.918461
948.7 0.918518
948.8 0.918576
948.9 0.918633
949.0 0.918691
949.1 0.918748
949.2 0.918806
949.3 0.918863
949.4 0.918921
949.5 0.918978
949.6 0.919035
949.7 0.919093
949.8 0.919150
949.9 0.919208
950.0 0.919265
950.1 0.919322
950.2 0.919379
950.3 0.919436
950.4 0.919493
950.5 0.919550
950.6 0.919607
950.7 0.919664
950.8 0.919721
950.9 0.919778
951.0 0.919835
951.1 0.919892
951.2 0.919949
951.3 0.920005
951.4 0.920062
951.5 0.920119
951.6 0.920176
951.7 0.920233
951.8 0.920289
951.9 0.920346
952.0 0.920403
952.1 0.920460
952.2 0.920516
952.3 0.920573
952.4 0.920629
952.5 0.920686
952.6 0.920742
952.7 0.920799
952.8 0.920855
952.9 0.920912
953.0 0.920968
953.1 0.921024
953.2 0.921080
953.3 0.921137
953.4 0.921193
953.5 0.921249
953.6 0.921305
953.7 0.921361
953.8 0.921418
953.9 0.921474
954.0 0.921530
954.1 0.921586
954.2 0.921642
954.3 0.921698
954.4 0.921754
954.5 0.921810
954.6 0.921866
954.7 0.921922
954.8 0.921978
954.9 0.922034
955.0 0.922090
955.1 0.922146
955.2 0.922201
955.3 0.922257
955.4 0.922313
955.5 0.922369
955.6 0.922424
955.7 0.922480
955.8 0.922536
955.9 0.922591
956.0 0.922647
956.1 0.922702
956.2 0.922758
956.3 0.922813
956.4 0.922868
956.5 0.922924
956.6 0.922979
956.7 0.923034
956.8 0.923089
956.9 0.923145
957.0 0.923200
957.1 0.923255
957.2 0.923310
957.3 0.923365
957.4 0.923420
957.5 0.923476
957.6 0.923531
957.7 0.923586
957.8 0.923641
957.9 0.923696
958.0 0.923751
958.1 0.923806
958.2 0.923861
958.3 0.923916
958.4 0.923971
958.5 0.924026
958.6 0.924080
958.7 0.924135
958.8 0.924190
958.9 0.924245
959.0 0.924300
959.1 0.924355
959.2 0.924409
959.3 0.924464
959.4 0.924518
959.5 0.924573
959.6 0.924627
959.7 0.924682
959.8 0.924736
959.9 0.924791
960.0 0.924845
960.1 0.924899
960.2 0.924954
960.3 0.925008
960.4 0.925062
960.5 0.925117
960.6 0.925171
960.7 0.925225
960.8 0.925279
960.9 0.925334
961.0 0.925388
961.1 0.925442
961.2 0.925496
961.3 0.925550
961.4 0.925604
961.5 0.925658
961.6 0.925712
961.7 0.925766
961.8 0.925820
961.9 0.925874
962.0 0.925928
962.1 0.925982
962.2 0.926036
962.3 0.926089
962.4 0.926143
962.5 0.926197
962.6 0.926251
962.7 0.926305
962.8 0.926358
962.9 0.926412
963.0 0.926466
963.1 0.926520
963.2 0.926573
963.3 0.926627
963.4 0.926680
963.5 0.926734
963.6 0.926787
963.7 0.926841
963.8 0.926894
963.9 0.926948
964.0 0.927001
964.1 0.927054
964.2 0.927107
964.3 0.927161
964.4 0.927214
964.5 0.927267
964.6 0.927320
964.7 0.927373
964.8 0.927427
964.9 0.927480
965.0 0.927533
965.1 0.927586
965.2 0.927639
965.3 0.927692
965.4 0.927745
965.5 0.927798
965.6 0.927850
965.7 0.927903
965.8 0.927956
965.9 0.928009
966.0 0.928062
966.1 0.928115
966.2 0.928167
966.3 0.928220
966.4 0.928273
966.5 0.928326
966.6 0.928378
966.7 0.928431
966.8 0.928484
966.9 0.928536
967.0 0.928589
967.1 0.928641
967.2 0.928694
967.3 0.928746
967.4 0.928799
967.5 0.928851
967.6 0.928903
967.7 0.928956
967.8 0.929008
967.9 0.929061
968.0 0.929113
968.1 0.929156
968.2 0.929199
968.3 0.929242
968.4 0.929285
968.5 0.929329
968.6 0.929372
968.7 0.929415
968.8 0.929458
968.9 0.929501
969.0 0.929544
969.1 0.929572
969.2 0.929599
969.3 0.929627
969.4 0.929654
969.5 0.929682
969.6 0.929709
969.7 0.929736
969.8 0.929764
969.9 0.929791
970.0 0.929819
970.1 0.929846
970.2 0.929874
970.3 0.929901
970.4 0.929928
970.5 0.929956
970.6 0.929983
970.7 0.930010
970.8 0.930037
970.9 0.930065
971.0 0.930092
971.1 0.930119
971.2 0.930147
971.3 0.930174
971.4 0.930201
971.5 0.930229
971.6 0.930256
971.7 0.930283
971.8 0.930310
971.9 0.930338
972.0 0.930365
972.1 0.930392
972.2 0.930419
972.3 0.930446
972.4 0.930473
972.5 0.930501
972.6 0.930528
972.7 0.930555
972.8 0.930582
972.9 0.930609
973.0 0.930636
973.1 0.930663
973.2 0.930690
973.3 0.930717
973.4 0.930744
973.5 0.930771
973.6 0.930798
973.7 0.930825
973.8 0.930852
973.9 0.930879
974.0 0.930906
974.1 0.930933
974.2 0.930960
974.3 0.930987
974.4 0.931014
974.5 0.931041
974.6 0.931067
974.7 0.931094
974.8 0.931121
974.9 0.931148
975.0 0.931175
975.1 0.931202
975.2 0.931228
975.3 0.931255
975.4 0.931282
975.5 0.931309
975.6 0.931335
975.7 0.931362
975.8 0.931389
975.9 0.931415
976.0 0.931442
976.1 0.931469
976.2 0.931495
976.3 0.931522
976.4 0.931548
976.5 0.931575
976.6 0.931602
976.7 0.931628
976.8 0.931655
976.9 0.931681
977.0 0.931708
977.1 0.931735
977.2 0.931761
977.3 0.931788
977.4 0.931814
977.5 0.931841
977.6 0.931868
977.7 0.931894
977.8 0.931921
977.9 0.931947
978.0 0.931974
978.1 0.932000
978.2 0.932027
978.3 0.932053
978.4 0.932080
978.5 0.932106
978.6 0.932132
978.7 0.932159
978.8 0.932185
978.9 0.932212
979.0 0.932238
979.1 0.932264
979.2 0.932291
979.3 0.932317
979.4 0.932343
979.5 0.932370
979.6 0.932396
979.7 0.932422
979.8 0.932448
979.9 0.932475
980.0 0.932501
980.1 0.932527
980.2 0.932553
980.3 0.932579
980.4 0.932605
980.5 0.932632
980.6 0.932658
980.7 0.932684
980.8 0.932710
980.9 0.932736
981.0 0.932762
981.1 0.932788
981.2 0.932814
981.3 0.932840
981.4 0.932866
981.5 0.932893
981.6 0.932919
981.7 0.932945
981.8 0.932971
981.9 0.932997
982.0 0.933023
982.1 0.933049
982.2 0.933075
982.3 0.933101
982.4 0.933127
982.5 0.933153
982.6 0.933178
982.7 0.933204
982.8 0.933230
982.9 0.933256
983.0 0.933282
983.1 0.933308
983.2 0.933334
983.3 0.933359
983.4 0.933385
983.5 0.933411
983.6 0.933437
983.7 0.933463
983.8 0.933488
983.9 0.933514
984.0 0.933540
984.1 0.933566
984.2 0.933592
984.3 0.933617
984.4 0.933643
984.5 0.933669
984.6 0.933695
984.7 0.933721
984.8 0.933746
984.9 0.933772
985.0 0.933798
985.1 0.933824
985.2 0.933849
985.3 0.933875
985.4 0.933900
985.5 0.933926
985.6 0.933952
985.7 0.933977
985.8 0.934003
985.9 0.934028
986.0 0.934054
986.1 0.934079
986.2 0.934105
986.3 0.934130
986.4 0.934156
986.5 0.934181
986.6 0.934206
986.7 0.934232
986.8 0.934257
986.9 0.934283
987.0 0.934308
987.1 0.934333
987.2 0.934359
987.3 0.934384
987.4 0.934410
987.5 0.934435
987.6 0.934460
987.7 0.934486
987.8 0.934511
987.9 0.934537
988.0 0.934562
988.1 0.934587
988.2 0.934613
988.3 0.934638
988.4 0.934663
988.5 0.934689
988.6 0.934714
988.7 0.934739
988.8 0.934764
988.9 0.934790
989.0 0.934815
989.1 0.934840
989.2 0.934865
989.3 0.934890
989.4 0.934915
989.5 0.934941
989.6 0.934966
989.7 0.934991
989.8 0.935016
989.9 0.935041
990.0 0.935066
990.1 0.935091
990.2 0.935116
990.3 0.935141
990.4 0.935166
990.5 0.935192
990.6 0.935217
990.7 0.935242
990.8 0.935267
990.9 0.935292
991.0 0.935317
991.1 0.935342
991.2 0.935367
991.3 0.935392
991.4 0.935417
991.5 0.935442
991.6 0.935466
991.7 0.935491
991.8 0.935516
991.9 0.935541
992.0 0.935566
992.1 0.935591
992.2 0.935616
992.3 0.935641
992.4 0.935666
992.5 0.935691
992.6 0.935715
992.7 0.935740
992.8 0.935765
992.9 0.935790
993.0 0.935815
993.1 0.935840
993.2 0.935864
993.3 0.935889
993.4 0.935914
993.5 0.935939
993.6 0.935963
993.7 0.935988
993.8 0.936013
993.9 0.936037
994.0 0.936062
994.1 0.936087
994.2 0.936111
994.3 0.936136
994.4 0.936160
994.5 0.936185
994.6 0.936210
994.7 0.936234
994.8 0.936259
994.9 0.936283
995.0 0.936308
995.1 0.936333
995.2 0.936357
995.3 0.936381
995.4 0.936406
995.5 0.936430
995.6 0.936455
995.7 0.936480
995.8 0.936504
995.9 0.936528
996.0 0.936553
996.1 0.936577
996.2 0.936602
996.3 0.936626
996.4 0.936651
996.5 0.936675
996.6 0.936699
996.7 0.936724
996.8 0.936748
996.9 0.936773
997.0 0.936797
997.1 0.936821
997.2 0.936846
997.3 0.936870
997.4 0.936894
997.5 0.936918
997.6 0.936943
997.7 0.936967
997.8 0.936991
997.9 0.937016
998.0 0.937040
998.1 0.937064
998.2 0.937088
998.3 0.937113
998.4 0.937137
998.5 0.937161
998.6 0.937185
998.7 0.937209
998.8 0.937234
998.9 0.937258
999.0 0.937282
999.1 0.937306
999.2 0.937329
999.3 0.937353
999.4 0.937376
999.5 0.937400
999.6 0.937423
999.7 0.937447
999.8 0.937470
999.9 0.937494
1000.0 0.937517
1000.1 0.937537
1000.2 0.937556
1000.3 0.937576
1000.4 0.937595
1000.5 0.937615
1000.6 0.937635
1000.7 0.937654
1000.8 0.937674
1000.9 0.937693
1001.0 0.937713
1001.1 0.937732
1001.2 0.937752
1001.3 0.937772
1001.4 0.937791
1001.5 0.937811
1001.6 0.937830
1001.7 0.937850
1001.8 0.937869
1001.9 0.937889
1002.0 0.937908
1002.1 0.937928
1002.2 0.937947
1002.3 0.937967
1002.4 0.937986
1002.5 0.938006
1002.6 0.938025
1002.7 0.938044
1002.8 0.938064
1002.9 0.938084
1003.0 0.938103
1003.1 0.938122
1003.2 0.938142
1003.3 0.938161
1003.4 0.938180
1003.5 0.938200
1003.6 0.938219
1003.7 0.938238
1003.8 0.938257
1003.9 0.938277
1004.0 0.938296
1004.1 0.938315
1004.2 0.938335
1004.3 0.938354
1004.4 0.938373
1004.5 0.938392
1004.6 0.938412
1004.7 0.938431
1004.8 0.938450
1004.9 0.938470
1005.0 0.938489
1005.1 0.938508
1005.2 0.938528
1005.3 0.938547
1005.4 0.938566
1005.5 0.938586
1005.6 0.938605
1005.7 0.938624
1005.8 0.938643
1005.9 0.938663
1006.0 0.938682
1006.1 0.938701
1006.2 0.938720
1006.3 0.938739
1006.4 0.938758
1006.5 0.938778
1006.6 0.938797
1006.7 0.938816
1006.8 0.938835
1006.9 0.938854
1007.0 0.938873
1007.1 0.938892
1007.2 0.938911
1007.3 0.938930
1007.4 0.938949
1007.5 0.938969
1007.6 0.938988
1007.7 0.939007
1007.8 0.939026
1007.9 0.939045
1008.0 0.939064
1008.1 0.939083
1008.2 0.939102
1008.3 0.939121
1008.4 0.939140
1008.5 0.939159
1008.6 0.939178
1008.7 0.939197
1008.8 0.939216
1008.9 0.939235
1009.0 0.939254
1009.1 0.939273
1009.2 0.939292
1009.3 0.939311
1009.4 0.939330
1009.5 0.939349
1009.6 0.939367
1009.7 0.939386
1009.8 0.939405
1009.9 0.939424
1010.0 0.939443
1010.1 0.939462
1010.2 0.939481
1010.3 0.939500
1010.4 0.939519
1010.5 0.939538
1010.6 0.939556
1010.7 0.939575
1010.8 0.939594
1010.9 0.939613
1011.0 0.939632
1011.1 0.939651
1011.2 0.939670
1011.3 0.939688
1011.4 0.939707
1011.5 0.939726
1011.6 0.939745
1011.7 0.939764
1011.8 0.939782
1011.9 0.939801
1012.0 0.939820
1012.1 0.939839
1012.2 0.939857
1012.3 0.939876
1012.4 0.939895
1012.5 0.939913
1012.6 0.939932
1012.7 0.939951
1012.8 0.939970
1012.9 0.939988
1013.0 0.940007
1013.1 0.940026
1013.2 0.940044
1013.3 0.940063
1013.4 0.940082
1013.5 0.940101
1013.6 0.940119
1013.7 0.940138
1013.8 0.940157
1013.9 0.940175
1014.0 0.940194
1014.1 0.940213
1014.2 0.940231
1014.3 0.940250
1014.4 0.940268
1014.5 0.940287
1014.6 0.940306
1014.7 0.940324
1014.8 0.940343
1014.9 0.940361
1015.0 0.940380
1015.1 0.940399
1015.2 0.940417
1015.3 0.940435
1015.4 0.940454
1015.5 0.940473
1015.6 0.940491
1015.7 0.940510
1015.8 0.940528
1015.9 0.940547
1016.0 0.940565
1016.1 0.940583
1016.2 0.940602
1016.3 0.940620
1016.4 0.940639
1016.5 0.940657
1016.6 0.940675
1016.7 0.940694
1016.8 0.940712
1016.9 0.940731
1017.0 0.940749
1017.1 0.940767
1017.2 0.940786
1017.3 0.940804
1017.4 0.940823
1017.5 0.940841
1017.6 0.940859
1017.7 0.940878
1017.8 0.940896
1017.9 0.940915
1018.0 0.940933
1018.1 0.940951
1018.2 0.940970
1018.3 0.940988
1018.4 0.941006
1018.5 0.941025
1018.6 0.941043
1018.7 0.941061
1018.8 0.941079
1018.9 0.941098
1019.0 0.941116
1019.1 0.941134
1019.2 0.941153
1019.3 0.941171
1019.4 0.941189
1019.5 0.941208
1019.6 0.941226
1019.7 0.941244
1019.8 0.941262
1019.9 0.941281
1020.0 0.941299
1020.1 0.941317
1020.2 0.941335
1020.3 0.941354
1020.4 0.941372
1020.5 0.941390
1020.6 0.941408
1020.7 0.941426
1020.8 0.941445
1020.9 0.941463
1021.0 0.941481
1021.1 0.941499
1021.2 0.941517
1021.3 0.941535
1021.4 0.941553
1021.5 0.941572
1021.6 0.941590
1021.7 0.941608
1021.8 0.941626
1021.9 0.941644
1022.0 0.941662
1022.1 0.941680
1022.2 0.941698
1022.3 0.941716
1022.4 0.941734
1022.5 0.941752
1022.6 0.941770
1022.7 0.941788
1022.8 0.941806
1022.9 0.941824
1023.0 0.941842
1023.1 0.941860
1023.2 0.941878
1023.3 0.941896
1023.4 0.941914
1023.5 0.941932
1023.6 0.941950
1023.7 0.941968
1023.8 0.941986
1023.9 0.942004
1024.0 0.942022
1024.1 0.942040
1024.2 0.942058
1024.3 0.942076
1024.4 0.942094
1024.5 0.942112
1024.6 0.942129
1024.7 0.942147
1024.8 0.942165
1024.9 0.942183
1025.0 0.942201
1025.1 0.942219
1025.2 0.942237
1025.3 0.942254
1025.4 0.942272
1025.5 0.942290
1025.6 0.942308
1025.7 0.942326
1025.8 0.942343
1025.9 0.942361
1026.0 0.942379
1026.1 0.942397
1026.2 0.942415
1026.3 0.942432
1026.4 0.942450
1026.5 0.942468
1026.6 0.942486
1026.7 0.942504
1026.8 0.942521
1026.9 0.942539
1027.0 0.942557
1027.1 0.942575
1027.2 0.942592
1027.3 0.942610
1027.4 0.942628
1027.5 0.942646
1027.6 0.942663
1027.7 0.942681
1027.8 0.942699
1027.9 0.942716
1028.0 0.942734
1028.1 0.942752
1028.2 0.942769
1028.3 0.942787
1028.4 0.942805
1028.5 0.942823
1028.6 0.942840
1028.7 0.942858
1028.8 0.942876
1028.9 0.942893
1029.0 0.942911
1029.1 0.942929
1029.2 0.942946
1029.3 0.942964
1029.4 0.942981
1029.5 0.942999
1029.6 0.943017
1029.7 0.943034
1029.8 0.943052
1029.9 0.943069
1030.0 0.943087
1030.1 0.943105
1030.2 0.943122
1030.3 0.943140
1030.4 0.943157
1030.5 0.943175
1030.6 0.943192
1030.7 0.943210
1030.8 0.943227
1030.9 0.943245
1031.0 0.943262
1031.1 0.943279
1031.2 0.943297
1031.3 0.943314
1031.4 0.943332
1031.5 0.943349
1031.6 0.943366
1031.7 0.943384
1031.8 0.943401
1031.9 0.943419
1032.0 0.943436
1032.1 0.943453
1032.2 0.943471
1032.3 0.943488
1032.4 0.943506
1032.5 0.943523
1032.6 0.943540
1032.7 0.943558
1032.8 0.943575
1032.9 0.943593
1033.0 0.943610
1033.1 0.943626
1033.2 0.943642
1033.3 0.943658
1033.4 0.943674
1033.5 0.943690
1033.6 0.943706
1033.7 0.943722
1033.8 0.943738
1033.9 0.943754
1034.0 0.943770
1034.1 0.943786
1034.2 0.943801
1034.3 0.943817
1034.4 0.943832
1034.5 0.943848
1034.6 0.943864
1034.7 0.943879
1034.8 0.943895
1034.9 0.943910
1035.0 0.943926
1035.1 0.943941
1035.2 0.943957
1035.3 0.943973
1035.4 0.943988
1035.5 0.944004
1035.6 0.944019
1035.7 0.944035
1035.8 0.944050
1035.9 0.944066
1036.0 0.944081
1036.1 0.944097
1036.2 0.944112
1036.3 0.944128
1036.4 0.944143
1036.5 0.944159
1036.6 0.944174
1036.7 0.944190
1036.8 0.944205
1036.9 0.944220
1037.0 0.944236
1037.1 0.944251
1037.2 0.944267
1037.3 0.944282
1037.4 0.944298
1037.5 0.944313
1037.6 0.944328
1037.7 0.944344
1037.8 0.944359
1037.9 0.944375
1038.0 0.944390
1038.1 0.944405
1038.2 0.944421
1038.3 0.944436
1038.4 0.944452
1038.5 0.944467
1038.6 0.944482
1038.7 0.944498
1038.8 0.944513
1038.9 0.944529
1039.0 0.944544
1039.1 0.944559
1039.2 0.944575
1039.3 0.944590
1039.4 0.944605
1039.5 0.944621
1039.6 0.944636
1039.7 0.944651
1039.8 0.944666
1039.9 0.944682
1040.0 0.944697
1040.1 0.944712
1040.2 0.944728
1040.3 0.944743
1040.4 0.944758
1040.5 0.944773
1040.6 0.944789
1040.7 0.944804
1040.8 0.944819
1040.9 0.944835
1041.0 0.944850
1041.1 0.944865
1041.2 0.944880
1041.3 0.944896
1041.4 0.944911
1041.5 0.944926
1041.6 0.944941
1041.7 0.944956
1041.8 0.944972
1041.9 0.944987
1042.0 0.945002
1042.1 0.945017
1042.2 0.945032
1042.3 0.945047
1042.4 0.945062
1042.5 0.945078
1042.6 0.945093
1042.7 0.945108
1042.8 0.945123
1042.9 0.945138
1043.0 0.945153
1043.1 0.945168
1043.2 0.945183
1043.3 0.945198
1043.4 0.945213
1043.5 0.945229
1043.6 0.945244
1043.7 0.945259
1043.8 0.945274
1043.9 0.945289
1044.0 0.945304
1044.1 0.945319
1044.2 0.945334
1044.3 0.945349
1044.4 0.945364
1044.5 0.945380
1044.6 0.945395
1044.7 0.945410
1044.8 0.945425
1044.9 0.945440
1045.0 0.945455
1045.1 0.945470
1045.2 0.945485
1045.3 0.945500
1045.4 0.945515
1045.5 0.945530
1045.6 0.945545
1045.7 0.945560
1045.8 0.945575
1045.9 0.945590
1046.0 0.945605
1046.1 0.945620
1046.2 0.945635
1046.3 0.945650
1046.4 0.945665
1046.5 0.945680
1046.6 0.945694
1046.7 0.945709
1046.8 0.945724
1046.9 0.945739
1047.0 0.945754
1047.1 0.945769
1047.2 0.945784
1047.3 0.945799
1047.4 0.945814
1047.5 0.945829
1047.6 0.945843
1047.7 0.945858
1047.8 0.945873
1047.9 0.945888
1048.0 0.945903
1048.1 0.945918
1048.2 0.945933
1048.3 0.945948
1048.4 0.945963
1048.5 0.945978
1048.6 0.945992
1048.7 0.946007
1048.8 0.946022
1048.9 0.946037
1049.0 0.946052
1049.1 0.946067
1049.2 0.946081
1049.3 0.946096
1049.4 0.946111
1049.5 0.946126
1049.6 0.946140
1049.7 0.946155
1049.8 0.946170
1049.9 0.946184
1050.0 0.946199
1050.1 0.946214
1050.2 0.946229
1050.3 0.946243
1050.4 0.946258
1050.5 0.946273
1050.6 0.946288
1050.7 0.946303
1050.8 0.946317
1050.9 0.946332
1051.0 0.946347
1051.1 0.946362
1051.2 0.946376
1051.3 0.946391
1051.4 0.946406
1051.5 0.946421
1051.6 0.946435
1051.7 0.946450
1051.8 0.946465
1051.9 0.946479
1052.0 0.946494
1052.1 0.946509
1052.2 0.946523
1052.3 0.946538
1052.4 0.946552
1052.5 0.946567
1052.6 0.946582
1052.7 0.946596
1052.8 0.946611
1052.9 0.946625
1053.0 0.946640
1053.1 0.946655
1053.2 0.946669
1053.3 0.946684
1053.4 0.946698
1053.5 0.946713
1053.6 0.946728
1053.7 0.946742
1053.8 0.946757
1053.9 0.946771
1054.0 0.946786
1054.1 0.946801
1054.2 0.946815
1054.3 0.946829
1054.4 0.946844
1054.5 0.946859
1054.6 0.946873
1054.7 0.946888
1054.8 0.946902
1054.9 0.946917
1055.0 0.946931
1055.1 0.946946
1055.2 0.946960
1055.3 0.946975
1055.4 0.946989
1055.5 0.947004
1055.6 0.947018
1055.7 0.947033
1055.8 0.947047
1055.9 0.947062
1056.0 0.947076
1056.1 0.947091
1056.2 0.947105
1056.3 0.947120
1056.4 0.947134
1056.5 0.947148
1056.6 0.947163
1056.7 0.947178
1056.8 0.947192
1056.9 0.947207
1057.0 0.947221
1057.1 0.947235
1057.2 0.947250
1057.3 0.947264
1057.4 0.947279
1057.5 0.947293
1057.6 0.947307
1057.7 0.947322
1057.8 0.947336
1057.9 0.947351
1058.0 0.947365
1058.1 0.947379
1058.2 0.947394
1058.3 0.947408
1058.4 0.947422
1058.5 0.947437
1058.6 0.947451
1058.7 0.947465
1058.8 0.947479
1058.9 0.947494
1059.0 0.947508
1059.1 0.947522
1059.2 0.947537
1059.3 0.947551
1059.4 0.947565
1059.5 0.947580
1059.6 0.947594
1059.7 0.947608
1059.8 0.947622
1059.9 0.947637
1060.0 0.947651
1060.1 0.947665
1060.2 0.947679
1060.3 0.947694
1060.4 0.947708
1060.5 0.947722
1060.6 0.947736
1060.7 0.947750
1060.8 0.947765
1060.9 0.947779
1061.0 0.947793
1061.1 0.947807
1061.2 0.947821
1061.3 0.947836
1061.4 0.947850
1061.5 0.947864
1061.6 0.947878
1061.7 0.947892
1061.8 0.947907
1061.9 0.947921
1062.0 0.947935
1062.1 0.947949
1062.2 0.947963
1062.3 0.947978
1062.4 0.947992
1062.5 0.948006
1062.6 0.948020
1062.7 0.948034
1062.8 0.948049
1062.9 0.948063
1063.0 0.948077
1063.1 0.948091
1063.2 0.948105
1063.3 0.948119
1063.4 0.948133
1063.5 0.948147
1063.6 0.948162
1063.7 0.948176
1063.8 0.948190
1063.9 0.948204
1064.0 0.948218
1064.1 0.948232
1064.2 0.948246
1064.3 0.948260
1064.4 0.948274
1064.5 0.948288
1064.6 0.948302
1064.7 0.948316
1064.8 0.948330
1064.9 0.948344
1065.0 0.948358
1065.1 0.948372
1065.2 0.948386
1065.3 0.948400
1065.4 0.948414
1065.5 0.948428
1065.6 0.948442
1065.7 0.948456
1065.8 0.948470
1065.9 0.948484
1066.0 0.948498
1066.1 0.948512
1066.2 0.948526
1066.3 0.948540
1066.4 0.948554
1066.5 0.948568
1066.6 0.948582
1066.7 0.948596
1066.8 0.948610
1066.9 0.948624
1067.0 0.948638
1067.1 0.948652
1067.2 0.948666
1067.3 0.948680
1067.4 0.948694
1067.5 0.948708
1067.6 0.948721
1067.7 0.948735
1067.8 0.948749
1067.9 0.948763
1068.0 0.948777
1068.1 0.948791
1068.2 0.948805
1068.3 0.948819
1068.4 0.948833
1068.5 0.948847
1068.6 0.948860
1068.7 0.948874
1068.8 0.948888
1068.9 0.948902
1069.0 0.948916
1069.1 0.948930
1069.2 0.948944
1069.3 0.948957
1069.4 0.948971
1069.5 0.948985
1069.6 0.948999
1069.7 0.949013
1069.8 0.949026
1069.9 0.949040
1070.0 0.949054
1070.1 0.949068
1070.2 0.949082
1070.3 0.949095
1070.4 0.949109
1070.5 0.949123
1070.6 0.949137
1070.7 0.949151
1070.8 0.949164
1070.9 0.949178
1071.0 0.949192
1071.1 0.949206
1071.2 0.949219
1071.3 0.949233
1071.4 0.949247
1071.5 0.949261
1071.6 0.949274
1071.7 0.949288
1071.8 0.949302
1071.9 0.949315
1072.0 0.949329
1072.1 0.949343
1072.2 0.949356
1072.3 0.949370
1072.4 0.949384
1072.5 0.949398
1072.6 0.949411
1072.7 0.949425
1072.8 0.949439
1072.9 0.949452
1073.0 0.949466
1073.1 0.949480
1073.2 0.949493
1073.3 0.949507
1073.4 0.949520
1073.5 0.949534
1073.6 0.949548
1073.7 0.949561
1073.8 0.949575
1073.9 0.949588
1074.0 0.949602
1074.1 0.949616
1074.2 0.949629
1074.3 0.949643
1074.4 0.949656
1074.5 0.949670
1074.6 0.949684
1074.7 0.949697
1074.8 0.949711
1074.9 0.949724
1075.0 0.949738
1075.1 0.949751
1075.2 0.949765
1075.3 0.949779
1075.4 0.949792
1075.5 0.949806
1075.6 0.949819
1075.7 0.949833
1075.8 0.949846
1075.9 0.949860
1076.0 0.949873
1076.1 0.949887
1076.2 0.949900
1076.3 0.949914
1076.4 0.949927
1076.5 0.949941
1076.6 0.949954
1076.7 0.949968
1076.8 0.949981
1076.9 0.949994
1077.0 0.950008
1077.1 0.950021
1077.2 0.950035
1077.3 0.950048
1077.4 0.950062
1077.5 0.950075
1077.6 0.950088
1077.7 0.950102
1077.8 0.950115
1077.9 0.950129
1078.0 0.950142
1078.1 0.950155
1078.2 0.950169
1078.3 0.950182
1078.4 0.950196
1078.5 0.950209
1078.6 0.950222
1078.7 0.950236
1078.8 0.950249
1078.9 0.950263
1079.0 0.950276
1079.1 0.950289
1079.2 0.950303
1079.3 0.950316
1079.4 0.950330
1079.5 0.950343
1079.6 0.950356
1079.7 0.950370
1079.8 0.950383
1079.9 0.950397
1080.0 0.950410
1080.1 0.950423
1080.2 0.950437
1080.3 0.950450
1080.4 0.950463
1080.5 0.950476
1080.6 0.950490
1080.7 0.950503
1080.8 0.950516
1080.9 0.950530
1081.0 0.950543
1081.1 0.950556
1081.2 0.950570
1081.3 0.950583
1081.4 0.950596
1081.5 0.950609
1081.6 0.950623
1081.7 0.950636
1081.8 0.950649
1081.9 0.950663
1082.0 0.950676
1082.1 0.950689
1082.2 0.950702
1082.3 0.950716
1082.4 0.950729
1082.5 0.950742
1082.6 0.950755
1082.7 0.950768
1082.8 0.950782
1082.9 0.950795
1083.0 0.950808
1083.1 0.950821
1083.2 0.950834
1083.3 0.950848
1083.4 0.950861
1083.5 0.950874
1083.6 0.950887
1083.7 0.950900
1083.8 0.950914
1083.9 0.950927
1084.0 0.950940
1084.1 0.950953
1084.2 0.950966
1084.3 0.950979
1084.4 0.950992
1084.5 0.951006
1084.6 0.951019
1084.7 0.951032
1084.8 0.951045
1084.9 0.951058
1085.0 0.951071
1085.1 0.951084
1085.2 0.951097
1085.3 0.951110
1085.4 0.951123
1085.5 0.951137
1085.6 0.951150
1085.7 0.951163
1085.8 0.951176
1085.9 0.951189
1086.0 0.951202
1086.1 0.951215
1086.2 0.951228
1086.3 0.951241
1086.4 0.951254
1086.5 0.951267
1086.6 0.951280
1086.7 0.951293
1086.8 0.951306
1086.9 0.951319
1087.0 0.951332
1087.1 0.951345
1087.2 0.951358
1087.3 0.951371
1087.4 0.951384
1087.5 0.951398
1087.6 0.951411
1087.7 0.951424
1087.8 0.951437
1087.9 0.951450
1088.0 0.951463
1088.1 0.951476
1088.2 0.951489
1088.3 0.951502
1088.4 0.951515
1088.5 0.951527
1088.6 0.951540
1088.7 0.951553
1088.8 0.951566
1088.9 0.951579
1089.0 0.951592
1089.1 0.951605
1089.2 0.951618
1089.3 0.951631
1089.4 0.951644
1089.5 0.951657
1089.6 0.951669
1089.7 0.951682
1089.8 0.951695
1089.9 0.951708
1090.0 0.951721
1090.1 0.951734
1090.2 0.951747
1090.3 0.951760
1090.4 0.951773
1090.5 0.951786
1090.6 0.951798
1090.7 0.951811
1090.8 0.951824
1090.9 0.951837
1091.0 0.951850
1091.1 0.951863
1091.2 0.951876
1091.3 0.951888
1091.4 0.951901
1091.5 0.951914
1091.6 0.951927
1091.7 0.951940
1091.8 0.951952
1091.9 0.951965
1092.0 0.951978
1092.1 0.951991
1092.2 0.952004
1092.3 0.952016
1092.4 0.952029
1092.5 0.952042
1092.6 0.952055
1092.7 0.952068
1092.8 0.952080
1092.9 0.952093
1093.0 0.952106
1093.1 0.952119
1093.2 0.952132
1093.3 0.952144
1093.4 0.952157
1093.5 0.952170
1093.6 0.952183
1093.7 0.952196
1093.8 0.952208
1093.9 0.952221
1094.0 0.952234
1094.1 0.952247
1094.2 0.952259
1094.3 0.952272
1094.4 0.952285
1094.5 0.952298
1094.6 0.952310
1094.7 0.952323
1094.8 0.952336
1094.9 0.952348
1095.0 0.952361
1095.1 0.952374
1095.2 0.952386
1095.3 0.952399
1095.4 0.952411
1095.5 0.952424
1095.6 0.952437
1095.7 0.952449
1095.8 0.952462
1095.9 0.952474
1096.0 0.952487
1096.1 0.952500
1096.2 0.952512
1096.3 0.952525
1096.4 0.952538
1096.5 0.952551
1096.6 0.952563
1096.7 0.952576
1096.8 0.952589
1096.9 0.952601
1097.0 0.952614
1097.1 0.952626
1097.2 0.952639
1097.3 0.952651
1097.4 0.952664
1097.5 0.952676
1097.6 0.952689
1097.7 0.952702
1097.8 0.952714
1097.9 0.952727
1098.0 0.952739
1098.1 0.952752
1098.2 0.952764
1098.3 0.952777
1098.4 0.952789
1098.5 0.952802
1098.6 0.952815
1098.7 0.952827
1098.8 0.952840
1098.9 0.952852
1099.0 0.952865
1099.1 0.952878
1099.2 0.952890
1099.3 0.952903
1099.4 0.952915
1099.5 0.952928
1099.6 0.952940
1099.7 0.952953
1099.8 0.952965
1099.9 0.952978
1100.0 0.952990
1100.1 0.952990
1100.2 0.952990
1100.3 0.952990
1100.4 0.952990
1100.5 0.952990
1100.6 0.952990
1100.7 0.952990
1100.8 0.952990
1100.9 0.952990
1101.0 0.952990
1101.1 0.952990
1101.2 0.952990
1101.3 0.952990
1101.4 0.952990
1101.5 0.952990
1101.6 0.952990
1101.7 0.952990
1101.8 0.952990
1101.9 0.952990
1102.0 0.952990
1102.1 0.952990
1102.2 0.952990
1102.3 0.952990
1102.4 0.952990
1102.5 0.952990
1102.6 0.952990
1102.7 0.952990
1102.8 0.952990
1102.9 0.952990
1103.0 0.952990
1103.1 0.952990
1103.2 0.952990
1103.3 0.952990
1103.4 0.952990
1103.5 0.952990
1103.6 0.952990
1103.7 0.952990
1103.8 0.952990
1103.9 0.952990
1104.0 0.952990
1104.1 0.952990
1104.2 0.952990
1104.3 0.952990
1104.4 0.952990
1104.5 0.952990
1104.6 0.952990
1104.7 0.952990
1104.8 0.952990
1104.9 0.952990
1105.0 0.952990
1105.1 0.952990
1105.2 0.952990
1105.3 0.952990
1105.4 0.952990
1105.5 0.952990
1105.6 0.952990
1105.7 0.952990
1105.8 0.952990
1105.9 0.952990
1106.0 0.952990
1106.1 0.952990
1106.2 0.952990
1106.3 0.952990
1106.4 0.952990
1106.5 0.952990
1106.6 0.952990
1106.7 0.952990
1106.8 0.952990
1106.9 0.952990
1107.0 0.952990
1107.1 0.952990
1107.2 0.952990
1107.3 0.952990
1107.4 0.952990
1107.5 0.952990
1107.6 0.952990
1107.7 0.952990
1107.8 0.952990
1107.9 0.952990
1108.0 0.952990
1108.1 0.952990
1108.2 0.952990
1108.3 0.952990
1108.4 0.952990
1108.5 0.952990
1108.6 0.952990
1108.7 0.952990
1108.8 0.952990
1108.9 0.952990
1109.0 0.952990
1109.1 0.952990
1109.2 0.952990
1109.3 0.952990
1109.4 0.952990
1109.5 0.952990
1109.6 0.952990
1109.7 0.952990
1109.8 0.952990
1109.9 0.952990
1110.0 0.952990
1110.1 0.952990
1110.2 0.952990
1110.3 0.952990
1110.4 0.952990
1110.5 0.952990
1110.6 0.952990
1110.7 0.952990
1110.8 0.952990
1110.9 0.952990
1111.0 0.952990
1111.1 0.952990
1111.2 0.952990
1111.3 0.952990
1111.4 0.952990
1111.5 0.952990
1111.6 0.952990
1111.7 0.952990
1111.8 0.952990
1111.9 0.952990
1112.0 0.952990
1112.1 0.952990
1112.2 0.952990
1112.3 0.952990
1112.4 0.952990
1112.5 0.952990
1112.6 0.952990
1112.7 0.952990
1112.8 0.952990
1112.9 0.952990
1113.0 0.952990
1113.1 0.952990
1113.2 0.952990
1113.3 0.952990
1113.4 0.952990
1113.5 0.952990
1113.6 0.952990
1113.7 0.952990
1113.8 0.952990
1113.9 0.952990
1114.0 0.952990
1114.1 0.952990
1114.2 0.952990
1114.3 0.952990
1114.4 0.952990
1114.5 0.952990
1114.6 0.952990
1114.7 0.952990
1114.8 0.952990
1114.9 0.952990
1115.0 0.952990
1115.1 0.952990
1115.2 0.952990
1115.3 0.952990
1115.4 0.952990
1115.5 0.952990
1115.6 0.952990
1115.7 0.952990
1115.8 0.952990
1115.9 0.952990
1116.0 0.952990
1116.1 0.952990
1116.2 0.952990
1116.3 0.952990
1116.4 0.952990
1116.5 0.952990
1116.6 0.952990
1116.7 0.952990
1116.8 0.952990
1116.9 0.952990
1117.0 0.952990
1117.1 0.952990
1117.2 0.952990
1117.3 0.952990
1117.4 0.952990
1117.5 0.952990
1117.6 0.952990
1117.7 0.952990
1117.8 0.952990
1117.9 0.952990
1118.0 0.952990
1118.1 0.952990
1118.2 0.952990
1118.3 0.952990
1118.4 0.952990
1118.5 0.952990
1118.6 0.952990
1118.7 0.952990
1118.8 0.952990
1118.9 0.952990
1119.0 0.952990
1119.1 0.952990
1119.2 0.952990
1119.3 0.952990
1119.4 0.952990
1119.5 0.952990
1119.6 0.952990
1119.7 0.952990
1119.8 0.952990
1119.9 0.952990
1120.0 0.952990
1120.1 0.952990
1120.2 0.952990
1120.3 0.952990
1120.4 0.952990
1120.5 0.952990
1120.6 0.952990
1120.7 0.952990
1120.8 0.952990
1120.9 0.952990
1121.0 0.952990
1121.1 0.952990
1121.2 0.952990
1121.3 0.952990
1121.4 0.952990
1121.5 0.952990
1121.6 0.952990
1121.7 0.952990
1121.8 0.952990
1121.9 0.952990
1122.0 0.952990
1122.1 0.952990
1122.2 0.952990
1122.3 0.952990
1122.4 0.952990
1122.5 0.952990
1122.6 0.952990
1122.7 0.952990
1122.8 0.952990
1122.9 0.952990
1123.0 0.952990
1123.1 0.952990
1123.2 0.952990
1123.3 0.952990
1123.4 0.952990
1123.5 0.952990
1123.6 0.952990
1123.7 0.952990
1123.8 0.952990
1123.9 0.952990
1124.0 0.952990
1124.1 0.952990
1124.2 0.952990
1124.3 0.952990
1124.4 0.952990
1124.5 0.952990
1124.6 0.952990
1124.7 0.952990
1124.8 0.952990
1124.9 0.952990
1125.0 0.952990
1125.1 0.952990
1125.2 0.952990
1125.3 0.952990
1125.4 0.952990
1125.5 0.952990
1125.6 0.952990
1125.7 0.952990
1125.8 0.952990
1125.9 0.952990
1126.0 0.952990
1126.1 0.952990
1126.2 0.952990
1126.3 0.952990
1126.4 0.952990
1126.5 0.952990
1126.6 0.952990
1126.7 0.952990
1126.8 0.952990
1126.9 0.952990
1127.0 0.952990
1127.1 0.952990
1127.2 0.952990
1127.3 0.952990
1127.4 0.952990
1127.5 0.952990
1127.6 0.952990
1127.7 0.952990
1127.8 0.952990
1127.9 0.952990
1128.0 0.952990
1128.1 0.952990
1128.2 0.952990
1128.3 0.952990
1128.4 0.952990
1128.5 0.952990
1128.6 0.952990
1128.7 0.952990
1128.8 0.952990
1128.9 0.952990
1129.0 0.952990
1129.1 0.952990
1129.2 0.952990
1129.3 0.952990
1129.4 0.952990
1129.5 0.952990
1129.6 0.952990
1129.7 0.952990
1129.8 0.952990
1129.9 0.952990
1130.0 0.952990
1130.1 0.952990
1130.2 0.952990
1130.3 0.952990
1130.4 0.952990
1130.5 0.952990
1130.6 0.952990
1130.7 0.952990
1130.8 0.952990
1130.9 0.952990
1131.0 0.952990
1131.1 0.952990
1131.2 0.952990
1131.3 0.952990
1131.4 0.952990
1131.5 0.952990
1131.6 0.952990
1131.7 0.952990
1131.8 0.952990
1131.9 0.952990
1132.0 0.952990
1132.1 0.952990
1132.2 0.952990
1132.3 0.952990
1132.4 0.952990
1132.5 0.952990
1132.6 0.952990
1132.7 0.952990
1132.8 0.952990
1132.9 0.952990
1133.0 0.952990
1133.1 0.952990
1133.2 0.952990
1133.3 0.952990
1133.4 0.952990
1133.5 0.952990
1133.6 0.952990
1133.7 0.952990
1133.8 0.952990
1133.9 0.952990
1134.0 0.952990
1134.1 0.952990
1134.2 0.952990
1134.3 0.952990
1134.4 0.952990
1134.5 0.952990
1134.6 0.952990
1134.7 0.952990
1134.8 0.952990
1134.9 0.952990
1135.0 0.952990
1135.1 0.952990
1135.2 0.952990
1135.3 0.952990
1135.4 0.952990
1135.5 0.952990
1135.6 0.952990
1135.7 0.952990
1135.8 0.952990
1135.9 0.952990
1136.0 0.952990
1136.1 0.952990
1136.2 0.952990
1136.3 0.952990
1136.4 0.952990
1136.5 0.952990
1136.6 0.952990
1136.7 0.952990
1136.8 0.952990
1136.9 0.952990
1137.0 0.952990
1137.1 0.952990
1137.2 0.952990
1137.3 0.952990
1137.4 0.952990
1137.5 0.952990
1137.6 0.952990
1137.7 0.952990
1137.8 0.952990
1137.9 0.952990
1138.0 0.952990
1138.1 0.952990
1138.2 0.952990
1138.3 0.952990
1138.4 0.952990
1138.5 0.952990
1138.6 0.952990
1138.7 0.952990
1138.8 0.952990
1138.9 0.952990
1139.0 0.952990
1139.1 0.952990
1139.2 0.952990
1139.3 0.952990
1139.4 0.952990
1139.5 0.952990
1139.6 0.952990
1139.7 0.952990
1139.8 0.952990
1139.9 0.952990
1140.0 0.952990
1140.1 0.952990
1140.2 0.952990
1140.3 0.952990
1140.4 0.952990
1140.5 0.952990
1140.6 0.952990
1140.7 0.952990
1140.8 0.952990
1140.9 0.952990
1141.0 0.952990
1141.1 0.952990
1141.2 0.952990
1141.3 0.952990
1141.4 0.952990
1141.5 0.952990
1141.6 0.952990
1141.7 0.952990
1141.8 0.952990
1141.9 0.952990
1142.0 0.952990
1142.1 0.952990
1142.2 0.952990
1142.3 0.952990
1142.4 0.952990
1142.5 0.952990
1142.6 0.952990
1142.7 0.952990
1142.8 0.952990
1142.9 0.952990
1143.0 0.952990
1143.1 0.952990
1143.2 0.952990
1143.3 0.952990
1143.4 0.952990
1143.5 0.952990
1143.6 0.952990
1143.7 0.952990
1143.8 0.952990
1143.9 0.952990
1144.0 0.952990
1144.1 0.952990
1144.2 0.952990
1144.3 0.952990
1144.4 0.952990
1144.5 0.952990
1144.6 0.952990
1144.7 0.952990
1144.8 0.952990
1144.9 0.952990
1145.0 0.952990
1145.1 0.952990
1145.2 0.952990
1145.3 0.952990
1145.4 0.952990
1145.5 0.952990
1145.6 0.952990
1145.7 0.952990
1145.8 0.952990
1145.9 0.952990
1146.0 0.952990
1146.1 0.952990
1146.2 0.952990
1146.3 0.952990
1146.4 0.952990
1146.5 0.952990
1146.6 0.952990
1146.7 0.952990
1146.8 0.952990
1146.9 0.952990
1147.0 0.952990
1147.1 0.952990
1147.2 0.952990
1147.3 0.952990
1147.4 0.952990
1147.5 0.952990
1147.6 0.952990
1147.7 0.952990
1147.8 0.952990
1147.9 0.952990
1148.0 0.952990
1148.1 0.952990
1148.2 0.952990
1148.3 0.952990
1148.4 0.952990
1148.5 0.952990
1148.6 0.952990
1148.7 0.952990
1148.8 0.952990
1148.9 0.952990
1149.0 0.952990
1149.1 0.952990
1149.2 0.952990
1149.3 0.952990
1149.4 0.952990
1149.5 0.952990
1149.6 0.952990
1149.7 0.952990
1149.8 0.952990
1149.9 0.952990
1150.0 0.952990
1150.1 0.952990
1150.2 0.952990
1150.3 0.952990
1150.4 0.952990
1150.5 0.952990
1150.6 0.952990
1150.7 0.952990
1150.8 0.952990
1150.9 0.952990
1151.0 0.952990
1151.1 0.952990
1151.2 0.952990
1151.3 0.952990
1151.4 0.952990
1151.5 0.952990
1151.6 0.952990
1151.7 0.952990
1151.8 0.952990
1151.9 0.952990
1152.0 0.952990
1152.1 0.952990
1152.2 0.952990
1152.3 0.952990
1152.4 0.952990
1152.5 0.952990
1152.6 0.952990
1152.7 0.952990
1152.8 0.952990
1152.9 0.952990
1153.0 0.952990
1153.1 0.952990
1153.2 0.952990
1153.3 0.952990
1153.4 0.952990
1153.5 0.952990
1153.6 0.952990
1153.7 0.952990
1153.8 0.952990
1153.9 0.952990
1154.0 0.952990
1154.1 0.952990
1154.2 0.952990
1154.3 0.952990
1154.4 0.952990
1154.5 0.952990
1154.6 0.952990
1154.7 0.952990
1154.8 0.952990
1154.9 0.952990
1155.0 0.952990
1155.1 0.952990
1155.2 0.952990
1155.3 0.952990
1155.4 0.952990
1155.5 0.952990
1155.6 0.952990
1155.7 0.952990
1155.8 0.952990
1155.9 0.952990
1156.0 0.952990
1156.1 0.952990
1156.2 0.952990
1156.3 0.952990
1156.4 0.952990
1156.5 0.952990
1156.6 0.952990
1156.7 0.952990
1156.8 0.952990
1156.9 0.952990
1157.0 0.952990
1157.1 0.952990
1157.2 0.952990
1157.3 0.952990
1157.4 0.952990
1157.5 0.952990
1157.6 0.952990
1157.7 0.952990
1157.8 0.952990
1157.9 0.952990
1158.0 0.952990
1158.1 0.952990
1158.2 0.952990
1158.3 0.952990
1158.4 0.952990
1158.5 0.952990
1158.6 0.952990
1158.7 0.952990
1158.8 0.952990
1158.9 0.952990
1159.0 0.952990
1159.1 0.952990
1159.2 0.952990
1159.3 0.952990
1159.4 0.952990
1159.5 0.952990
1159.6 0.952990
1159.7 0.952990
1159.8 0.952990
1159.9 0.952990
1160.0 0.952990
1160.1 0.952990
1160.2 0.952990
1160.3 0.952990
1160.4 0.952990
1160.5 0.952990
1160.6 0.952990
1160.7 0.952990
1160.8 0.952990
1160.9 0.952990
1161.0 0.952990
1161.1 0.952990
1161.2 0.952990
1161.3 0.952990
1161.4 0.952990
1161.5 0.952990
1161.6 0.952990
1161.7 0.952990
1161.8 0.952990
1161.9 0.952990
1162.0 0.952990
1162.1 0.952990
1162.2 0.952990
1162.3 0.952990
1162.4 0.952990
1162.5 0.952990
1162.6 0.952990
1162.7 0.952990
1162.8 0.952990
1162.9 0.952990
1163.0 0.952990
1163.1 0.952990
1163.2 0.952990
1163.3 0.952990
1163.4 0.952990
1163.5 0.952990
1163.6 0.952990
1163.7 0.952990
1163.8 0.952990
1163.9 0.952990
1164.0 0.952990
1164.1 0.952990
1164.2 0.952990
1164.3 0.952990
1164.4 0.952990
1164.5 0.952990
1164.6 0.952990
1164.7 0.952990
1164.8 0.952990
1164.9 0.952990
1165.0 0.952990
1165.1 0.952990
1165.2 0.952990
1165.3 0.952990
1165.4 0.952990
1165.5 0.952990
1165.6 0.952990
1165.7 0.952990
1165.8 0.952990
1165.9 0.952990
1166.0 0.952990
1166.1 0.952990
1166.2 0.952990
1166.3 0.952990
1166.4 0.952990
1166.5 0.952990
1166.6 0.952990
1166.7 0.952990
1166.8 0.952990
1166.9 0.952990
1167.0 0.952990
1167.1 0.952990
1167.2 0.952990
1167.3 0.952990
1167.4 0.952990
1167.5 0.952990
1167.6 0.952990
1167.7 0.952990
1167.8 0.952990
1167.9 0.952990
1168.0 0.952990
1168.1 0.952990
1168.2 0.952990
1168.3 0.952990
1168.4 0.952990
1168.5 0.952990
1168.6 0.952990
1168.7 0.952990
1168.8 0.952990
1168.9 0.952990
1169.0 0.952990
1169.1 0.952990
1169.2 0.952990
1169.3 0.952990
1169.4 0.952990
1169.5 0.952990
1169.6 0.952990
1169.7 0.952990
1169.8 0.952990
1169.9 0.952990
1170.0 0.952990
1170.1 0.952990
1170.2 0.952990
1170.3 0.952990
1170.4 0.952990
1170.5 0.952990
1170.6 0.952990
1170.7 0.952990
1170.8 0.952990
1170.9 0.952990
1171.0 0.952990
1171.1 0.952990
1171.2 0.952990
1171.3 0.952990
1171.4 0.952990
1171.5 0.952990
1171.6 0.952990
1171.7 0.952990
1171.8 0.952990
1171.9 0.952990
1172.0 0.952990
1172.1 0.952990
1172.2 0.952990
1172.3 0.952990
1172.4 0.952990
1172.5 0.952990
1172.6 0.952990
1172.7 0.952990
1172.8 0.952990
1172.9 0.952990
1173.0 0.952990
1173.1 0.952990
1173.2 0.952990
1173.3 0.952990
1173.4 0.952990
1173.5 0.952990
1173.6 0.952990
1173.7 0.952990
1173.8 0.952990
1173.9 0.952990
1174.0 0.952990
1174.1 0.952990
1174.2 0.952990
1174.3 0.952990
1174.4 0.952990
1174.5 0.952990
1174.6 0.952990
1174.7 0.952990
1174.8 0.952990
1174.9 0.952990
1175.0 0.952990
1175.1 0.952990
1175.2 0.952990
1175.3 0.952990
1175.4 0.952990
1175.5 0.952990
1175.6 0.952990
1175.7 0.952990
1175.8 0.952990
1175.9 0.952990
1176.0 0.952990
1176.1 0.952990
1176.2 0.952990
1176.3 0.952990
1176.4 0.952990
1176.5 0.952990
1176.6 0.952990
1176.7 0.952990
1176.8 0.952990
1176.9 0.952990
1177.0 0.952990
1177.1 0.952990
1177.2 0.952990
1177.3 0.952990
1177.4 0.952990
1177.5 0.952990
1177.6 0.952990
1177.7 0.952990
1177.8 0.952990
1177.9 0.952990
1178.0 0.952990
1178.1 0.952990
1178.2 0.952990
1178.3 0.952990
1178.4 0.952990
1178.5 0.952990
1178.6 0.952990
1178.7 0.952990
1178.8 0.952990
1178.9 0.952990
1179.0 0.952990
1179.1 0.952990
1179.2 0.952990
1179.3 0.952990
1179.4 0.952990
1179.5 0.952990
1179.6 0.952990
1179.7 0.952990
1179.8 0.952990
1179.9 0.952990
1180.0 0.952990
1180.1 0.952990
1180.2 0.952990
1180.3 0.952990
1180.4 0.952990
1180.5 0.952990
1180.6 0.952990
1180.7 0.952990
1180.8 0.952990
1180.9 0.952990
1181.0 0.952990
1181.1 0.952990
1181.2 0.952990
1181.3 0.952990
1181.4 0.952990
1181.5 0.952990
1181.6 0.952990
1181.7 0.952990
1181.8 0.952990
1181.9 0.952990
1182.0 0.952990
1182.1 0.952990
1182.2 0.952990
1182.3 0.952990
1182.4 0.952990
1182.5 0.952990
1182.6 0.952990
1182.7 0.952990
1182.8 0.952990
1182.9 0.952990
1183.0 0.952990
1183.1 0.952990
1183.2 0.952990
1183.3 0.952990
1183.4 0.952990
1183.5 0.952990
1183.6 0.952990
1183.7 0.952990
1183.8 0.952990
1183.9 0.952990
1184.0 0.952990
1184.1 0.952990
1184.2 0.952990
1184.3 0.952990
1184.4 0.952990
1184.5 0.952990
1184.6 0.952990
1184.7 0.952990
1184.8 0.952990
1184.9 0.952990
1185.0 0.952990
1185.1 0.952990
1185.2 0.952990
1185.3 0.952990
1185.4 0.952990
1185.5 0.952990
1185.6 0.952990
1185.7 0.952990
1185.8 0.952990
1185.9 0.952990
1186.0 0.952990
1186.1 0.952990
1186.2 0.952990
1186.3 0.952990
1186.4 0.952990
1186.5 0.952990
1186.6 0.952990
1186.7 0.952990
1186.8 0.952990
1186.9 0.952990
1187.0 0.952990
1187.1 0.952990
1187.2 0.952990
1187.3 0.952990
1187.4 0.952990
1187.5 0.952990
1187.6 0.952990
1187.7 0.952990
1187.8 0.952990
1187.9 0.952990
1188.0 0.952990
1188.1 0.952990
1188.2 0.952990
1188.3 0.952990
1188.4 0.952990
1188.5 0.952990
1188.6 0.952990
1188.7 0.952990
1188.8 0.952990
1188.9 0.952990
1189.0 0.952990
1189.1 0.952990
1189.2 0.952990
1189.3 0.952990
1189.4 0.952990
1189.5 0.952990
1189.6 0.952990
1189.7 0.952990
1189.8 0.952990
1189.9 0.952990
1190.0 0.952990
1190.1 0.952990
1190.2 0.952990
1190.3 0.952990
1190.4 0.952990
1190.5 0.952990
1190.6 0.952990
1190.7 0.952990
1190.8 0.952990
1190.9 0.952990
1191.0 0.952990
1191.1 0.952990
1191.2 0.952990
1191.3 0.952990
1191.4 0.952990
1191.5 0.952990
1191.6 0.952990
1191.7 0.952990
1191.8 0.952990
1191.9 0.952990
1192.0 0.952990
1192.1 0.952990
1192.2 0.952990
1192.3 0.952990
1192.4 0.952990
1192.5 0.952990
1192.6 0.952990
1192.7 0.952990
1192.8 0.952990
1192.9 0.952990
1193.0 0.952990
1193.1 0.952990
1193.2 0.952990
1193.3 0.952990
1193.4 0.952990
1193.5 0.952990
1193.6 0.952990
1193.7 0.952990
1193.8 0.952990
1193.9 0.952990
1194.0 0.952990
1194.1 0.952990
1194.2 0.952990
1194.3 0.952990
1194.4 0.952990
1194.5 0.952990
1194.6 0.952990
1194.7 0.952990
1194.8 0.952990
1194.9 0.952990
1195.0 0.952990
1195.1 0.952990
1195.2 0.952990
1195.3 0.952990
1195.4 0.952990
1195.5 0.952990
1195.6 0.952990
1195.7 0.952990
1195.8 0.952990
1195.9 0.952990
1196.0 0.952990
1196.1 0.952990
1196.2 0.952990
1196.3 0.952990
1196.4 0.952990
1196.5 0.952990
1196.6 0.952990
1196.7 0.952990
1196.8 0.952990
1196.9 0.952990
1197.0 0.952990
1197.1 0.952990
1197.2 0.952990
1197.3 0.952990
1197.4 0.952990
1197.5 0.952990
1197.6 0.952990
1197.7 0.952990
1197.8 0.952990
1197.9 0.952990
1198.0 0.952990
1198.1 0.952990
1198.2 0.952990
1198.3 0.952990
1198.4 0.952990
1198.5 0.952990
1198.6 0.952990
1198.7 0.952990
1198.8 0.952990
1198.9 0.952990
1199.0 0.952990
1199.1 0.952990
1199.2 0.952990
1199.3 0.952990
1199.4 0.952990
1199.5 0.952990
1199.6 0.952990
1199.7 0.952990
1199.8 0.952990
1199.9 0.952990
