# author: uvex_response
# source: jpl_150nmcenter_detector_20250522
# date_created: 2026-09-24
# status: model
# wavelength_unit: nm

wavelength    transmission
100.0 2.4e-05
100.1 2.49e-05
100.2 2.58e-05
100.3 2.67e-05
100.4 2.76e-05
100.5 2.85e-05
100.6 2.94e-05
100.7 3.03e-05
100.8 3.12e-05
100.9 3.21e-05
101.0 3.3e-05
101.1 3.75e-05
101.2 4.2e-05
101.3 4.65e-05
101.4 5.1e-05
101.5 5.55e-05
101.6 6e-05
101.7 6.45e-05
101.8 6.9e-05
101.9 7.35e-05
102.0 7.8e-05
102.1 8.64e-05
102.2 9.48e-05
102.3 0.0001032
102.4 0.0001116
102.5 0.00012
102.6 0.0001284
102.7 0.0001368
102.8 0.0001452
102.9 0.0001536
103.0 0.000162
103.1 0.0001748
103.2 0.0001876
103.3 0.0002004
103.4 0.0002132
103.5 0.000226
103.6 0.0002388
103.7 0.0002516
103.8 0.0002644
103.9 0.0002772
104.0 0.00029
104.1 0.0003114
104.2 0.0003328
104.3 0.0003542
104.4 0.0003756
104.5 0.000397
104.6 0.0004184
104.7 0.0004398
104.8 0.0004612
104.9 0.0004826
105.0 0.000504
105.1 0.0005386
105.2 0.0005732
105.3 0.0006078
105.4 0.0006424
105.5 0.000677
105.6 0.0007116
105.7 0.0007462
105.8 0.0007808
105.9 0.0008154
106.0 0.00085
106.1 0.0008923
106.2 0.0009346
106.3 0.0009769
106.4 0.0010192
106.5 0.0010615
106.6 0.0011038
106.7 0.0011461
106.8 0.0011884
106.9 0.0012307
107.0 0.001273
107.1 0.0013007
107.2 0.0013284
107.3 0.0013561
107.4 0.0013838
107.5 0.0014115
107.6 0.0014392
107.7 0.0014669
107.8 0.0014946
107.9 0.0015223
108.0 0.00155
108.1 0.0015808
108.2 0.0016116
108.3 0.0016424
108.4 0.0016732
108.5 0.001704
108.6 0.0017348
108.7 0.0017656
108.8 0.0017964
108.9 0.0018272
109.0 0.001858
109.1 0.0018913
109.2 0.0019246
109.3 0.0019579
109.4 0.0019912
109.5 0.0020245
109.6 0.0020578
109.7 0.0020911
109.8 0.0021244
109.9 0.0021577
110.0 0.002191
110.1 0.0021566
110.2 0.0021222
110.3 0.0020878
110.4 0.0020534
110.5 0.002019
110.6 0.0019846
110.7 0.0019502
110.8 0.0019158
110.9 0.0018814
111.0 0.001847
111.1 0.0018235
111.2 0.0018
111.3 0.0017765
111.4 0.001753
111.5 0.0017295
111.6 0.001706
111.7 0.0016825
111.8 0.001659
111.9 0.0016355
112.0 0.001612
112.1 0.0015975
112.2 0.001583
112.3 0.0015685
112.4 0.001554
112.5 0.0015395
112.6 0.001525
112.7 0.0015105
112.8 0.001496
112.9 0.0014815
113.0 0.001467
113.1 0.0014582
113.2 0.0014494
113.3 0.0014406
113.4 0.0014318
113.5 0.001423
113.6 0.0014142
113.7 0.0014054
113.8 0.0013966
113.9 0.0013878
114.0 0.001379
114.1 0.0013763
114.2 0.0013736
114.3 0.0013709
114.4 0.0013682
114.5 0.0013655
114.6 0.0013628
114.7 0.0013601
114.8 0.0013574
114.9 0.0013547
115.0 0.001352
115.1 0.0013564
115.2 0.0013608
115.3 0.0013652
115.4 0.0013696
115.5 0.001374
115.6 0.0013784
115.7 0.0013828
115.8 0.0013872
115.9 0.0013916
116.0 0.001396
116.1 0.0014041
116.2 0.0014122
116.3 0.0014203
116.4 0.0014284
116.5 0.0014365
116.6 0.0014446
116.7 0.0014527
116.8 0.0014608
116.9 0.0014689
117.0 0.001477
117.1 0.0014878
117.2 0.0014986
117.3 0.0015094
117.4 0.0015202
117.5 0.001531
117.6 0.0015418
117.7 0.0015526
117.8 0.0015634
117.9 0.0015742
118.0 0.001585
118.1 0.0015998
118.2 0.0016146
118.3 0.0016294
118.4 0.0016442
118.5 0.001659
118.6 0.0016738
118.7 0.0016886
118.8 0.0017034
118.9 0.0017182
119.0 0.001733
119.1 0.0017527
119.2 0.0017724
119.3 0.0017921
119.4 0.0018118
119.5 0.0018315
119.6 0.0018512
119.7 0.0018709
119.8 0.0018906
119.9 0.0019103
120.0 0.00193
120.1 0.0019553
120.2 0.0019806
120.3 0.0020059
120.4 0.0020312
120.5 0.0020565
120.6 0.0020818
120.7 0.0021071
120.8 0.0021324
120.9 0.0021577
121.0 0.002183
121.1 0.0022193
121.2 0.0022556
121.3 0.0022919
121.4 0.0023282
121.5 0.0023645
121.6 0.0024008
121.7 0.0024371
121.8 0.0024734
121.9 0.0025097
122.0 0.002546
122.1 0.0026007
122.2 0.0026554
122.3 0.0027101
122.4 0.0027648
122.5 0.0028195
122.6 0.0028742
122.7 0.0029289
122.8 0.0029836
122.9 0.0030383
123.0 0.003093
123.1 0.0031707
123.2 0.0032484
123.3 0.0033261
123.4 0.0034038
123.5 0.0034815
123.6 0.0035592
123.7 0.0036369
123.8 0.0037146
123.9 0.0037923
124.0 0.00387
124.1 0.0039835
124.2 0.004097
124.3 0.0042105
124.4 0.004324
124.5 0.0044375
124.6 0.004551
124.7 0.0046645
124.8 0.004778
124.9 0.0048915
125.0 0.005005
125.1 0.0051719
125.2 0.0053388
125.3 0.0055057
125.4 0.0056726
125.5 0.0058395
125.6 0.0060064
125.7 0.0061733
125.8 0.0063402
125.9 0.0065071
126.0 0.006674
126.1 0.0069263
126.2 0.0071786
126.3 0.0074309
126.4 0.0076832
126.5 0.0079355
126.6 0.0081878
126.7 0.0084401
126.8 0.0086924
126.9 0.0089447
127.0 0.009197
127.1 0.0095911
127.2 0.0099852
127.3 0.0103793
127.4 0.0107734
127.5 0.0111675
127.6 0.0115616
127.7 0.0119557
127.8 0.0123498
127.9 0.0127439
128.0 0.013138
128.1 0.0137718
128.2 0.0144056
128.3 0.0150394
128.4 0.0156732
128.5 0.016307
128.6 0.0169408
128.7 0.0175746
128.8 0.0182084
128.9 0.0188422
129.0 0.019476
129.1 0.0205262
129.2 0.0215764
129.3 0.0226266
129.4 0.0236768
129.5 0.024727
129.6 0.0257772
129.7 0.0268274
129.8 0.0278776
129.9 0.0289278
130.0 0.029978
130.1 0.0317684
130.2 0.0335588
130.3 0.0353492
130.4 0.0371396
130.5 0.03893
130.6 0.0407204
130.7 0.0425108
130.8 0.0443012
130.9 0.0460916
131.0 0.047882
131.1 0.0509715
131.2 0.054061
131.3 0.0571505
131.4 0.06024
131.5 0.0633295
131.6 0.066419
131.7 0.0695085
131.8 0.072598
131.9 0.0756875
132.0 0.078777
132.1 0.0839782
132.2 0.0891794
132.3 0.0943806
132.4 0.0995818
132.5 0.104783
132.6 0.109984
132.7 0.115185
132.8 0.120387
132.9 0.125588
133.0 0.130789
133.1 0.136339
133.2 0.141889
133.3 0.147438
133.4 0.152988
133.5 0.158538
133.6 0.164088
133.7 0.169638
133.8 0.175187
133.9 0.180737
134.0 0.186287
134.1 0.189275
134.2 0.192263
134.3 0.195252
134.4 0.19824
134.5 0.201228
134.6 0.204216
134.7 0.207204
134.8 0.210193
134.9 0.213181
135.0 0.216169
135.1 0.219353
135.2 0.222537
135.3 0.225721
135.4 0.228905
135.5 0.232089
135.6 0.235273
135.7 0.238457
135.8 0.241641
135.9 0.244825
136.0 0.248009
136.1 0.251271
136.2 0.254532
136.3 0.257794
136.4 0.261055
136.5 0.264317
136.6 0.267578
136.7 0.27084
136.8 0.274101
136.9 0.277363
137.0 0.280624
137.1 0.283821
137.2 0.287017
137.3 0.290214
137.4 0.293411
137.5 0.296608
137.6 0.299804
137.7 0.303001
137.8 0.306198
137.9 0.309394
138.0 0.312591
138.1 0.315586
138.2 0.318581
138.3 0.321576
138.4 0.324571
138.5 0.327567
138.6 0.330562
138.7 0.333557
138.8 0.336552
138.9 0.339547
139.0 0.342542
139.1 0.345204
139.2 0.347867
139.3 0.350529
139.4 0.353192
139.5 0.355854
139.6 0.358516
139.7 0.361179
139.8 0.363841
139.9 0.366504
140.0 0.369166
140.1 0.37146
140.2 0.373755
140.3 0.376049
140.4 0.378344
140.5 0.380638
140.6 0.382932
140.7 0.385227
140.8 0.387521
140.9 0.389816
141.0 0.39211
141.1 0.393977
141.2 0.395845
141.3 0.397712
141.4 0.399579
141.5 0.401447
141.6 0.403314
141.7 0.405181
141.8 0.407048
141.9 0.408916
142.0 0.410783
142.1 0.412241
142.2 0.4137
142.3 0.415158
142.4 0.416617
142.5 0.418075
142.6 0.419533
142.7 0.420992
142.8 0.42245
142.9 0.423909
143.0 0.425367
143.1 0.426499
143.2 0.42763
143.3 0.428762
143.4 0.429893
143.5 0.431025
143.6 0.432156
143.7 0.433288
143.8 0.434419
143.9 0.435551
144.0 0.436682
144.1 0.437517
144.2 0.438352
144.3 0.439187
144.4 0.440022
144.5 0.440857
144.6 0.441691
144.7 0.442526
144.8 0.443361
144.9 0.444196
145.0 0.445031
145.1 0.445531
145.2 0.446031
145.3 0.446531
145.4 0.447031
145.5 0.447531
145.6 0.44803
145.7 0.44853
145.8 0.44903
145.9 0.44953
146.0 0.45003
146.1 0.45035
146.2 0.45067
146.3 0.45099
146.4 0.45131
146.5 0.45163
146.6 0.45195
146.7 0.45227
146.8 0.45259
146.9 0.45291
147.0 0.45323
147.1 0.453411
147.2 0.453592
147.3 0.453774
147.4 0.453955
147.5 0.454136
147.6 0.454317
147.7 0.454498
147.8 0.45468
147.9 0.454861
148.0 0.455042
148.1 0.455114
148.2 0.455187
148.3 0.455259
148.4 0.455332
148.5 0.455404
148.6 0.455476
148.7 0.455549
148.8 0.455621
148.9 0.455694
149.0 0.455766
149.1 0.455748
149.2 0.45573
149.3 0.455712
149.4 0.455694
149.5 0.455676
149.6 0.455658
149.7 0.45564
149.8 0.455622
149.9 0.455604
150.0 0.455586
150.1 0.455485
150.2 0.455385
150.3 0.455284
150.4 0.455184
150.5 0.455083
150.6 0.454983
150.7 0.454882
150.8 0.454782
150.9 0.454682
151.0 0.454581
151.1 0.454373
151.2 0.454165
151.3 0.453957
151.4 0.453749
151.5 0.45354
151.6 0.453332
151.7 0.453124
151.8 0.452916
151.9 0.452708
152.0 0.4525
152.1 0.452153
152.2 0.451805
152.3 0.451458
152.4 0.451111
152.5 0.450763
152.6 0.450416
152.7 0.450069
152.8 0.449722
152.9 0.449374
153.0 0.449027
153.1 0.44852
153.2 0.448013
153.3 0.447505
153.4 0.446998
153.5 0.446491
153.6 0.445984
153.7 0.445477
153.8 0.444969
153.9 0.444462
154.0 0.443955
154.1 0.442592
154.2 0.441229
154.3 0.439866
154.4 0.438503
154.5 0.43714
154.6 0.435778
154.7 0.434415
154.8 0.433052
154.9 0.431689
155.0 0.430326
155.1 0.427811
155.2 0.425297
155.3 0.422782
155.4 0.420267
155.5 0.417752
155.6 0.415238
155.7 0.412723
155.8 0.410208
155.9 0.407694
156.0 0.405179
156.1 0.402047
156.2 0.398915
156.3 0.395783
156.4 0.392651
156.5 0.389519
156.6 0.386388
156.7 0.383256
156.8 0.380124
156.9 0.376992
157.0 0.37386
157.1 0.370327
157.2 0.366795
157.3 0.363262
157.4 0.35973
157.5 0.356197
157.6 0.352664
157.7 0.349132
157.8 0.345599
157.9 0.342067
158.0 0.338534
158.1 0.334872
158.2 0.33121
158.3 0.327547
158.4 0.323885
158.5 0.320223
158.6 0.316561
158.7 0.312899
158.8 0.309236
158.9 0.305574
159.0 0.301912
159.1 0.298371
159.2 0.294831
159.3 0.29129
159.4 0.28775
159.5 0.284209
159.6 0.280668
159.7 0.277128
159.8 0.273587
159.9 0.270047
160.0 0.266506
160.1 0.263459
160.2 0.260412
160.3 0.257366
160.4 0.254319
160.5 0.251272
160.6 0.248225
160.7 0.245178
160.8 0.242132
160.9 0.239085
161.0 0.236038
161.1 0.234127
161.2 0.232215
161.3 0.230304
161.4 0.228392
161.5 0.226481
161.6 0.22457
161.7 0.222658
161.8 0.220747
161.9 0.218835
162.0 0.216924
162.1 0.215178
162.2 0.213432
162.3 0.211686
162.4 0.20994
162.5 0.208194
162.6 0.206448
162.7 0.204702
162.8 0.202956
162.9 0.20121
163.0 0.199464
163.1 0.197883
163.2 0.196303
163.3 0.194722
163.4 0.193142
163.5 0.191561
163.6 0.189981
163.7 0.1884
163.8 0.18682
163.9 0.185239
164.0 0.183659
164.1 0.182234
164.2 0.18081
164.3 0.179385
164.4 0.177961
164.5 0.176536
164.6 0.175111
164.7 0.173687
164.8 0.172262
164.9 0.170838
165.0 0.169413
165.1 0.168133
165.2 0.166852
165.3 0.165572
165.4 0.164291
165.5 0.163011
165.6 0.161731
165.7 0.16045
165.8 0.15917
165.9 0.157889
166.0 0.156609
166.1 0.155464
166.2 0.15432
166.3 0.153175
166.4 0.15203
166.5 0.150885
166.6 0.149741
166.7 0.148596
166.8 0.147451
166.9 0.146307
167.0 0.145162
167.1 0.144136
167.2 0.14311
167.3 0.142084
167.4 0.141058
167.5 0.140031
167.6 0.139005
167.7 0.137979
167.8 0.136953
167.9 0.135927
168.0 0.134901
168.1 0.133979
168.2 0.133057
168.3 0.132134
168.4 0.131212
168.5 0.13029
168.6 0.129368
168.7 0.128446
168.8 0.127523
168.9 0.126601
169.0 0.125679
169.1 0.124848
169.2 0.124018
169.3 0.123187
169.4 0.122357
169.5 0.121526
169.6 0.120695
169.7 0.119865
169.8 0.119034
169.9 0.118204
170.0 0.117373
170.1 0.116633
170.2 0.115893
170.3 0.115152
170.4 0.114412
170.5 0.113672
170.6 0.112932
170.7 0.112192
170.8 0.111451
170.9 0.110711
171.0 0.109971
171.1 0.109305
171.2 0.10864
171.3 0.107974
171.4 0.107308
171.5 0.106642
171.6 0.105977
171.7 0.105311
171.8 0.104645
171.9 0.10398
172.0 0.103314
172.1 0.102704
172.2 0.102095
172.3 0.101485
172.4 0.100876
172.5 0.100266
172.6 0.099657
172.7 0.0990475
172.8 0.098438
172.9 0.0978285
173.0 0.097219
173.1 0.0966583
173.2 0.0960976
173.3 0.0955369
173.4 0.0949762
173.5 0.0944155
173.6 0.0938548
173.7 0.0932941
173.8 0.0927334
173.9 0.0921727
174.0 0.091612
174.1 0.0910924
174.2 0.0905728
174.3 0.0900532
174.4 0.0895336
174.5 0.089014
174.6 0.0884944
174.7 0.0879748
174.8 0.0874552
174.9 0.0869356
175.0 0.086416
175.1 0.0859393
175.2 0.0854626
175.3 0.0849859
175.4 0.0845092
175.5 0.0840325
175.6 0.0835558
175.7 0.0830791
175.8 0.0826024
175.9 0.0821257
176.0 0.081649
176.1 0.0812018
176.2 0.0807546
176.3 0.0803074
176.4 0.0798602
176.5 0.079413
176.6 0.0789658
176.7 0.0785186
176.8 0.0780714
176.9 0.0776242
177.0 0.077177
177.1 0.0767645
177.2 0.076352
177.3 0.0759395
177.4 0.075527
177.5 0.0751145
177.6 0.074702
177.7 0.0742895
177.8 0.073877
177.9 0.0734645
178.0 0.073052
178.1 0.0726612
178.2 0.0722704
178.3 0.0718796
178.4 0.0714888
178.5 0.071098
178.6 0.0707072
178.7 0.0703164
178.8 0.0699256
178.9 0.0695348
179.0 0.069144
179.1 0.0687706
179.2 0.0683972
179.3 0.0680238
179.4 0.0676504
179.5 0.067277
179.6 0.0669036
179.7 0.0665302
179.8 0.0661568
179.9 0.0657834
180.0 0.06541
180.1 0.0650571
180.2 0.0647042
180.3 0.0643513
180.4 0.0639984
180.5 0.0636455
180.6 0.0632926
180.7 0.0629397
180.8 0.0625868
180.9 0.0622339
181.0 0.061881
181.1 0.0615401
181.2 0.0611992
181.3 0.0608583
181.4 0.0605174
181.5 0.0601765
181.6 0.0598356
181.7 0.0594947
181.8 0.0591538
181.9 0.0588129
182.0 0.058472
182.1 0.0581417
182.2 0.0578114
182.3 0.0574811
182.4 0.0571508
182.5 0.0568205
182.6 0.0564902
182.7 0.0561599
182.8 0.0558296
182.9 0.0554993
183.0 0.055169
183.1 0.0548496
183.2 0.0545302
183.3 0.0542108
183.4 0.0538914
183.5 0.053572
183.6 0.0532526
183.7 0.0529332
183.8 0.0526138
183.9 0.0522944
184.0 0.051975
184.1 0.0516671
184.2 0.0513592
184.3 0.0510513
184.4 0.0507434
184.5 0.0504355
184.6 0.0501276
184.7 0.0498197
184.8 0.0495118
184.9 0.0492039
185.0 0.048896
185.1 0.0485975
185.2 0.048299
185.3 0.0480005
185.4 0.047702
185.5 0.0474035
185.6 0.047105
185.7 0.0468065
185.8 0.046508
185.9 0.0462095
186.0 0.045911
186.1 0.0456218
186.2 0.0453326
186.3 0.0450434
186.4 0.0447542
186.5 0.044465
186.6 0.0441758
186.7 0.0438866
186.8 0.0435974
186.9 0.0433082
187.0 0.043019
187.1 0.0427397
187.2 0.0424604
187.3 0.0421811
187.4 0.0419018
187.5 0.0416225
187.6 0.0413432
187.7 0.0410639
187.8 0.0407846
187.9 0.0405053
188.0 0.040226
188.1 0.0399568
188.2 0.0396876
188.3 0.0394184
188.4 0.0391492
188.5 0.03888
188.6 0.0386108
188.7 0.0383416
188.8 0.0380724
188.9 0.0378032
189.0 0.037534
189.1 0.0372756
189.2 0.0370172
189.3 0.0367588
189.4 0.0365004
189.5 0.036242
189.6 0.0359836
189.7 0.0357252
189.8 0.0354668
189.9 0.0352084
190.0 0.03495
190.1 0.0347025
190.2 0.034455
190.3 0.0342075
190.4 0.03396
190.5 0.0337125
190.6 0.033465
190.7 0.0332175
190.8 0.03297
190.9 0.0327225
191.0 0.032475
191.1 0.0322388
191.2 0.0320026
191.3 0.0317664
191.4 0.0315302
191.5 0.031294
191.6 0.0310578
191.7 0.0308216
191.8 0.0305854
191.9 0.0303492
192.0 0.030113
192.1 0.0298888
192.2 0.0296646
192.3 0.0294404
192.4 0.0292162
192.5 0.028992
192.6 0.0287678
192.7 0.0285436
192.8 0.0283194
192.9 0.0280952
193.0 0.027871
193.1 0.0276593
193.2 0.0274476
193.3 0.0272359
193.4 0.0270242
193.5 0.0268125
193.6 0.0266008
193.7 0.0263891
193.8 0.0261774
193.9 0.0259657
194.0 0.025754
194.1 0.0255547
194.2 0.0253554
194.3 0.0251561
194.4 0.0249568
194.5 0.0247575
194.6 0.0245582
194.7 0.0243589
194.8 0.0241596
194.9 0.0239603
195.0 0.023761
195.1 0.023572
195.2 0.023383
195.3 0.023194
195.4 0.023005
195.5 0.022816
195.6 0.022627
195.7 0.022438
195.8 0.022249
195.9 0.02206
196.0 0.021871
196.1 0.0216946
196.2 0.0215182
196.3 0.0213418
196.4 0.0211654
196.5 0.020989
196.6 0.0208126
196.7 0.0206362
196.8 0.0204598
196.9 0.0202834
197.0 0.020107
197.1 0.0199429
197.2 0.0197788
197.3 0.0196147
197.4 0.0194506
197.5 0.0192865
197.6 0.0191224
197.7 0.0189583
197.8 0.0187942
197.9 0.0186301
198.0 0.018466
198.1 0.0183145
198.2 0.018163
198.3 0.0180115
198.4 0.01786
198.5 0.0177085
198.6 0.017557
198.7 0.0174055
198.8 0.017254
198.9 0.0171025
199.0 0.016951
199.1 0.0168111
199.2 0.0166712
199.3 0.0165313
199.4 0.0163914
199.5 0.0162515
199.6 0.0161116
199.7 0.0159717
199.8 0.0158318
199.9 0.0156919
200.0 0.015552
200.1 0.0154351
200.2 0.0153182
200.3 0.0152013
200.4 0.0150844
200.5 0.0149675
200.6 0.0148506
200.7 0.0147337
200.8 0.0146168
200.9 0.0144999
201.0 0.014383
201.1 0.0142746
201.2 0.0141662
201.3 0.0140578
201.4 0.0139494
201.5 0.013841
201.6 0.0137326
201.7 0.0136242
201.8 0.0135158
201.9 0.0134074
202.0 0.013299
202.1 0.0131988
202.2 0.0130986
202.3 0.0129984
202.4 0.0128982
202.5 0.012798
202.6 0.0126978
202.7 0.0125976
202.8 0.0124974
202.9 0.0123972
203.0 0.012297
203.1 0.0122045
203.2 0.012112
203.3 0.0120195
203.4 0.011927
203.5 0.0118345
203.6 0.011742
203.7 0.0116495
203.8 0.011557
203.9 0.0114645
204.0 0.011372
204.1 0.0112866
204.2 0.0112012
204.3 0.0111158
204.4 0.0110304
204.5 0.010945
204.6 0.0108596
204.7 0.0107742
204.8 0.0106888
204.9 0.0106034
205.0 0.010518
205.1 0.0104397
205.2 0.0103614
205.3 0.0102831
205.4 0.0102048
205.5 0.0101265
205.6 0.0100482
205.7 0.0099699
205.8 0.0098916
205.9 0.0098133
206.0 0.009735
206.1 0.009663
206.2 0.009591
206.3 0.009519
206.4 0.009447
206.5 0.009375
206.6 0.009303
206.7 0.009231
206.8 0.009159
206.9 0.009087
207.0 0.009015
207.1 0.0089491
207.2 0.0088832
207.3 0.0088173
207.4 0.0087514
207.5 0.0086855
207.6 0.0086196
207.7 0.0085537
207.8 0.0084878
207.9 0.0084219
208.0 0.008356
208.1 0.0082941
208.2 0.0082322
208.3 0.0081703
208.4 0.0081084
208.5 0.0080465
208.6 0.0079846
208.7 0.0079227
208.8 0.0078608
208.9 0.0077989
209.0 0.007737
209.1 0.007681
209.2 0.007625
209.3 0.007569
209.4 0.007513
209.5 0.007457
209.6 0.007401
209.7 0.007345
209.8 0.007289
209.9 0.007233
210.0 0.007177
210.1 0.0071244
210.2 0.0070718
210.3 0.0070192
210.4 0.0069666
210.5 0.006914
210.6 0.0068614
210.7 0.0068088
210.8 0.0067562
210.9 0.0067036
211.0 0.006651
211.1 0.0066031
211.2 0.0065552
211.3 0.0065073
211.4 0.0064594
211.5 0.0064115
211.6 0.0063636
211.7 0.0063157
211.8 0.0062678
211.9 0.0062199
212.0 0.006172
212.1 0.0061274
212.2 0.0060828
212.3 0.0060382
212.4 0.0059936
212.5 0.005949
212.6 0.0059044
212.7 0.0058598
212.8 0.0058152
212.9 0.0057706
213.0 0.005726
213.1 0.0056852
213.2 0.0056444
213.3 0.0056036
213.4 0.0055628
213.5 0.005522
213.6 0.0054812
213.7 0.0054404
213.8 0.0053996
213.9 0.0053588
214.0 0.005318
214.1 0.0052807
214.2 0.0052434
214.3 0.0052061
214.4 0.0051688
214.5 0.0051315
214.6 0.0050942
214.7 0.0050569
214.8 0.0050196
214.9 0.0049823
215.0 0.004945
215.1 0.0049115
215.2 0.004878
215.3 0.0048445
215.4 0.004811
215.5 0.0047775
215.6 0.004744
215.7 0.0047105
215.8 0.004677
215.9 0.0046435
216.0 0.00461
216.1 0.0045783
216.2 0.0045466
216.3 0.0045149
216.4 0.0044832
216.5 0.0044515
216.6 0.0044198
216.7 0.0043881
216.8 0.0043564
216.9 0.0043247
217.0 0.004293
217.1 0.0042636
217.2 0.0042342
217.3 0.0042048
217.4 0.0041754
217.5 0.004146
217.6 0.0041166
217.7 0.0040872
217.8 0.0040578
217.9 0.0040284
218.0 0.003999
218.1 0.0039725
218.2 0.003946
218.3 0.0039195
218.4 0.003893
218.5 0.0038665
218.6 0.00384
218.7 0.0038135
218.8 0.003787
218.9 0.0037605
219.0 0.003734
219.1 0.0037098
219.2 0.0036856
219.3 0.0036614
219.4 0.0036372
219.5 0.003613
219.6 0.0035888
219.7 0.0035646
219.8 0.0035404
219.9 0.0035162
220.0 0.003492
220.1 0.0034697
220.2 0.0034474
220.3 0.0034251
220.4 0.0034028
220.5 0.0033805
220.6 0.0033582
220.7 0.0033359
220.8 0.0033136
220.9 0.0032913
221.0 0.003269
221.1 0.003249
221.2 0.003229
221.3 0.003209
221.4 0.003189
221.5 0.003169
221.6 0.003149
221.7 0.003129
221.8 0.003109
221.9 0.003089
222.0 0.003069
222.1 0.0030503
222.2 0.0030316
222.3 0.0030129
222.4 0.0029942
222.5 0.0029755
222.6 0.0029568
222.7 0.0029381
222.8 0.0029194
222.9 0.0029007
223.0 0.002882
223.1 0.0028654
223.2 0.0028488
223.3 0.0028322
223.4 0.0028156
223.5 0.002799
223.6 0.0027824
223.7 0.0027658
223.8 0.0027492
223.9 0.0027326
224.0 0.002716
224.1 0.0027006
224.2 0.0026852
224.3 0.0026698
224.4 0.0026544
224.5 0.002639
224.6 0.0026236
224.7 0.0026082
224.8 0.0025928
224.9 0.0025774
225.0 0.002562
225.1 0.0025478
225.2 0.0025336
225.3 0.0025194
225.4 0.0025052
225.5 0.002491
225.6 0.0024768
225.7 0.0024626
225.8 0.0024484
225.9 0.0024342
226.0 0.00242
226.1 0.0024074
226.2 0.0023948
226.3 0.0023822
226.4 0.0023696
226.5 0.002357
226.6 0.0023444
226.7 0.0023318
226.8 0.0023192
226.9 0.0023066
227.0 0.002294
227.1 0.002283
227.2 0.002272
227.3 0.002261
227.4 0.00225
227.5 0.002239
227.6 0.002228
227.7 0.002217
227.8 0.002206
227.9 0.002195
228.0 0.002184
228.1 0.0021748
228.2 0.0021656
228.3 0.0021564
228.4 0.0021472
228.5 0.002138
228.6 0.0021288
228.7 0.0021196
228.8 0.0021104
228.9 0.0021012
229.0 0.002092
229.1 0.0020836
229.2 0.0020752
229.3 0.0020668
229.4 0.0020584
229.5 0.00205
229.6 0.0020416
229.7 0.0020332
229.8 0.0020248
229.9 0.0020164
230.0 0.002008
230.1 0.0020003
230.2 0.0019926
230.3 0.0019849
230.4 0.0019772
230.5 0.0019695
230.6 0.0019618
230.7 0.0019541
230.8 0.0019464
230.9 0.0019387
231.0 0.001931
231.1 0.0019236
231.2 0.0019162
231.3 0.0019088
231.4 0.0019014
231.5 0.001894
231.6 0.0018866
231.7 0.0018792
231.8 0.0018718
231.9 0.0018644
232.0 0.001857
232.1 0.0018498
232.2 0.0018426
232.3 0.0018354
232.4 0.0018282
232.5 0.001821
232.6 0.0018138
232.7 0.0018066
232.8 0.0017994
232.9 0.0017922
233.0 0.001785
233.1 0.0017778
233.2 0.0017706
233.3 0.0017634
233.4 0.0017562
233.5 0.001749
233.6 0.0017418
233.7 0.0017346
233.8 0.0017274
233.9 0.0017202
234.0 0.001713
234.1 0.0017057
234.2 0.0016984
234.3 0.0016911
234.4 0.0016838
234.5 0.0016765
234.6 0.0016692
234.7 0.0016619
234.8 0.0016546
234.9 0.0016473
235.0 0.00164
235.1 0.0016326
235.2 0.0016252
235.3 0.0016178
235.4 0.0016104
235.5 0.001603
235.6 0.0015956
235.7 0.0015882
235.8 0.0015808
235.9 0.0015734
236.0 0.001566
236.1 0.0015586
236.2 0.0015512
236.3 0.0015438
236.4 0.0015364
236.5 0.001529
236.6 0.0015216
236.7 0.0015142
236.8 0.0015068
236.9 0.0014994
237.0 0.001492
237.1 0.0014846
237.2 0.0014772
237.3 0.0014698
237.4 0.0014624
237.5 0.001455
237.6 0.0014476
237.7 0.0014402
237.8 0.0014328
237.9 0.0014254
238.0 0.001418
238.1 0.0014108
238.2 0.0014036
238.3 0.0013964
238.4 0.0013892
238.5 0.001382
238.6 0.0013748
238.7 0.0013676
238.8 0.0013604
238.9 0.0013532
239.0 0.001346
239.1 0.001339
239.2 0.001332
239.3 0.001325
239.4 0.001318
239.5 0.001311
239.6 0.001304
239.7 0.001297
239.8 0.00129
239.9 0.001283
240.0 0.001276
240.1 0.0012693
240.2 0.0012626
240.3 0.0012559
240.4 0.0012492
240.5 0.0012425
240.6 0.0012358
240.7 0.0012291
240.8 0.0012224
240.9 0.0012157
241.0 0.001209
241.1 0.0012024
241.2 0.0011958
241.3 0.0011892
241.4 0.0011826
241.5 0.001176
241.6 0.0011694
241.7 0.0011628
241.8 0.0011562
241.9 0.0011496
242.0 0.001143
242.1 0.0011367
242.2 0.0011304
242.3 0.0011241
242.4 0.0011178
242.5 0.0011115
242.6 0.0011052
242.7 0.0010989
242.8 0.0010926
242.9 0.0010863
243.0 0.00108
243.1 0.0010743
243.2 0.0010686
243.3 0.0010629
243.4 0.0010572
243.5 0.0010515
243.6 0.0010458
243.7 0.0010401
243.8 0.0010344
243.9 0.0010287
244.0 0.001023
244.1 0.0010173
244.2 0.0010116
244.3 0.0010059
244.4 0.0010002
244.5 0.0009945
244.6 0.0009888
244.7 0.0009831
244.8 0.0009774
244.9 0.0009717
245.0 0.000966
245.1 0.0009608
245.2 0.0009556
245.3 0.0009504
245.4 0.0009452
245.5 0.00094
245.6 0.0009348
245.7 0.0009296
245.8 0.0009244
245.9 0.0009192
246.0 0.000914
246.1 0.0009092
246.2 0.0009044
246.3 0.0008996
246.4 0.0008948
246.5 0.00089
246.6 0.0008852
246.7 0.0008804
246.8 0.0008756
246.9 0.0008708
247.0 0.000866
247.1 0.0008613
247.2 0.0008566
247.3 0.0008519
247.4 0.0008472
247.5 0.0008425
247.6 0.0008378
247.7 0.0008331
247.8 0.0008284
247.9 0.0008237
248.0 0.000819
248.1 0.0008146
248.2 0.0008102
248.3 0.0008058
248.4 0.0008014
248.5 0.000797
248.6 0.0007926
248.7 0.0007882
248.8 0.0007838
248.9 0.0007794
249.0 0.000775
249.1 0.0007709
249.2 0.0007668
249.3 0.0007627
249.4 0.0007586
249.5 0.0007545
249.6 0.0007504
249.7 0.0007463
249.8 0.0007422
249.9 0.0007381
250.0 0.000734
250.1 0.00073
250.2 0.000726
250.3 0.000722
250.4 0.000718
250.5 0.000714
250.6 0.00071
250.7 0.000706
250.8 0.000702
250.9 0.000698
251.0 0.000694
251.1 0.0006904
251.2 0.0006868
251.3 0.0006832
251.4 0.0006796
251.5 0.000676
251.6 0.0006724
251.7 0.0006688
251.8 0.0006652
251.9 0.0006616
252.0 0.000658
252.1 0.0006545
252.2 0.000651
252.3 0.0006475
252.4 0.000644
252.5 0.0006405
252.6 0.000637
252.7 0.0006335
252.8 0.00063
252.9 0.0006265
253.0 0.000623
253.1 0.0006199
253.2 0.0006168
253.3 0.0006137
253.4 0.0006106
253.5 0.0006075
253.6 0.0006044
253.7 0.0006013
253.8 0.0005982
253.9 0.0005951
254.0 0.000592
254.1 0.0005889
254.2 0.0005858
254.3 0.0005827
254.4 0.0005796
254.5 0.0005765
254.6 0.0005734
254.7 0.0005703
254.8 0.0005672
254.9 0.0005641
255.0 0.000561
255.1 0.0005582
255.2 0.0005554
255.3 0.0005526
255.4 0.0005498
255.5 0.000547
255.6 0.0005442
255.7 0.0005414
255.8 0.0005386
255.9 0.0005358
256.0 0.000533
256.1 0.0005303
256.2 0.0005276
256.3 0.0005249
256.4 0.0005222
256.5 0.0005195
256.6 0.0005168
256.7 0.0005141
256.8 0.0005114
256.9 0.0005087
257.0 0.000506
257.1 0.0005035
257.2 0.000501
257.3 0.0004985
257.4 0.000496
257.5 0.0004935
257.6 0.000491
257.7 0.0004885
257.8 0.000486
257.9 0.0004835
258.0 0.000481
258.1 0.0004786
258.2 0.0004762
258.3 0.0004738
258.4 0.0004714
258.5 0.000469
258.6 0.0004666
258.7 0.0004642
258.8 0.0004618
258.9 0.0004594
259.0 0.000457
259.1 0.0004548
259.2 0.0004526
259.3 0.0004504
259.4 0.0004482
259.5 0.000446
259.6 0.0004438
259.7 0.0004416
259.8 0.0004394
259.9 0.0004372
260.0 0.000435
260.1 0.0004329
260.2 0.0004308
260.3 0.0004287
260.4 0.0004266
260.5 0.0004245
260.6 0.0004224
260.7 0.0004203
260.8 0.0004182
260.9 0.0004161
261.0 0.000414
261.1 0.000412
261.2 0.00041
261.3 0.000408
261.4 0.000406
261.5 0.000404
261.6 0.000402
261.7 0.0004
261.8 0.000398
261.9 0.000396
262.0 0.000394
262.1 0.0003922
262.2 0.0003904
262.3 0.0003886
262.4 0.0003868
262.5 0.000385
262.6 0.0003832
262.7 0.0003814
262.8 0.0003796
262.9 0.0003778
263.0 0.000376
263.1 0.0003743
263.2 0.0003726
263.3 0.0003709
263.4 0.0003692
263.5 0.0003675
263.6 0.0003658
263.7 0.0003641
263.8 0.0003624
263.9 0.0003607
264.0 0.000359
264.1 0.0003573
264.2 0.0003556
264.3 0.0003539
264.4 0.0003522
264.5 0.0003505
264.6 0.0003488
264.7 0.0003471
264.8 0.0003454
264.9 0.0003437
265.0 0.000342
265.1 0.0003405
265.2 0.000339
265.3 0.0003375
265.4 0.000336
265.5 0.0003345
265.6 0.000333
265.7 0.0003315
265.8 0.00033
265.9 0.0003285
266.0 0.000327
266.1 0.0003256
266.2 0.0003242
266.3 0.0003228
266.4 0.0003214
266.5 0.00032
266.6 0.0003186
266.7 0.0003172
266.8 0.0003158
266.9 0.0003144
267.0 0.000313
267.1 0.0003117
267.2 0.0003104
267.3 0.0003091
267.4 0.0003078
267.5 0.0003065
267.6 0.0003052
267.7 0.0003039
267.8 0.0003026
267.9 0.0003013
268.0 0.0003
268.1 0.0002988
268.2 0.0002976
268.3 0.0002964
268.4 0.0002952
268.5 0.000294
268.6 0.0002928
268.7 0.0002916
268.8 0.0002904
268.9 0.0002892
269.0 0.000288
269.1 0.000287
269.2 0.000286
269.3 0.000285
269.4 0.000284
269.5 0.000283
269.6 0.000282
269.7 0.000281
269.8 0.00028
269.9 0.000279
270.0 0.000278
270.1 0.000277
270.2 0.000276
270.3 0.000275
270.4 0.000274
270.5 0.000273
270.6 0.000272
270.7 0.000271
270.8 0.00027
270.9 0.000269
271.0 0.000268
271.1 0.0002672
271.2 0.0002664
271.3 0.0002656
271.4 0.0002648
271.5 0.000264
271.6 0.0002632
271.7 0.0002624
271.8 0.0002616
271.9 0.0002608
272.0 0.00026
272.1 0.0002593
272.2 0.0002586
272.3 0.0002579
272.4 0.0002572
272.5 0.0002565
272.6 0.0002558
272.7 0.0002551
272.8 0.0002544
272.9 0.0002537
273.0 0.000253
273.1 0.0002523
273.2 0.0002516
273.3 0.0002509
273.4 0.0002502
273.5 0.0002495
273.6 0.0002488
273.7 0.0002481
273.8 0.0002474
273.9 0.0002467
274.0 0.000246
274.1 0.0002455
274.2 0.000245
274.3 0.0002445
274.4 0.000244
274.5 0.0002435
274.6 0.000243
274.7 0.0002425
274.8 0.000242
274.9 0.0002415
275.0 0.000241
275.1 0.0002405
275.2 0.00024
275.3 0.0002395
275.4 0.000239
275.5 0.0002385
275.6 0.000238
275.7 0.0002375
275.8 0.000237
275.9 0.0002365
276.0 0.000236
276.1 0.0002355
276.2 0.000235
276.3 0.0002345
276.4 0.000234
276.5 0.0002335
276.6 0.000233
276.7 0.0002325
276.8 0.000232
276.9 0.0002315
277.0 0.000231
277.1 0.0002306
277.2 0.0002302
277.3 0.0002298
277.4 0.0002294
277.5 0.000229
277.6 0.0002286
277.7 0.0002282
277.8 0.0002278
277.9 0.0002274
278.0 0.000227
278.1 0.0002266
278.2 0.0002262
278.3 0.0002258
278.4 0.0002254
278.5 0.000225
278.6 0.0002246
278.7 0.0002242
278.8 0.0002238
278.9 0.0002234
279.0 0.000223
279.1 0.0002226
279.2 0.0002222
279.3 0.0002218
279.4 0.0002214
279.5 0.000221
279.6 0.0002206
279.7 0.0002202
279.8 0.0002198
279.9 0.0002194
280.0 0.000219
280.1 0.0002187
280.2 0.0002184
280.3 0.0002181
280.4 0.0002178
280.5 0.0002175
280.6 0.0002172
280.7 0.0002169
280.8 0.0002166
280.9 0.0002163
281.0 0.000216
281.1 0.0002156
281.2 0.0002152
281.3 0.0002148
281.4 0.0002144
281.5 0.000214
281.6 0.0002136
281.7 0.0002132
281.8 0.0002128
281.9 0.0002124
282.0 0.000212
282.1 0.0002117
282.2 0.0002114
282.3 0.0002111
282.4 0.0002108
282.5 0.0002105
282.6 0.0002102
282.7 0.0002099
282.8 0.0002096
282.9 0.0002093
283.0 0.000209
283.1 0.0002087
283.2 0.0002084
283.3 0.0002081
283.4 0.0002078
283.5 0.0002075
283.6 0.0002072
283.7 0.0002069
283.8 0.0002066
283.9 0.0002063
284.0 0.000206
284.1 0.0002058
284.2 0.0002056
284.3 0.0002054
284.4 0.0002052
284.5 0.000205
284.6 0.0002048
284.7 0.0002046
284.8 0.0002044
284.9 0.0002042
285.0 0.000204
285.1 0.0002037
285.2 0.0002034
285.3 0.0002031
285.4 0.0002028
285.5 0.0002025
285.6 0.0002022
285.7 0.0002019
285.8 0.0002016
285.9 0.0002013
286.0 0.000201
286.1 0.0002009
286.2 0.0002008
286.3 0.0002007
286.4 0.0002006
286.5 0.0002005
286.6 0.0002004
286.7 0.0002003
286.8 0.0002002
286.9 0.0002001
287.0 0.0002
287.1 0.0002
287.2 0.0002
287.3 0.0002
287.4 0.0002
287.5 0.0002
287.6 0.0002
287.7 0.0002
287.8 0.0002
287.9 0.0002
288.0 0.0002
288.1 0.0002
288.2 0.0002
288.3 0.0002
288.4 0.0002
288.5 0.0002
288.6 0.0002
288.7 0.0002
288.8 0.0002
288.9 0.0002
289.0 0.0002
289.1 0.0002001
289.2 0.0002002
289.3 0.0002003
289.4 0.0002004
289.5 0.0002005
289.6 0.0002006
289.7 0.0002007
289.8 0.0002008
289.9 0.0002009
290.0 0.000201
290.1 0.0002011
290.2 0.0002012
290.3 0.0002013
290.4 0.0002014
290.5 0.0002015
290.6 0.0002016
290.7 0.0002017
290.8 0.0002018
290.9 0.0002019
291.0 0.000202
291.1 0.0002021
291.2 0.0002022
291.3 0.0002023
291.4 0.0002024
291.5 0.0002025
291.6 0.0002026
291.7 0.0002027
291.8 0.0002028
291.9 0.0002029
292.0 0.000203
292.1 0.0002031
292.2 0.0002032
292.3 0.0002033
292.4 0.0002034
292.5 0.0002035
292.6 0.0002036
292.7 0.0002037
292.8 0.0002038
292.9 0.0002039
293.0 0.000204
293.1 0.0002041
293.2 0.0002042
293.3 0.0002043
293.4 0.0002044
293.5 0.0002045
293.6 0.0002046
293.7 0.0002047
293.8 0.0002048
293.9 0.0002049
294.0 0.000205
294.1 0.000205
294.2 0.000205
294.3 0.000205
294.4 0.000205
294.5 0.000205
294.6 0.000205
294.7 0.000205
294.8 0.000205
294.9 0.000205
295.0 0.000205
295.1 0.000205
295.2 0.000205
295.3 0.000205
295.4 0.000205
295.5 0.000205
295.6 0.000205
295.7 0.000205
295.8 0.000205
295.9 0.000205
296.0 0.000205
296.1 0.000205
296.2 0.000205
296.3 0.000205
296.4 0.000205
296.5 0.000205
296.6 0.000205
296.7 0.000205
296.8 0.000205
296.9 0.000205
297.0 0.000205
297.1 0.0002049
297.2 0.0002048
297.3 0.0002047
297.4 0.0002046
297.5 0.0002045
297.6 0.0002044
297.7 0.0002043
297.8 0.0002042
297.9 0.0002041
298.0 0.000204
298.1 0.0002039
298.2 0.0002038
298.3 0.0002037
298.4 0.0002036
298.5 0.0002035
298.6 0.0002034
298.7 0.0002033
298.8 0.0002032
298.9 0.0002031
299.0 0.000203
299.1 0.0002029
299.2 0.0002028
299.3 0.0002027
299.4 0.0002026
299.5 0.0002025
299.6 0.0002024
299.7 0.0002023
299.8 0.0002022
299.9 0.0002021
300.0 0.000202
300.1 0.0002019
300.2 0.0002018
300.3 0.0002017
300.4 0.0002016
300.5 0.0002015
300.6 0.0002014
300.7 0.0002013
300.8 0.0002012
300.9 0.0002011
301.0 0.000201
301.1 0.0002008
301.2 0.0002006
301.3 0.0002004
301.4 0.0002002
301.5 0.0002
301.6 0.0001998
301.7 0.0001996
301.8 0.0001994
301.9 0.0001992
302.0 0.000199
302.1 0.0001988
302.2 0.0001986
302.3 0.0001984
302.4 0.0001982
302.5 0.000198
302.6 0.0001978
302.7 0.0001976
302.8 0.0001974
302.9 0.0001972
303.0 0.000197
303.1 0.0001969
303.2 0.0001968
303.3 0.0001967
303.4 0.0001966
303.5 0.0001965
303.6 0.0001964
303.7 0.0001963
303.8 0.0001962
303.9 0.0001961
304.0 0.000196
304.1 0.0001958
304.2 0.0001956
304.3 0.0001954
304.4 0.0001952
304.5 0.000195
304.6 0.0001948
304.7 0.0001946
304.8 0.0001944
304.9 0.0001942
305.0 0.000194
305.1 0.0001938
305.2 0.0001936
305.3 0.0001934
305.4 0.0001932
305.5 0.000193
305.6 0.0001928
305.7 0.0001926
305.8 0.0001924
305.9 0.0001922
306.0 0.000192
306.1 0.0001917
306.2 0.0001914
306.3 0.0001911
306.4 0.0001908
306.5 0.0001905
306.6 0.0001902
306.7 0.0001899
306.8 0.0001896
306.9 0.0001893
307.0 0.000189
307.1 0.0001888
307.2 0.0001886
307.3 0.0001884
307.4 0.0001882
307.5 0.000188
307.6 0.0001878
307.7 0.0001876
307.8 0.0001874
307.9 0.0001872
308.0 0.000187
308.1 0.0001868
308.2 0.0001866
308.3 0.0001864
308.4 0.0001862
308.5 0.000186
308.6 0.0001858
308.7 0.0001856
308.8 0.0001854
308.9 0.0001852
309.0 0.000185
309.1 0.0001848
309.2 0.0001846
309.3 0.0001844
309.4 0.0001842
309.5 0.000184
309.6 0.0001838
309.7 0.0001836
309.8 0.0001834
309.9 0.0001832
310.0 0.000183
310.1 0.0001827
310.2 0.0001824
310.3 0.0001821
310.4 0.0001818
310.5 0.0001815
310.6 0.0001812
310.7 0.0001809
310.8 0.0001806
310.9 0.0001803
311.0 0.00018
311.1 0.0001798
311.2 0.0001796
311.3 0.0001794
311.4 0.0001792
311.5 0.000179
311.6 0.0001788
311.7 0.0001786
311.8 0.0001784
311.9 0.0001782
312.0 0.000178
312.1 0.0001778
312.2 0.0001776
312.3 0.0001774
312.4 0.0001772
312.5 0.000177
312.6 0.0001768
312.7 0.0001766
312.8 0.0001764
312.9 0.0001762
313.0 0.000176
313.1 0.0001758
313.2 0.0001756
313.3 0.0001754
313.4 0.0001752
313.5 0.000175
313.6 0.0001748
313.7 0.0001746
313.8 0.0001744
313.9 0.0001742
314.0 0.000174
314.1 0.0001737
314.2 0.0001734
314.3 0.0001731
314.4 0.0001728
314.5 0.0001725
314.6 0.0001722
314.7 0.0001719
314.8 0.0001716
314.9 0.0001713
315.0 0.000171
315.1 0.0001708
315.2 0.0001706
315.3 0.0001704
315.4 0.0001702
315.5 0.00017
315.6 0.0001698
315.7 0.0001696
315.8 0.0001694
315.9 0.0001692
316.0 0.000169
316.1 0.0001688
316.2 0.0001686
316.3 0.0001684
316.4 0.0001682
316.5 0.000168
316.6 0.0001678
316.7 0.0001676
316.8 0.0001674
316.9 0.0001672
317.0 0.000167
317.1 0.0001667
317.2 0.0001664
317.3 0.0001661
317.4 0.0001658
317.5 0.0001655
317.6 0.0001652
317.7 0.0001649
317.8 0.0001646
317.9 0.0001643
318.0 0.000164
318.1 0.0001638
318.2 0.0001636
318.3 0.0001634
318.4 0.0001632
318.5 0.000163
318.6 0.0001628
318.7 0.0001626
318.8 0.0001624
318.9 0.0001622
319.0 0.000162
319.1 0.0001618
319.2 0.0001616
319.3 0.0001614
319.4 0.0001612
319.5 0.000161
319.6 0.0001608
319.7 0.0001606
319.8 0.0001604
319.9 0.0001602
320.0 0.00016
320.1 0.0001597
320.2 0.0001594
320.3 0.0001591
320.4 0.0001588
320.5 0.0001585
320.6 0.0001582
320.7 0.0001579
320.8 0.0001576
320.9 0.0001573
321.0 0.000157
321.1 0.0001568
321.2 0.0001566
321.3 0.0001564
321.4 0.0001562
321.5 0.000156
321.6 0.0001558
321.7 0.0001556
321.8 0.0001554
321.9 0.0001552
322.0 0.000155
322.1 0.0001548
322.2 0.0001546
322.3 0.0001544
322.4 0.0001542
322.5 0.000154
322.6 0.0001538
322.7 0.0001536
322.8 0.0001534
322.9 0.0001532
323.0 0.000153
323.1 0.0001528
323.2 0.0001526
323.3 0.0001524
323.4 0.0001522
323.5 0.000152
323.6 0.0001518
323.7 0.0001516
323.8 0.0001514
323.9 0.0001512
324.0 0.000151
324.1 0.0001508
324.2 0.0001506
324.3 0.0001504
324.4 0.0001502
324.5 0.00015
324.6 0.0001498
324.7 0.0001496
324.8 0.0001494
324.9 0.0001492
325.0 0.000149
325.1 0.0001488
325.2 0.0001486
325.3 0.0001484
325.4 0.0001482
325.5 0.000148
325.6 0.0001478
325.7 0.0001476
325.8 0.0001474
325.9 0.0001472
326.0 0.000147
326.1 0.0001468
326.2 0.0001466
326.3 0.0001464
326.4 0.0001462
326.5 0.000146
326.6 0.0001458
326.7 0.0001456
326.8 0.0001454
326.9 0.0001452
327.0 0.000145
327.1 0.0001448
327.2 0.0001446
327.3 0.0001444
327.4 0.0001442
327.5 0.000144
327.6 0.0001438
327.7 0.0001436
327.8 0.0001434
327.9 0.0001432
328.0 0.000143
328.1 0.0001428
328.2 0.0001426
328.3 0.0001424
328.4 0.0001422
328.5 0.000142
328.6 0.0001418
328.7 0.0001416
328.8 0.0001414
328.9 0.0001412
329.0 0.000141
329.1 0.0001408
329.2 0.0001406
329.3 0.0001404
329.4 0.0001402
329.5 0.00014
329.6 0.0001398
329.7 0.0001396
329.8 0.0001394
329.9 0.0001392
330.0 0.000139
330.1 0.0001388
330.2 0.0001386
330.3 0.0001384
330.4 0.0001382
330.5 0.000138
330.6 0.0001378
330.7 0.0001376
330.8 0.0001374
330.9 0.0001372
331.0 0.000137
331.1 0.0001368
331.2 0.0001366
331.3 0.0001364
331.4 0.0001362
331.5 0.000136
331.6 0.0001358
331.7 0.0001356
331.8 0.0001354
331.9 0.0001352
332.0 0.000135
332.1 0.0001348
332.2 0.0001346
332.3 0.0001344
332.4 0.0001342
332.5 0.000134
332.6 0.0001338
332.7 0.0001336
332.8 0.0001334
332.9 0.0001332
333.0 0.000133
333.1 0.0001328
333.2 0.0001326
333.3 0.0001324
333.4 0.0001322
333.5 0.000132
333.6 0.0001318
333.7 0.0001316
333.8 0.0001314
333.9 0.0001312
334.0 0.000131
334.1 0.0001309
334.2 0.0001308
334.3 0.0001307
334.4 0.0001306
334.5 0.0001305
334.6 0.0001304
334.7 0.0001303
334.8 0.0001302
334.9 0.0001301
335.0 0.00013
335.1 0.0001298
335.2 0.0001296
335.3 0.0001294
335.4 0.0001292
335.5 0.000129
335.6 0.0001288
335.7 0.0001286
335.8 0.0001284
335.9 0.0001282
336.0 0.000128
336.1 0.0001278
336.2 0.0001276
336.3 0.0001274
336.4 0.0001272
336.5 0.000127
336.6 0.0001268
336.7 0.0001266
336.8 0.0001264
336.9 0.0001262
337.0 0.000126
337.1 0.0001258
337.2 0.0001256
337.3 0.0001254
337.4 0.0001252
337.5 0.000125
337.6 0.0001248
337.7 0.0001246
337.8 0.0001244
337.9 0.0001242
338.0 0.000124
338.1 0.0001238
338.2 0.0001236
338.3 0.0001234
338.4 0.0001232
338.5 0.000123
338.6 0.0001228
338.7 0.0001226
338.8 0.0001224
338.9 0.0001222
339.0 0.000122
339.1 0.0001219
339.2 0.0001218
339.3 0.0001217
339.4 0.0001216
339.5 0.0001215
339.6 0.0001214
339.7 0.0001213
339.8 0.0001212
339.9 0.0001211
340.0 0.000121
340.1 0.0001208
340.2 0.0001206
340.3 0.0001204
340.4 0.0001202
340.5 0.00012
340.6 0.0001198
340.7 0.0001196
340.8 0.0001194
340.9 0.0001192
341.0 0.000119
341.1 0.0001188
341.2 0.0001186
341.3 0.0001184
341.4 0.0001182
341.5 0.000118
341.6 0.0001178
341.7 0.0001176
341.8 0.0001174
341.9 0.0001172
342.0 0.000117
342.1 0.0001169
342.2 0.0001168
342.3 0.0001167
342.4 0.0001166
342.5 0.0001165
342.6 0.0001164
342.7 0.0001163
342.8 0.0001162
342.9 0.0001161
343.0 0.000116
343.1 0.0001158
343.2 0.0001156
343.3 0.0001154
343.4 0.0001152
343.5 0.000115
343.6 0.0001148
343.7 0.0001146
343.8 0.0001144
343.9 0.0001142
344.0 0.000114
344.1 0.0001138
344.2 0.0001136
344.3 0.0001134
344.4 0.0001132
344.5 0.000113
344.6 0.0001128
344.7 0.0001126
344.8 0.0001124
344.9 0.0001122
345.0 0.000112
345.1 0.0001119
345.2 0.0001118
345.3 0.0001117
345.4 0.0001116
345.5 0.0001115
345.6 0.0001114
345.7 0.0001113
345.8 0.0001112
345.9 0.0001111
346.0 0.000111
346.1 0.0001108
346.2 0.0001106
346.3 0.0001104
346.4 0.0001102
346.5 0.00011
346.6 0.0001098
346.7 0.0001096
346.8 0.0001094
346.9 0.0001092
347.0 0.000109
347.1 0.0001089
347.2 0.0001088
347.3 0.0001087
347.4 0.0001086
347.5 0.0001085
347.6 0.0001084
347.7 0.0001083
347.8 0.0001082
347.9 0.0001081
348.0 0.000108
348.1 0.0001078
348.2 0.0001076
348.3 0.0001074
348.4 0.0001072
348.5 0.000107
348.6 0.0001068
348.7 0.0001066
348.8 0.0001064
348.9 0.0001062
349.0 0.000106
349.1 0.0001059
349.2 0.0001058
349.3 0.0001057
349.4 0.0001056
349.5 0.0001055
349.6 0.0001054
349.7 0.0001053
349.8 0.0001052
349.9 0.0001051
350.0 0.000105
350.1 0.0001048
350.2 0.0001046
350.3 0.0001044
350.4 0.0001042
350.5 0.000104
350.6 0.0001038
350.7 0.0001036
350.8 0.0001034
350.9 0.0001032
351.0 0.000103
351.1 0.0001028
351.2 0.0001026
351.3 0.0001024
351.4 0.0001022
351.5 0.000102
351.6 0.0001018
351.7 0.0001016
351.8 0.0001014
351.9 0.0001012
352.0 0.000101
352.1 0.0001009
352.2 0.0001008
352.3 0.0001007
352.4 0.0001006
352.5 0.0001005
352.6 0.0001004
352.7 0.0001003
352.8 0.0001002
352.9 0.0001001
353.0 0.0001
353.1 9.98e-05
353.2 9.96e-05
353.3 9.94e-05
353.4 9.92e-05
353.5 9.9e-05
353.6 9.88e-05
353.7 9.86e-05
353.8 9.84e-05
353.9 9.82e-05
354.0 9.8e-05
354.1 9.79e-05
354.2 9.78e-05
354.3 9.77e-05
354.4 9.76e-05
354.5 9.75e-05
354.6 9.74e-05
354.7 9.73e-05
354.8 9.72e-05
354.9 9.71e-05
355.0 9.7e-05
355.1 9.68e-05
355.2 9.66e-05
355.3 9.64e-05
355.4 9.62e-05
355.5 9.6e-05
355.6 9.58e-05
355.7 9.56e-05
355.8 9.54e-05
355.9 9.52e-05
356.0 9.5e-05
356.1 9.49e-05
356.2 9.48e-05
356.3 9.47e-05
356.4 9.46e-05
356.5 9.45e-05
356.6 9.44e-05
356.7 9.43e-05
356.8 9.42e-05
356.9 9.41e-05
357.0 9.4e-05
357.1 9.38e-05
357.2 9.36e-05
357.3 9.34e-05
357.4 9.32e-05
357.5 9.3e-05
357.6 9.28e-05
357.7 9.26e-05
357.8 9.24e-05
357.9 9.22e-05
358.0 9.2e-05
358.1 9.19e-05
358.2 9.18e-05
358.3 9.17e-05
358.4 9.16e-05
358.5 9.15e-05
358.6 9.14e-05
358.7 9.13e-05
358.8 9.12e-05
358.9 9.11e-05
359.0 9.1e-05
359.1 9.08e-05
359.2 9.06e-05
359.3 9.04e-05
359.4 9.02e-05
359.5 9e-05
359.6 8.98e-05
359.7 8.96e-05
359.8 8.94e-05
359.9 8.92e-05
360.0 8.9e-05
360.1 8.89e-05
360.2 8.88e-05
360.3 8.87e-05
360.4 8.86e-05
360.5 8.85e-05
360.6 8.84e-05
360.7 8.83e-05
360.8 8.82e-05
360.9 8.81e-05
361.0 8.8e-05
361.1 8.79e-05
361.2 8.78e-05
361.3 8.77e-05
361.4 8.76e-05
361.5 8.75e-05
361.6 8.74e-05
361.7 8.73e-05
361.8 8.72e-05
361.9 8.71e-05
362.0 8.7e-05
362.1 8.69e-05
362.2 8.68e-05
362.3 8.67e-05
362.4 8.66e-05
362.5 8.65e-05
362.6 8.64e-05
362.7 8.63e-05
362.8 8.62e-05
362.9 8.61e-05
363.0 8.6e-05
363.1 8.6e-05
363.2 8.6e-05
363.3 8.6e-05
363.4 8.6e-05
363.5 8.6e-05
363.6 8.6e-05
363.7 8.6e-05
363.8 8.6e-05
363.9 8.6e-05
364.0 8.6e-05
364.1 8.59e-05
364.2 8.58e-05
364.3 8.57e-05
364.4 8.56e-05
364.5 8.55e-05
364.6 8.54e-05
364.7 8.53e-05
364.8 8.52e-05
364.9 8.51e-05
365.0 8.5e-05
365.1 8.5e-05
365.2 8.5e-05
365.3 8.5e-05
365.4 8.5e-05
365.5 8.5e-05
365.6 8.5e-05
365.7 8.5e-05
365.8 8.5e-05
365.9 8.5e-05
366.0 8.5e-05
366.1 8.49e-05
366.2 8.48e-05
366.3 8.47e-05
366.4 8.46e-05
366.5 8.45e-05
366.6 8.44e-05
366.7 8.43e-05
366.8 8.42e-05
366.9 8.41e-05
367.0 8.4e-05
367.1 8.4e-05
367.2 8.4e-05
367.3 8.4e-05
367.4 8.4e-05
367.5 8.4e-05
367.6 8.4e-05
367.7 8.4e-05
367.8 8.4e-05
367.9 8.4e-05
368.0 8.4e-05
368.1 8.4e-05
368.2 8.4e-05
368.3 8.4e-05
368.4 8.4e-05
368.5 8.4e-05
368.6 8.4e-05
368.7 8.4e-05
368.8 8.4e-05
368.9 8.4e-05
369.0 8.4e-05
369.1 8.4e-05
369.2 8.4e-05
369.3 8.4e-05
369.4 8.4e-05
369.5 8.4e-05
369.6 8.4e-05
369.7 8.4e-05
369.8 8.4e-05
369.9 8.4e-05
370.0 8.4e-05
370.1 8.4e-05
370.2 8.4e-05
370.3 8.4e-05
370.4 8.4e-05
370.5 8.4e-05
370.6 8.4e-05
370.7 8.4e-05
370.8 8.4e-05
370.9 8.4e-05
371.0 8.4e-05
371.1 8.41e-05
371.2 8.42e-05
371.3 8.43e-05
371.4 8.44e-05
371.5 8.45e-05
371.6 8.46e-05
371.7 8.47e-05
371.8 8.48e-05
371.9 8.49e-05
372.0 8.5e-05
372.1 8.5e-05
372.2 8.5e-05
372.3 8.5e-05
372.4 8.5e-05
372.5 8.5e-05
372.6 8.5e-05
372.7 8.5e-05
372.8 8.5e-05
372.9 8.5e-05
373.0 8.5e-05
373.1 8.5e-05
373.2 8.5e-05
373.3 8.5e-05
373.4 8.5e-05
373.5 8.5e-05
373.6 8.5e-05
373.7 8.5e-05
373.8 8.5e-05
373.9 8.5e-05
374.0 8.5e-05
374.1 8.5e-05
374.2 8.5e-05
374.3 8.5e-05
374.4 8.5e-05
374.5 8.5e-05
374.6 8.5e-05
374.7 8.5e-05
374.8 8.5e-05
374.9 8.5e-05
375.0 8.5e-05
375.1 8.51e-05
375.2 8.52e-05
375.3 8.53e-05
375.4 8.54e-05
375.5 8.55e-05
375.6 8.56e-05
375.7 8.57e-05
375.8 8.58e-05
375.9 8.59e-05
376.0 8.6e-05
376.1 8.6e-05
376.2 8.6e-05
376.3 8.6e-05
376.4 8.6e-05
376.5 8.6e-05
376.6 8.6e-05
376.7 8.6e-05
376.8 8.6e-05
376.9 8.6e-05
377.0 8.6e-05
377.1 8.6e-05
377.2 8.6e-05
377.3 8.6e-05
377.4 8.6e-05
377.5 8.6e-05
377.6 8.6e-05
377.7 8.6e-05
377.8 8.6e-05
377.9 8.6e-05
378.0 8.6e-05
378.1 8.6e-05
378.2 8.6e-05
378.3 8.6e-05
378.4 8.6e-05
378.5 8.6e-05
378.6 8.6e-05
378.7 8.6e-05
378.8 8.6e-05
378.9 8.6e-05
379.0 8.6e-05
379.1 8.61e-05
379.2 8.62e-05
379.3 8.63e-05
379.4 8.64e-05
379.5 8.65e-05
379.6 8.66e-05
379.7 8.67e-05
379.8 8.68e-05
379.9 8.69e-05
380.0 8.7e-05
380.1 8.7e-05
380.2 8.7e-05
380.3 8.7e-05
380.4 8.7e-05
380.5 8.7e-05
380.6 8.7e-05
380.7 8.7e-05
380.8 8.7e-05
380.9 8.7e-05
381.0 8.7e-05
381.1 8.7e-05
381.2 8.7e-05
381.3 8.7e-05
381.4 8.7e-05
381.5 8.7e-05
381.6 8.7e-05
381.7 8.7e-05
381.8 8.7e-05
381.9 8.7e-05
382.0 8.7e-05
382.1 8.7e-05
382.2 8.7e-05
382.3 8.7e-05
382.4 8.7e-05
382.5 8.7e-05
382.6 8.7e-05
382.7 8.7e-05
382.8 8.7e-05
382.9 8.7e-05
383.0 8.7e-05
383.1 8.7e-05
383.2 8.7e-05
383.3 8.7e-05
383.4 8.7e-05
383.5 8.7e-05
383.6 8.7e-05
383.7 8.7e-05
383.8 8.7e-05
383.9 8.7e-05
384.0 8.7e-05
384.1 8.7e-05
384.2 8.7e-05
384.3 8.7e-05
384.4 8.7e-05
384.5 8.7e-05
384.6 8.7e-05
384.7 8.7e-05
384.8 8.7e-05
384.9 8.7e-05
385.0 8.7e-05
385.1 8.7e-05
385.2 8.7e-05
385.3 8.7e-05
385.4 8.7e-05
385.5 8.7e-05
385.6 8.7e-05
385.7 8.7e-05
385.8 8.7e-05
385.9 8.7e-05
386.0 8.7e-05
386.1 8.7e-05
386.2 8.7e-05
386.3 8.7e-05
386.4 8.7e-05
386.5 8.7e-05
386.6 8.7e-05
386.7 8.7e-05
386.8 8.7e-05
386.9 8.7e-05
387.0 8.7e-05
387.1 8.7e-05
387.2 8.7e-05
387.3 8.7e-05
387.4 8.7e-05
387.5 8.7e-05
387.6 8.7e-05
387.7 8.7e-05
387.8 8.7e-05
387.9 8.7e-05
388.0 8.7e-05
388.1 8.7e-05
388.2 8.7e-05
388.3 8.7e-05
388.4 8.7e-05
388.5 8.7e-05
388.6 8.7e-05
388.7 8.7e-05
388.8 8.7e-05
388.9 8.7e-05
389.0 8.7e-05
389.1 8.7e-05
389.2 8.7e-05
389.3 8.7e-05
389.4 8.7e-05
389.5 8.7e-05
389.6 8.7e-05
389.7 8.7e-05
389.8 8.7e-05
389.9 8.7e-05
390.0 8.7e-05
390.1 8.7e-05
390.2 8.7e-05
390.3 8.7e-05
390.4 8.7e-05
390.5 8.7e-05
390.6 8.7e-05
390.7 8.7e-05
390.8 8.7e-05
390.9 8.7e-05
391.0 8.7e-05
391.1 8.7e-05
391.2 8.7e-05
391.3 8.7e-05
391.4 8.7e-05
391.5 8.7e-05
391.6 8.7e-05
391.7 8.7e-05
391.8 8.7e-05
391.9 8.7e-05
392.0 8.7e-05
392.1 8.7e-05
392.2 8.7e-05
392.3 8.7e-05
392.4 8.7e-05
392.5 8.7e-05
392.6 8.7e-05
392.7 8.7e-05
392.8 8.7e-05
392.9 8.7e-05
393.0 8.7e-05
393.1 8.7e-05
393.2 8.7e-05
393.3 8.7e-05
393.4 8.7e-05
393.5 8.7e-05
393.6 8.7e-05
393.7 8.7e-05
393.8 8.7e-05
393.9 8.7e-05
394.0 8.7e-05
394.1 8.7e-05
394.2 8.7e-05
394.3 8.7e-05
394.4 8.7e-05
394.5 8.7e-05
394.6 8.7e-05
394.7 8.7e-05
394.8 8.7e-05
394.9 8.7e-05
395.0 8.7e-05
395.1 8.7e-05
395.2 8.7e-05
395.3 8.7e-05
395.4 8.7e-05
395.5 8.7e-05
395.6 8.7e-05
395.7 8.7e-05
395.8 8.7e-05
395.9 8.7e-05
396.0 8.7e-05
396.1 8.7e-05
396.2 8.7e-05
396.3 8.7e-05
396.4 8.7e-05
396.5 8.7e-05
396.6 8.7e-05
396.7 8.7e-05
396.8 8.7e-05
396.9 8.7e-05
397.0 8.7e-05
397.1 8.7e-05
397.2 8.7e-05
397.3 8.7e-05
397.4 8.7e-05
397.5 8.7e-05
397.6 8.7e-05
397.7 8.7e-05
397.8 8.7e-05
397.9 8.7e-05
398.0 8.7e-05
398.1 8.7e-05
398.2 8.7e-05
398.3 8.7e-05
398.4 8.7e-05
398.5 8.7e-05
398.6 8.7e-05
398.7 8.7e-05
398.8 8.7e-05
398.9 8.7e-05
399.0 8.7e-05
399.1 8.69e-05
399.2 8.68e-05
399.3 8.67e-05
399.4 8.66e-05
399.5 8.65e-05
399.6 8.64e-05
399.7 8.63e-05
399.8 8.62e-05
399.9 8.61e-05
400.0 8.6e-05
400.1 8.6e-05
400.2 8.6e-05
400.3 8.6e-05
400.4 8.6e-05
400.5 8.6e-05
400.6 8.6e-05
400.7 8.6e-05
400.8 8.6e-05
400.9 8.6e-05
401.0 8.6e-05
401.1 8.6e-05
401.2 8.6e-05
401.3 8.6e-05
401.4 8.6e-05
401.5 8.6e-05
401.6 8.6e-05
401.7 8.6e-05
401.8 8.6e-05
401.9 8.6e-05
402.0 8.6e-05
402.1 8.6e-05
402.2 8.6e-05
402.3 8.6e-05
402.4 8.6e-05
402.5 8.6e-05
402.6 8.6e-05
402.7 8.6e-05
402.8 8.6e-05
402.9 8.6e-05
403.0 8.6e-05
403.1 8.6e-05
403.2 8.6e-05
403.3 8.6e-05
403.4 8.6e-05
403.5 8.6e-05
403.6 8.6e-05
403.7 8.6e-05
403.8 8.6e-05
403.9 8.6e-05
404.0 8.6e-05
404.1 8.6e-05
404.2 8.6e-05
404.3 8.6e-05
404.4 8.6e-05
404.5 8.6e-05
404.6 8.6e-05
404.7 8.6e-05
404.8 8.6e-05
404.9 8.6e-05
405.0 8.6e-05
405.1 8.6e-05
405.2 8.6e-05
405.3 8.6e-05
405.4 8.6e-05
405.5 8.6e-05
405.6 8.6e-05
405.7 8.6e-05
405.8 8.6e-05
405.9 8.6e-05
406.0 8.6e-05
406.1 8.59e-05
406.2 8.58e-05
406.3 8.57e-05
406.4 8.56e-05
406.5 8.55e-05
406.6 8.54e-05
406.7 8.53e-05
406.8 8.52e-05
406.9 8.51e-05
407.0 8.5e-05
407.1 8.5e-05
407.2 8.5e-05
407.3 8.5e-05
407.4 8.5e-05
407.5 8.5e-05
407.6 8.5e-05
407.7 8.5e-05
407.8 8.5e-05
407.9 8.5e-05
408.0 8.5e-05
408.1 8.5e-05
408.2 8.5e-05
408.3 8.5e-05
408.4 8.5e-05
408.5 8.5e-05
408.6 8.5e-05
408.7 8.5e-05
408.8 8.5e-05
408.9 8.5e-05
409.0 8.5e-05
409.1 8.5e-05
409.2 8.5e-05
409.3 8.5e-05
409.4 8.5e-05
409.5 8.5e-05
409.6 8.5e-05
409.7 8.5e-05
409.8 8.5e-05
409.9 8.5e-05
410.0 8.5e-05
410.1 8.5e-05
410.2 8.5e-05
410.3 8.5e-05
410.4 8.5e-05
410.5 8.5e-05
410.6 8.5e-05
410.7 8.5e-05
410.8 8.5e-05
410.9 8.5e-05
411.0 8.5e-05
411.1 8.49e-05
411.2 8.48e-05
411.3 8.47e-05
411.4 8.46e-05
411.5 8.45e-05
411.6 8.44e-05
411.7 8.43e-05
411.8 8.42e-05
411.9 8.41e-05
412.0 8.4e-05
412.1 8.4e-05
412.2 8.4e-05
412.3 8.4e-05
412.4 8.4e-05
412.5 8.4e-05
412.6 8.4e-05
412.7 8.4e-05
412.8 8.4e-05
412.9 8.4e-05
413.0 8.4e-05
413.1 8.4e-05
413.2 8.4e-05
413.3 8.4e-05
413.4 8.4e-05
413.5 8.4e-05
413.6 8.4e-05
413.7 8.4e-05
413.8 8.4e-05
413.9 8.4e-05
414.0 8.4e-05
414.1 8.4e-05
414.2 8.4e-05
414.3 8.4e-05
414.4 8.4e-05
414.5 8.4e-05
414.6 8.4e-05
414.7 8.4e-05
414.8 8.4e-05
414.9 8.4e-05
415.0 8.4e-05
415.1 8.39e-05
415.2 8.38e-05
415.3 8.37e-05
415.4 8.36e-05
415.5 8.35e-05
415.6 8.34e-05
415.7 8.33e-05
415.8 8.32e-05
415.9 8.31e-05
416.0 8.3e-05
416.1 8.3e-05
416.2 8.3e-05
416.3 8.3e-05
416.4 8.3e-05
416.5 8.3e-05
416.6 8.3e-05
416.7 8.3e-05
416.8 8.3e-05
416.9 8.3e-05
417.0 8.3e-05
417.1 8.3e-05
417.2 8.3e-05
417.3 8.3e-05
417.4 8.3e-05
417.5 8.3e-05
417.6 8.3e-05
417.7 8.3e-05
417.8 8.3e-05
417.9 8.3e-05
418.0 8.3e-05
418.1 8.29e-05
418.2 8.28e-05
418.3 8.27e-05
418.4 8.26e-05
418.5 8.25e-05
418.6 8.24e-05
418.7 8.23e-05
418.8 8.22e-05
418.9 8.21e-05
419.0 8.2e-05
419.1 8.2e-05
419.2 8.2e-05
419.3 8.2e-05
419.4 8.2e-05
419.5 8.2e-05
419.6 8.2e-05
419.7 8.2e-05
419.8 8.2e-05
419.9 8.2e-05
420.0 8.2e-05
420.1 8.2e-05
420.2 8.2e-05
420.3 8.2e-05
420.4 8.2e-05
420.5 8.2e-05
420.6 8.2e-05
420.7 8.2e-05
420.8 8.2e-05
420.9 8.2e-05
421.0 8.2e-05
421.1 8.19e-05
421.2 8.18e-05
421.3 8.17e-05
421.4 8.16e-05
421.5 8.15e-05
421.6 8.14e-05
421.7 8.13e-05
421.8 8.12e-05
421.9 8.11e-05
422.0 8.1e-05
422.1 8.1e-05
422.2 8.1e-05
422.3 8.1e-05
422.4 8.1e-05
422.5 8.1e-05
422.6 8.1e-05
422.7 8.1e-05
422.8 8.1e-05
422.9 8.1e-05
423.0 8.1e-05
423.1 8.1e-05
423.2 8.1e-05
423.3 8.1e-05
423.4 8.1e-05
423.5 8.1e-05
423.6 8.1e-05
423.7 8.1e-05
423.8 8.1e-05
423.9 8.1e-05
424.0 8.1e-05
424.1 8.09e-05
424.2 8.08e-05
424.3 8.07e-05
424.4 8.06e-05
424.5 8.05e-05
424.6 8.04e-05
424.7 8.03e-05
424.8 8.02e-05
424.9 8.01e-05
425.0 8e-05
425.1 8e-05
425.2 8e-05
425.3 8e-05
425.4 8e-05
425.5 8e-05
425.6 8e-05
425.7 8e-05
425.8 8e-05
425.9 8e-05
426.0 8e-05
426.1 8e-05
426.2 8e-05
426.3 8e-05
426.4 8e-05
426.5 8e-05
426.6 8e-05
426.7 8e-05
426.8 8e-05
426.9 8e-05
427.0 8e-05
427.1 7.99e-05
427.2 7.98e-05
427.3 7.97e-05
427.4 7.96e-05
427.5 7.95e-05
427.6 7.94e-05
427.7 7.93e-05
427.8 7.92e-05
427.9 7.91e-05
428.0 7.9e-05
428.1 7.9e-05
428.2 7.9e-05
428.3 7.9e-05
428.4 7.9e-05
428.5 7.9e-05
428.6 7.9e-05
428.7 7.9e-05
428.8 7.9e-05
428.9 7.9e-05
429.0 7.9e-05
429.1 7.9e-05
429.2 7.9e-05
429.3 7.9e-05
429.4 7.9e-05
429.5 7.9e-05
429.6 7.9e-05
429.7 7.9e-05
429.8 7.9e-05
429.9 7.9e-05
430.0 7.9e-05
430.1 7.9e-05
430.2 7.9e-05
430.3 7.9e-05
430.4 7.9e-05
430.5 7.9e-05
430.6 7.9e-05
430.7 7.9e-05
430.8 7.9e-05
430.9 7.9e-05
431.0 7.9e-05
431.1 7.89e-05
431.2 7.88e-05
431.3 7.87e-05
431.4 7.86e-05
431.5 7.85e-05
431.6 7.84e-05
431.7 7.83e-05
431.8 7.82e-05
431.9 7.81e-05
432.0 7.8e-05
432.1 7.8e-05
432.2 7.8e-05
432.3 7.8e-05
432.4 7.8e-05
432.5 7.8e-05
432.6 7.8e-05
432.7 7.8e-05
432.8 7.8e-05
432.9 7.8e-05
433.0 7.8e-05
433.1 7.8e-05
433.2 7.8e-05
433.3 7.8e-05
433.4 7.8e-05
433.5 7.8e-05
433.6 7.8e-05
433.7 7.8e-05
433.8 7.8e-05
433.9 7.8e-05
434.0 7.8e-05
434.1 7.79e-05
434.2 7.78e-05
434.3 7.77e-05
434.4 7.76e-05
434.5 7.75e-05
434.6 7.74e-05
434.7 7.73e-05
434.8 7.72e-05
434.9 7.71e-05
435.0 7.7e-05
435.1 7.7e-05
435.2 7.7e-05
435.3 7.7e-05
435.4 7.7e-05
435.5 7.7e-05
435.6 7.7e-05
435.7 7.7e-05
435.8 7.7e-05
435.9 7.7e-05
436.0 7.7e-05
436.1 7.7e-05
436.2 7.7e-05
436.3 7.7e-05
436.4 7.7e-05
436.5 7.7e-05
436.6 7.7e-05
436.7 7.7e-05
436.8 7.7e-05
436.9 7.7e-05
437.0 7.7e-05
437.1 7.69e-05
437.2 7.68e-05
437.3 7.67e-05
437.4 7.66e-05
437.5 7.65e-05
437.6 7.64e-05
437.7 7.63e-05
437.8 7.62e-05
437.9 7.61e-05
438.0 7.6e-05
438.1 7.6e-05
438.2 7.6e-05
438.3 7.6e-05
438.4 7.6e-05
438.5 7.6e-05
438.6 7.6e-05
438.7 7.6e-05
438.8 7.6e-05
438.9 7.6e-05
439.0 7.6e-05
439.1 7.6e-05
439.2 7.6e-05
439.3 7.6e-05
439.4 7.6e-05
439.5 7.6e-05
439.6 7.6e-05
439.7 7.6e-05
439.8 7.6e-05
439.9 7.6e-05
440.0 7.6e-05
440.1 7.59e-05
440.2 7.58e-05
440.3 7.57e-05
440.4 7.56e-05
440.5 7.55e-05
440.6 7.54e-05
440.7 7.53e-05
440.8 7.52e-05
440.9 7.51e-05
441.0 7.5e-05
441.1 7.5e-05
441.2 7.5e-05
441.3 7.5e-05
441.4 7.5e-05
441.5 7.5e-05
441.6 7.5e-05
441.7 7.5e-05
441.8 7.5e-05
441.9 7.5e-05
442.0 7.5e-05
442.1 7.5e-05
442.2 7.5e-05
442.3 7.5e-05
442.4 7.5e-05
442.5 7.5e-05
442.6 7.5e-05
442.7 7.5e-05
442.8 7.5e-05
442.9 7.5e-05
443.0 7.5e-05
443.1 7.49e-05
443.2 7.48e-05
443.3 7.47e-05
443.4 7.46e-05
443.5 7.45e-05
443.6 7.44e-05
443.7 7.43e-05
443.8 7.42e-05
443.9 7.41e-05
444.0 7.4e-05
444.1 7.4e-05
444.2 7.4e-05
444.3 7.4e-05
444.4 7.4e-05
444.5 7.4e-05
444.6 7.4e-05
444.7 7.4e-05
444.8 7.4e-05
444.9 7.4e-05
445.0 7.4e-05
445.1 7.4e-05
445.2 7.4e-05
445.3 7.4e-05
445.4 7.4e-05
445.5 7.4e-05
445.6 7.4e-05
445.7 7.4e-05
445.8 7.4e-05
445.9 7.4e-05
446.0 7.4e-05
446.1 7.4e-05
446.2 7.4e-05
446.3 7.4e-05
446.4 7.4e-05
446.5 7.4e-05
446.6 7.4e-05
446.7 7.4e-05
446.8 7.4e-05
446.9 7.4e-05
447.0 7.4e-05
447.1 7.39e-05
447.2 7.38e-05
447.3 7.37e-05
447.4 7.36e-05
447.5 7.35e-05
447.6 7.34e-05
447.7 7.33e-05
447.8 7.32e-05
447.9 7.31e-05
448.0 7.3e-05
448.1 7.3e-05
448.2 7.3e-05
448.3 7.3e-05
448.4 7.3e-05
448.5 7.3e-05
448.6 7.3e-05
448.7 7.3e-05
448.8 7.3e-05
448.9 7.3e-05
449.0 7.3e-05
449.1 7.3e-05
449.2 7.3e-05
449.3 7.3e-05
449.4 7.3e-05
449.5 7.3e-05
449.6 7.3e-05
449.7 7.3e-05
449.8 7.3e-05
449.9 7.3e-05
450.0 7.3e-05
450.1 7.3e-05
450.2 7.3e-05
450.3 7.3e-05
450.4 7.3e-05
450.5 7.3e-05
450.6 7.3e-05
450.7 7.3e-05
450.8 7.3e-05
450.9 7.3e-05
451.0 7.3e-05
451.1 7.29e-05
451.2 7.28e-05
451.3 7.27e-05
451.4 7.26e-05
451.5 7.25e-05
451.6 7.24e-05
451.7 7.23e-05
451.8 7.22e-05
451.9 7.21e-05
452.0 7.2e-05
452.1 7.2e-05
452.2 7.2e-05
452.3 7.2e-05
452.4 7.2e-05
452.5 7.2e-05
452.6 7.2e-05
452.7 7.2e-05
452.8 7.2e-05
452.9 7.2e-05
453.0 7.2e-05
453.1 7.2e-05
453.2 7.2e-05
453.3 7.2e-05
453.4 7.2e-05
453.5 7.2e-05
453.6 7.2e-05
453.7 7.2e-05
453.8 7.2e-05
453.9 7.2e-05
454.0 7.2e-05
454.1 7.2e-05
454.2 7.2e-05
454.3 7.2e-05
454.4 7.2e-05
454.5 7.2e-05
454.6 7.2e-05
454.7 7.2e-05
454.8 7.2e-05
454.9 7.2e-05
455.0 7.2e-05
455.1 7.19e-05
455.2 7.18e-05
455.3 7.17e-05
455.4 7.16e-05
455.5 7.15e-05
455.6 7.14e-05
455.7 7.13e-05
455.8 7.12e-05
455.9 7.11e-05
456.0 7.1e-05
456.1 7.1e-05
456.2 7.1e-05
456.3 7.1e-05
456.4 7.1e-05
456.5 7.1e-05
456.6 7.1e-05
456.7 7.1e-05
456.8 7.1e-05
456.9 7.1e-05
457.0 7.1e-05
457.1 7.1e-05
457.2 7.1e-05
457.3 7.1e-05
457.4 7.1e-05
457.5 7.1e-05
457.6 7.1e-05
457.7 7.1e-05
457.8 7.1e-05
457.9 7.1e-05
458.0 7.1e-05
458.1 7.1e-05
458.2 7.1e-05
458.3 7.1e-05
458.4 7.1e-05
458.5 7.1e-05
458.6 7.1e-05
458.7 7.1e-05
458.8 7.1e-05
458.9 7.1e-05
459.0 7.1e-05
459.1 7.09e-05
459.2 7.08e-05
459.3 7.07e-05
459.4 7.06e-05
459.5 7.05e-05
459.6 7.04e-05
459.7 7.03e-05
459.8 7.02e-05
459.9 7.01e-05
460.0 7e-05
460.1 7e-05
460.2 7e-05
460.3 7e-05
460.4 7e-05
460.5 7e-05
460.6 7e-05
460.7 7e-05
460.8 7e-05
460.9 7e-05
461.0 7e-05
461.1 7e-05
461.2 7e-05
461.3 7e-05
461.4 7e-05
461.5 7e-05
461.6 7e-05
461.7 7e-05
461.8 7e-05
461.9 7e-05
462.0 7e-05
462.1 7e-05
462.2 7e-05
462.3 7e-05
462.4 7e-05
462.5 7e-05
462.6 7e-05
462.7 7e-05
462.8 7e-05
462.9 7e-05
463.0 7e-05
463.1 6.99e-05
463.2 6.98e-05
463.3 6.97e-05
463.4 6.96e-05
463.5 6.95e-05
463.6 6.94e-05
463.7 6.93e-05
463.8 6.92e-05
463.9 6.91e-05
464.0 6.9e-05
464.1 6.9e-05
464.2 6.9e-05
464.3 6.9e-05
464.4 6.9e-05
464.5 6.9e-05
464.6 6.9e-05
464.7 6.9e-05
464.8 6.9e-05
464.9 6.9e-05
465.0 6.9e-05
465.1 6.9e-05
465.2 6.9e-05
465.3 6.9e-05
465.4 6.9e-05
465.5 6.9e-05
465.6 6.9e-05
465.7 6.9e-05
465.8 6.9e-05
465.9 6.9e-05
466.0 6.9e-05
466.1 6.9e-05
466.2 6.9e-05
466.3 6.9e-05
466.4 6.9e-05
466.5 6.9e-05
466.6 6.9e-05
466.7 6.9e-05
466.8 6.9e-05
466.9 6.9e-05
467.0 6.9e-05
467.1 6.89e-05
467.2 6.88e-05
467.3 6.87e-05
467.4 6.86e-05
467.5 6.85e-05
467.6 6.84e-05
467.7 6.83e-05
467.8 6.82e-05
467.9 6.81e-05
468.0 6.8e-05
468.1 6.8e-05
468.2 6.8e-05
468.3 6.8e-05
468.4 6.8e-05
468.5 6.8e-05
468.6 6.8e-05
468.7 6.8e-05
468.8 6.8e-05
468.9 6.8e-05
469.0 6.8e-05
469.1 6.8e-05
469.2 6.8e-05
469.3 6.8e-05
469.4 6.8e-05
469.5 6.8e-05
469.6 6.8e-05
469.7 6.8e-05
469.8 6.8e-05
469.9 6.8e-05
470.0 6.8e-05
470.1 6.8e-05
470.2 6.8e-05
470.3 6.8e-05
470.4 6.8e-05
470.5 6.8e-05
470.6 6.8e-05
470.7 6.8e-05
470.8 6.8e-05
470.9 6.8e-05
471.0 6.8e-05
471.1 6.79e-05
471.2 6.78e-05
471.3 6.77e-05
471.4 6.76e-05
471.5 6.75e-05
471.6 6.74e-05
471.7 6.73e-05
471.8 6.72e-05
471.9 6.71e-05
472.0 6.7e-05
472.1 6.7e-05
472.2 6.7e-05
472.3 6.7e-05
472.4 6.7e-05
472.5 6.7e-05
472.6 6.7e-05
472.7 6.7e-05
472.8 6.7e-05
472.9 6.7e-05
473.0 6.7e-05
473.1 6.7e-05
473.2 6.7e-05
473.3 6.7e-05
473.4 6.7e-05
473.5 6.7e-05
473.6 6.7e-05
473.7 6.7e-05
473.8 6.7e-05
473.9 6.7e-05
474.0 6.7e-05
474.1 6.7e-05
474.2 6.7e-05
474.3 6.7e-05
474.4 6.7e-05
474.5 6.7e-05
474.6 6.7e-05
474.7 6.7e-05
474.8 6.7e-05
474.9 6.7e-05
475.0 6.7e-05
475.1 6.7e-05
475.2 6.7e-05
475.3 6.7e-05
475.4 6.7e-05
475.5 6.7e-05
475.6 6.7e-05
475.7 6.7e-05
475.8 6.7e-05
475.9 6.7e-05
476.0 6.7e-05
476.1 6.69e-05
476.2 6.68e-05
476.3 6.67e-05
476.4 6.66e-05
476.5 6.65e-05
476.6 6.64e-05
476.7 6.63e-05
476.8 6.62e-05
476.9 6.61e-05
477.0 6.6e-05
477.1 6.6e-05
477.2 6.6e-05
477.3 6.6e-05
477.4 6.6e-05
477.5 6.6e-05
477.6 6.6e-05
477.7 6.6e-05
477.8 6.6e-05
477.9 6.6e-05
478.0 6.6e-05
478.1 6.6e-05
478.2 6.6e-05
478.3 6.6e-05
478.4 6.6e-05
478.5 6.6e-05
478.6 6.6e-05
478.7 6.6e-05
478.8 6.6e-05
478.9 6.6e-05
479.0 6.6e-05
479.1 6.6e-05
479.2 6.6e-05
479.3 6.6e-05
479.4 6.6e-05
479.5 6.6e-05
479.6 6.6e-05
479.7 6.6e-05
479.8 6.6e-05
479.9 6.6e-05
480.0 6.6e-05
480.1 6.6e-05
480.2 6.6e-05
480.3 6.6e-05
480.4 6.6e-05
480.5 6.6e-05
480.6 6.6e-05
480.7 6.6e-05
480.8 6.6e-05
480.9 6.6e-05
481.0 6.6e-05
481.1 6.6e-05
481.2 6.6e-05
481.3 6.6e-05
481.4 6.6e-05
481.5 6.6e-05
481.6 6.6e-05
481.7 6.6e-05
481.8 6.6e-05
481.9 6.6e-05
482.0 6.6e-05
482.1 6.59e-05
482.2 6.58e-05
482.3 6.57e-05
482.4 6.56e-05
482.5 6.55e-05
482.6 6.54e-05
482.7 6.53e-05
482.8 6.52e-05
482.9 6.51e-05
483.0 6.5e-05
483.1 6.5e-05
483.2 6.5e-05
483.3 6.5e-05
483.4 6.5e-05
483.5 6.5e-05
483.6 6.5e-05
483.7 6.5e-05
483.8 6.5e-05
483.9 6.5e-05
484.0 6.5e-05
484.1 6.5e-05
484.2 6.5e-05
484.3 6.5e-05
484.4 6.5e-05
484.5 6.5e-05
484.6 6.5e-05
484.7 6.5e-05
484.8 6.5e-05
484.9 6.5e-05
485.0 6.5e-05
485.1 6.5e-05
485.2 6.5e-05
485.3 6.5e-05
485.4 6.5e-05
485.5 6.5e-05
485.6 6.5e-05
485.7 6.5e-05
485.8 6.5e-05
485.9 6.5e-05
486.0 6.5e-05
486.1 6.5e-05
486.2 6.5e-05
486.3 6.5e-05
486.4 6.5e-05
486.5 6.5e-05
486.6 6.5e-05
486.7 6.5e-05
486.8 6.5e-05
486.9 6.5e-05
487.0 6.5e-05
487.1 6.5e-05
487.2 6.5e-05
487.3 6.5e-05
487.4 6.5e-05
487.5 6.5e-05
487.6 6.5e-05
487.7 6.5e-05
487.8 6.5e-05
487.9 6.5e-05
488.0 6.5e-05
488.1 6.49e-05
488.2 6.48e-05
488.3 6.47e-05
488.4 6.46e-05
488.5 6.45e-05
488.6 6.44e-05
488.7 6.43e-05
488.8 6.42e-05
488.9 6.41e-05
489.0 6.4e-05
489.1 6.4e-05
489.2 6.4e-05
489.3 6.4e-05
489.4 6.4e-05
489.5 6.4e-05
489.6 6.4e-05
489.7 6.4e-05
489.8 6.4e-05
489.9 6.4e-05
490.0 6.4e-05
490.1 6.4e-05
490.2 6.4e-05
490.3 6.4e-05
490.4 6.4e-05
490.5 6.4e-05
490.6 6.4e-05
490.7 6.4e-05
490.8 6.4e-05
490.9 6.4e-05
491.0 6.4e-05
491.1 6.4e-05
491.2 6.4e-05
491.3 6.4e-05
491.4 6.4e-05
491.5 6.4e-05
491.6 6.4e-05
491.7 6.4e-05
491.8 6.4e-05
491.9 6.4e-05
492.0 6.4e-05
492.1 6.4e-05
492.2 6.4e-05
492.3 6.4e-05
492.4 6.4e-05
492.5 6.4e-05
492.6 6.4e-05
492.7 6.4e-05
492.8 6.4e-05
492.9 6.4e-05
493.0 6.4e-05
493.1 6.39e-05
493.2 6.38e-05
493.3 6.37e-05
493.4 6.36e-05
493.5 6.35e-05
493.6 6.34e-05
493.7 6.33e-05
493.8 6.32e-05
493.9 6.31e-05
494.0 6.3e-05
494.1 6.3e-05
494.2 6.3e-05
494.3 6.3e-05
494.4 6.3e-05
494.5 6.3e-05
494.6 6.3e-05
494.7 6.3e-05
494.8 6.3e-05
494.9 6.3e-05
495.0 6.3e-05
495.1 6.3e-05
495.2 6.3e-05
495.3 6.3e-05
495.4 6.3e-05
495.5 6.3e-05
495.6 6.3e-05
495.7 6.3e-05
495.8 6.3e-05
495.9 6.3e-05
496.0 6.3e-05
496.1 6.3e-05
496.2 6.3e-05
496.3 6.3e-05
496.4 6.3e-05
496.5 6.3e-05
496.6 6.3e-05
496.7 6.3e-05
496.8 6.3e-05
496.9 6.3e-05
497.0 6.3e-05
497.1 6.3e-05
497.2 6.3e-05
497.3 6.3e-05
497.4 6.3e-05
497.5 6.3e-05
497.6 6.3e-05
497.7 6.3e-05
497.8 6.3e-05
497.9 6.3e-05
498.0 6.3e-05
498.1 6.3e-05
498.2 6.3e-05
498.3 6.3e-05
498.4 6.3e-05
498.5 6.3e-05
498.6 6.3e-05
498.7 6.3e-05
498.8 6.3e-05
498.9 6.3e-05
499.0 6.3e-05
499.1 6.29e-05
499.2 6.28e-05
499.3 6.27e-05
499.4 6.26e-05
499.5 6.25e-05
499.6 6.24e-05
499.7 6.23e-05
499.8 6.22e-05
499.9 6.21e-05
500.0 6.2e-05
500.1 6.2e-05
500.2 6.2e-05
500.3 6.2e-05
500.4 6.2e-05
500.5 6.2e-05
500.6 6.2e-05
500.7 6.2e-05
500.8 6.2e-05
500.9 6.2e-05
501.0 6.2e-05
501.1 6.2e-05
501.2 6.2e-05
501.3 6.2e-05
501.4 6.2e-05
501.5 6.2e-05
501.6 6.2e-05
501.7 6.2e-05
501.8 6.2e-05
501.9 6.2e-05
502.0 6.2e-05
502.1 6.2e-05
502.2 6.2e-05
502.3 6.2e-05
502.4 6.2e-05
502.5 6.2e-05
502.6 6.2e-05
502.7 6.2e-05
502.8 6.2e-05
502.9 6.2e-05
503.0 6.2e-05
503.1 6.2e-05
503.2 6.2e-05
503.3 6.2e-05
503.4 6.2e-05
503.5 6.2e-05
503.6 6.2e-05
503.7 6.2e-05
503.8 6.2e-05
503.9 6.2e-05
504.0 6.2e-05
504.1 6.2e-05
504.2 6.2e-05
504.3 6.2e-05
504.4 6.2e-05
504.5 6.2e-05
504.6 6.2e-05
504.7 6.2e-05
504.8 6.2e-05
504.9 6.2e-05
505.0 6.2e-05
505.1 6.19e-05
505.2 6.18e-05
505.3 6.17e-05
505.4 6.16e-05
505.5 6.15e-05
505.6 6.14e-05
505.7 6.13e-05
505.8 6.12e-05
505.9 6.11e-05
506.0 6.1e-05
506.1 6.1e-05
506.2 6.1e-05
506.3 6.1e-05
506.4 6.1e-05
506.5 6.1e-05
506.6 6.1e-05
506.7 6.1e-05
506.8 6.1e-05
506.9 6.1e-05
507.0 6.1e-05
507.1 6.1e-05
507.2 6.1e-05
507.3 6.1e-05
507.4 6.1e-05
507.5 6.1e-05
507.6 6.1e-05
507.7 6.1e-05
507.8 6.1e-05
507.9 6.1e-05
508.0 6.1e-05
508.1 6.1e-05
508.2 6.1e-05
508.3 6.1e-05
508.4 6.1e-05
508.5 6.1e-05
508.6 6.1e-05
508.7 6.1e-05
508.8 6.1e-05
508.9 6.1e-05
509.0 6.1e-05
509.1 6.1e-05
509.2 6.1e-05
509.3 6.1e-05
509.4 6.1e-05
509.5 6.1e-05
509.6 6.1e-05
509.7 6.1e-05
509.8 6.1e-05
509.9 6.1e-05
510.0 6.1e-05
510.1 6.1e-05
510.2 6.1e-05
510.3 6.1e-05
510.4 6.1e-05
510.5 6.1e-05
510.6 6.1e-05
510.7 6.1e-05
510.8 6.1e-05
510.9 6.1e-05
511.0 6.1e-05
511.1 6.1e-05
511.2 6.1e-05
511.3 6.1e-05
511.4 6.1e-05
511.5 6.1e-05
511.6 6.1e-05
511.7 6.1e-05
511.8 6.1e-05
511.9 6.1e-05
512.0 6.1e-05
512.1 6.09e-05
512.2 6.08e-05
512.3 6.07e-05
512.4 6.06e-05
512.5 6.05e-05
512.6 6.04e-05
512.7 6.03e-05
512.8 6.02e-05
512.9 6.01e-05
513.0 6e-05
513.1 6e-05
513.2 6e-05
513.3 6e-05
513.4 6e-05
513.5 6e-05
513.6 6e-05
513.7 6e-05
513.8 6e-05
513.9 6e-05
514.0 6e-05
514.1 6e-05
514.2 6e-05
514.3 6e-05
514.4 6e-05
514.5 6e-05
514.6 6e-05
514.7 6e-05
514.8 6e-05
514.9 6e-05
515.0 6e-05
515.1 6e-05
515.2 6e-05
515.3 6e-05
515.4 6e-05
515.5 6e-05
515.6 6e-05
515.7 6e-05
515.8 6e-05
515.9 6e-05
516.0 6e-05
516.1 6e-05
516.2 6e-05
516.3 6e-05
516.4 6e-05
516.5 6e-05
516.6 6e-05
516.7 6e-05
516.8 6e-05
516.9 6e-05
517.0 6e-05
517.1 6e-05
517.2 6e-05
517.3 6e-05
517.4 6e-05
517.5 6e-05
517.6 6e-05
517.7 6e-05
517.8 6e-05
517.9 6e-05
518.0 6e-05
518.1 6e-05
518.2 6e-05
518.3 6e-05
518.4 6e-05
518.5 6e-05
518.6 6e-05
518.7 6e-05
518.8 6e-05
518.9 6e-05
519.0 6e-05
519.1 5.99e-05
519.2 5.98e-05
519.3 5.97e-05
519.4 5.96e-05
519.5 5.95e-05
519.6 5.94e-05
519.7 5.93e-05
519.8 5.92e-05
519.9 5.91e-05
520.0 5.9e-05
520.1 5.9e-05
520.2 5.9e-05
520.3 5.9e-05
520.4 5.9e-05
520.5 5.9e-05
520.6 5.9e-05
520.7 5.9e-05
520.8 5.9e-05
520.9 5.9e-05
521.0 5.9e-05
521.1 5.9e-05
521.2 5.9e-05
521.3 5.9e-05
521.4 5.9e-05
521.5 5.9e-05
521.6 5.9e-05
521.7 5.9e-05
521.8 5.9e-05
521.9 5.9e-05
522.0 5.9e-05
522.1 5.9e-05
522.2 5.9e-05
522.3 5.9e-05
522.4 5.9e-05
522.5 5.9e-05
522.6 5.9e-05
522.7 5.9e-05
522.8 5.9e-05
522.9 5.9e-05
523.0 5.9e-05
523.1 5.9e-05
523.2 5.9e-05
523.3 5.9e-05
523.4 5.9e-05
523.5 5.9e-05
523.6 5.9e-05
523.7 5.9e-05
523.8 5.9e-05
523.9 5.9e-05
524.0 5.9e-05
524.1 5.9e-05
524.2 5.9e-05
524.3 5.9e-05
524.4 5.9e-05
524.5 5.9e-05
524.6 5.9e-05
524.7 5.9e-05
524.8 5.9e-05
524.9 5.9e-05
525.0 5.9e-05
525.1 5.9e-05
525.2 5.9e-05
525.3 5.9e-05
525.4 5.9e-05
525.5 5.9e-05
525.6 5.9e-05
525.7 5.9e-05
525.8 5.9e-05
525.9 5.9e-05
526.0 5.9e-05
526.1 5.89e-05
526.2 5.88e-05
526.3 5.87e-05
526.4 5.86e-05
526.5 5.85e-05
526.6 5.84e-05
526.7 5.83e-05
526.8 5.82e-05
526.9 5.81e-05
527.0 5.8e-05
527.1 5.8e-05
527.2 5.8e-05
527.3 5.8e-05
527.4 5.8e-05
527.5 5.8e-05
527.6 5.8e-05
527.7 5.8e-05
527.8 5.8e-05
527.9 5.8e-05
528.0 5.8e-05
528.1 5.8e-05
528.2 5.8e-05
528.3 5.8e-05
528.4 5.8e-05
528.5 5.8e-05
528.6 5.8e-05
528.7 5.8e-05
528.8 5.8e-05
528.9 5.8e-05
529.0 5.8e-05
529.1 5.8e-05
529.2 5.8e-05
529.3 5.8e-05
529.4 5.8e-05
529.5 5.8e-05
529.6 5.8e-05
529.7 5.8e-05
529.8 5.8e-05
529.9 5.8e-05
530.0 5.8e-05
530.1 5.8e-05
530.2 5.8e-05
530.3 5.8e-05
530.4 5.8e-05
530.5 5.8e-05
530.6 5.8e-05
530.7 5.8e-05
530.8 5.8e-05
530.9 5.8e-05
531.0 5.8e-05
531.1 5.8e-05
531.2 5.8e-05
531.3 5.8e-05
531.4 5.8e-05
531.5 5.8e-05
531.6 5.8e-05
531.7 5.8e-05
531.8 5.8e-05
531.9 5.8e-05
532.0 5.8e-05
532.1 5.8e-05
532.2 5.8e-05
532.3 5.8e-05
532.4 5.8e-05
532.5 5.8e-05
532.6 5.8e-05
532.7 5.8e-05
532.8 5.8e-05
532.9 5.8e-05
533.0 5.8e-05
533.1 5.79e-05
533.2 5.78e-05
533.3 5.77e-05
533.4 5.76e-05
533.5 5.75e-05
533.6 5.74e-05
533.7 5.73e-05
533.8 5.72e-05
533.9 5.71e-05
534.0 5.7e-05
534.1 5.7e-05
534.2 5.7e-05
534.3 5.7e-05
534.4 5.7e-05
534.5 5.7e-05
534.6 5.7e-05
534.7 5.7e-05
534.8 5.7e-05
534.9 5.7e-05
535.0 5.7e-05
535.1 5.7e-05
535.2 5.7e-05
535.3 5.7e-05
535.4 5.7e-05
535.5 5.7e-05
535.6 5.7e-05
535.7 5.7e-05
535.8 5.7e-05
535.9 5.7e-05
536.0 5.7e-05
536.1 5.7e-05
536.2 5.7e-05
536.3 5.7e-05
536.4 5.7e-05
536.5 5.7e-05
536.6 5.7e-05
536.7 5.7e-05
536.8 5.7e-05
536.9 5.7e-05
537.0 5.7e-05
537.1 5.7e-05
537.2 5.7e-05
537.3 5.7e-05
537.4 5.7e-05
537.5 5.7e-05
537.6 5.7e-05
537.7 5.7e-05
537.8 5.7e-05
537.9 5.7e-05
538.0 5.7e-05
538.1 5.7e-05
538.2 5.7e-05
538.3 5.7e-05
538.4 5.7e-05
538.5 5.7e-05
538.6 5.7e-05
538.7 5.7e-05
538.8 5.7e-05
538.9 5.7e-05
539.0 5.7e-05
539.1 5.7e-05
539.2 5.7e-05
539.3 5.7e-05
539.4 5.7e-05
539.5 5.7e-05
539.6 5.7e-05
539.7 5.7e-05
539.8 5.7e-05
539.9 5.7e-05
540.0 5.7e-05
540.1 5.69e-05
540.2 5.68e-05
540.3 5.67e-05
540.4 5.66e-05
540.5 5.65e-05
540.6 5.64e-05
540.7 5.63e-05
540.8 5.62e-05
540.9 5.61e-05
541.0 5.6e-05
541.1 5.6e-05
541.2 5.6e-05
541.3 5.6e-05
541.4 5.6e-05
541.5 5.6e-05
541.6 5.6e-05
541.7 5.6e-05
541.8 5.6e-05
541.9 5.6e-05
542.0 5.6e-05
542.1 5.6e-05
542.2 5.6e-05
542.3 5.6e-05
542.4 5.6e-05
542.5 5.6e-05
542.6 5.6e-05
542.7 5.6e-05
542.8 5.6e-05
542.9 5.6e-05
543.0 5.6e-05
543.1 5.6e-05
543.2 5.6e-05
543.3 5.6e-05
543.4 5.6e-05
543.5 5.6e-05
543.6 5.6e-05
543.7 5.6e-05
543.8 5.6e-05
543.9 5.6e-05
544.0 5.6e-05
544.1 5.6e-05
544.2 5.6e-05
544.3 5.6e-05
544.4 5.6e-05
544.5 5.6e-05
544.6 5.6e-05
544.7 5.6e-05
544.8 5.6e-05
544.9 5.6e-05
545.0 5.6e-05
545.1 5.6e-05
545.2 5.6e-05
545.3 5.6e-05
545.4 5.6e-05
545.5 5.6e-05
545.6 5.6e-05
545.7 5.6e-05
545.8 5.6e-05
545.9 5.6e-05
546.0 5.6e-05
546.1 5.6e-05
546.2 5.6e-05
546.3 5.6e-05
546.4 5.6e-05
546.5 5.6e-05
546.6 5.6e-05
546.7 5.6e-05
546.8 5.6e-05
546.9 5.6e-05
547.0 5.6e-05
547.1 5.6e-05
547.2 5.6e-05
547.3 5.6e-05
547.4 5.6e-05
547.5 5.6e-05
547.6 5.6e-05
547.7 5.6e-05
547.8 5.6e-05
547.9 5.6e-05
548.0 5.6e-05
548.1 5.59e-05
548.2 5.58e-05
548.3 5.57e-05
548.4 5.56e-05
548.5 5.55e-05
548.6 5.54e-05
548.7 5.53e-05
548.8 5.52e-05
548.9 5.51e-05
549.0 5.5e-05
549.1 5.5e-05
549.2 5.5e-05
549.3 5.5e-05
549.4 5.5e-05
549.5 5.5e-05
549.6 5.5e-05
549.7 5.5e-05
549.8 5.5e-05
549.9 5.5e-05
550.0 5.5e-05
550.1 5.5e-05
550.2 5.5e-05
550.3 5.5e-05
550.4 5.5e-05
550.5 5.5e-05
550.6 5.5e-05
550.7 5.5e-05
550.8 5.5e-05
550.9 5.5e-05
551.0 5.5e-05
551.1 5.5e-05
551.2 5.5e-05
551.3 5.5e-05
551.4 5.5e-05
551.5 5.5e-05
551.6 5.5e-05
551.7 5.5e-05
551.8 5.5e-05
551.9 5.5e-05
552.0 5.5e-05
552.1 5.5e-05
552.2 5.5e-05
552.3 5.5e-05
552.4 5.5e-05
552.5 5.5e-05
552.6 5.5e-05
552.7 5.5e-05
552.8 5.5e-05
552.9 5.5e-05
553.0 5.5e-05
553.1 5.5e-05
553.2 5.5e-05
553.3 5.5e-05
553.4 5.5e-05
553.5 5.5e-05
553.6 5.5e-05
553.7 5.5e-05
553.8 5.5e-05
553.9 5.5e-05
554.0 5.5e-05
554.1 5.5e-05
554.2 5.5e-05
554.3 5.5e-05
554.4 5.5e-05
554.5 5.5e-05
554.6 5.5e-05
554.7 5.5e-05
554.8 5.5e-05
554.9 5.5e-05
555.0 5.5e-05
555.1 5.5e-05
555.2 5.5e-05
555.3 5.5e-05
555.4 5.5e-05
555.5 5.5e-05
555.6 5.5e-05
555.7 5.5e-05
555.8 5.5e-05
555.9 5.5e-05
556.0 5.5e-05
556.1 5.49e-05
556.2 5.48e-05
556.3 5.47e-05
556.4 5.46e-05
556.5 5.45e-05
556.6 5.44e-05
556.7 5.43e-05
556.8 5.42e-05
556.9 5.41e-05
557.0 5.4e-05
557.1 5.4e-05
557.2 5.4e-05
557.3 5.4e-05
557.4 5.4e-05
557.5 5.4e-05
557.6 5.4e-05
557.7 5.4e-05
557.8 5.4e-05
557.9 5.4e-05
558.0 5.4e-05
558.1 5.4e-05
558.2 5.4e-05
558.3 5.4e-05
558.4 5.4e-05
558.5 5.4e-05
558.6 5.4e-05
558.7 5.4e-05
558.8 5.4e-05
558.9 5.4e-05
559.0 5.4e-05
559.1 5.4e-05
559.2 5.4e-05
559.3 5.4e-05
559.4 5.4e-05
559.5 5.4e-05
559.6 5.4e-05
559.7 5.4e-05
559.8 5.4e-05
559.9 5.4e-05
560.0 5.4e-05
560.1 5.4e-05
560.2 5.4e-05
560.3 5.4e-05
560.4 5.4e-05
560.5 5.4e-05
560.6 5.4e-05
560.7 5.4e-05
560.8 5.4e-05
560.9 5.4e-05
561.0 5.4e-05
561.1 5.4e-05
561.2 5.4e-05
561.3 5.4e-05
561.4 5.4e-05
561.5 5.4e-05
561.6 5.4e-05
561.7 5.4e-05
561.8 5.4e-05
561.9 5.4e-05
562.0 5.4e-05
562.1 5.4e-05
562.2 5.4e-05
562.3 5.4e-05
562.4 5.4e-05
562.5 5.4e-05
562.6 5.4e-05
562.7 5.4e-05
562.8 5.4e-05
562.9 5.4e-05
563.0 5.4e-05
563.1 5.4e-05
563.2 5.4e-05
563.3 5.4e-05
563.4 5.4e-05
563.5 5.4e-05
563.6 5.4e-05
563.7 5.4e-05
563.8 5.4e-05
563.9 5.4e-05
564.0 5.4e-05
564.1 5.4e-05
564.2 5.4e-05
564.3 5.4e-05
564.4 5.4e-05
564.5 5.4e-05
564.6 5.4e-05
564.7 5.4e-05
564.8 5.4e-05
564.9 5.4e-05
565.0 5.4e-05
565.1 5.39e-05
565.2 5.38e-05
565.3 5.37e-05
565.4 5.36e-05
565.5 5.35e-05
565.6 5.34e-05
565.7 5.33e-05
565.8 5.32e-05
565.9 5.31e-05
566.0 5.3e-05
566.1 5.3e-05
566.2 5.3e-05
566.3 5.3e-05
566.4 5.3e-05
566.5 5.3e-05
566.6 5.3e-05
566.7 5.3e-05
566.8 5.3e-05
566.9 5.3e-05
567.0 5.3e-05
567.1 5.3e-05
567.2 5.3e-05
567.3 5.3e-05
567.4 5.3e-05
567.5 5.3e-05
567.6 5.3e-05
567.7 5.3e-05
567.8 5.3e-05
567.9 5.3e-05
568.0 5.3e-05
568.1 5.3e-05
568.2 5.3e-05
568.3 5.3e-05
568.4 5.3e-05
568.5 5.3e-05
568.6 5.3e-05
568.7 5.3e-05
568.8 5.3e-05
568.9 5.3e-05
569.0 5.3e-05
569.1 5.3e-05
569.2 5.3e-05
569.3 5.3e-05
569.4 5.3e-05
569.5 5.3e-05
569.6 5.3e-05
569.7 5.3e-05
569.8 5.3e-05
569.9 5.3e-05
570.0 5.3e-05
570.1 5.3e-05
570.2 5.3e-05
570.3 5.3e-05
570.4 5.3e-05
570.5 5.3e-05
570.6 5.3e-05
570.7 5.3e-05
570.8 5.3e-05
570.9 5.3e-05
571.0 5.3e-05
571.1 5.3e-05
571.2 5.3e-05
571.3 5.3e-05
571.4 5.3e-05
571.5 5.3e-05
571.6 5.3e-05
571.7 5.3e-05
571.8 5.3e-05
571.9 5.3e-05
572.0 5.3e-05
572.1 5.3e-05
572.2 5.3e-05
572.3 5.3e-05
572.4 5.3e-05
572.5 5.3e-05
572.6 5.3e-05
572.7 5.3e-05
572.8 5.3e-05
572.9 5.3e-05
573.0 5.3e-05
573.1 5.3e-05
573.2 5.3e-05
573.3 5.3e-05
573.4 5.3e-05
573.5 5.3e-05
573.6 5.3e-05
573.7 5.3e-05
573.8 5.3e-05
573.9 5.3e-05
574.0 5.3e-05
574.1 5.3e-05
574.2 5.3e-05
574.3 5.3e-05
574.4 5.3e-05
574.5 5.3e-05
574.6 5.3e-05
574.7 5.3e-05
574.8 5.3e-05
574.9 5.3e-05
575.0 5.3e-05
575.1 5.29e-05
575.2 5.28e-05
575.3 5.27e-05
575.4 5.26e-05
575.5 5.25e-05
575.6 5.24e-05
575.7 5.23e-05
575.8 5.22e-05
575.9 5.21e-05
576.0 5.2e-05
576.1 5.2e-05
576.2 5.2e-05
576.3 5.2e-05
576.4 5.2e-05
576.5 5.2e-05
576.6 5.2e-05
576.7 5.2e-05
576.8 5.2e-05
576.9 5.2e-05
577.0 5.2e-05
577.1 5.19019e-05
577.2 5.18038e-05
577.3 5.17057e-05
577.4 5.16075e-05
577.5 5.15094e-05
577.6 5.14113e-05
577.7 5.13132e-05
577.8 5.12151e-05
577.9 5.1117e-05
578.0 5.10189e-05
578.1 5.10189e-05
578.2 5.10189e-05
578.3 5.10189e-05
578.4 5.10189e-05
578.5 5.10189e-05
578.6 5.10189e-05
578.7 5.10189e-05
578.8 5.10189e-05
578.9 5.10189e-05
579.0 5.10189e-05
579.1 5.10189e-05
579.2 5.10189e-05
579.3 5.10189e-05
579.4 5.10189e-05
579.5 5.10189e-05
579.6 5.10189e-05
579.7 5.10189e-05
579.8 5.10189e-05
579.9 5.10189e-05
580.0 5.10189e-05
580.1 5.10189e-05
580.2 5.10189e-05
580.3 5.10189e-05
580.4 5.10189e-05
580.5 5.10189e-05
580.6 5.10189e-05
580.7 5.10189e-05
580.8 5.10189e-05
580.9 5.10189e-05
581.0 5.10189e-05
581.1 5.10189e-05
581.2 5.10189e-05
581.3 5.10189e-05
581.4 5.10189e-05
581.5 5.10189e-05
581.6 5.10189e-05
581.7 5.10189e-05
581.8 5.10189e-05
581.9 5.10189e-05
582.0 5.10189e-05
582.1 5.10189e-05
582.2 5.10189e-05
582.3 5.10189e-05
582.4 5.10189e-05
582.5 5.10189e-05
582.6 5.10189e-05
582.7 5.10189e-05
582.8 5.10189e-05
582.9 5.10189e-05
583.0 5.10189e-05
583.1 5.1117e-05
583.2 5.12151e-05
583.3 5.13132e-05
583.4 5.14113e-05
583.5 5.15094e-05
583.6 5.16075e-05
583.7 5.17057e-05
583.8 5.18038e-05
583.9 5.19019e-05
584.0 5.2e-05
584.1 5.2e-05
584.2 5.2e-05
584.3 5.2e-05
584.4 5.2e-05
584.5 5.2e-05
584.6 5.2e-05
584.7 5.2e-05
584.8 5.2e-05
584.9 5.2e-05
585.0 5.2e-05
585.1 5.2e-05
585.2 5.2e-05
585.3 5.2e-05
585.4 5.2e-05
585.5 5.2e-05
585.6 5.2e-05
585.7 5.2e-05
585.8 5.2e-05
585.9 5.2e-05
586.0 5.2e-05
586.1 5.2e-05
586.2 5.2e-05
586.3 5.2e-05
586.4 5.2e-05
586.5 5.2e-05
586.6 5.2e-05
586.7 5.2e-05
586.8 5.2e-05
586.9 5.2e-05
587.0 5.2e-05
587.1 5.2e-05
587.2 5.2e-05
587.3 5.2e-05
587.4 5.2e-05
587.5 5.2e-05
587.6 5.2e-05
587.7 5.2e-05
587.8 5.2e-05
587.9 5.2e-05
588.0 5.2e-05
588.1 5.2e-05
588.2 5.2e-05
588.3 5.2e-05
588.4 5.2e-05
588.5 5.2e-05
588.6 5.2e-05
588.7 5.2e-05
588.8 5.2e-05
588.9 5.2e-05
589.0 5.2e-05
589.1 5.19e-05
589.2 5.18e-05
589.3 5.17e-05
589.4 5.16e-05
589.5 5.15e-05
589.6 5.14e-05
589.7 5.13e-05
589.8 5.12e-05
589.9 5.11e-05
590.0 5.1e-05
590.1 5.1e-05
590.2 5.1e-05
590.3 5.1e-05
590.4 5.1e-05
590.5 5.1e-05
590.6 5.1e-05
590.7 5.1e-05
590.8 5.1e-05
590.9 5.1e-05
591.0 5.1e-05
591.1 5.09019e-05
591.2 5.08038e-05
591.3 5.07058e-05
591.4 5.06077e-05
591.5 5.05096e-05
591.6 5.04115e-05
591.7 5.03135e-05
591.8 5.02154e-05
591.9 5.01173e-05
592.0 5.00192e-05
592.1 5.00192e-05
592.2 5.00192e-05
592.3 5.00192e-05
592.4 5.00192e-05
592.5 5.00192e-05
592.6 5.00192e-05
592.7 5.00192e-05
592.8 5.00192e-05
592.9 5.00192e-05
593.0 5.00192e-05
593.1 5.00192e-05
593.2 5.00192e-05
593.3 5.00192e-05
593.4 5.00192e-05
593.5 5.00192e-05
593.6 5.00192e-05
593.7 5.00192e-05
593.8 5.00192e-05
593.9 5.00192e-05
594.0 5.00192e-05
594.1 5.00192e-05
594.2 5.00192e-05
594.3 5.00192e-05
594.4 5.00192e-05
594.5 5.00192e-05
594.6 5.00192e-05
594.7 5.00192e-05
594.8 5.00192e-05
594.9 5.00192e-05
595.0 5.00192e-05
595.1 5.00192e-05
595.2 5.00192e-05
595.3 5.00192e-05
595.4 5.00192e-05
595.5 5.00192e-05
595.6 5.00192e-05
595.7 5.00192e-05
595.8 5.00192e-05
595.9 5.00192e-05
596.0 5.00192e-05
596.1 5.00173e-05
596.2 5.00154e-05
596.3 5.00135e-05
596.4 5.00115e-05
596.5 5.00096e-05
596.6 5.00077e-05
596.7 5.00058e-05
596.8 5.00038e-05
596.9 5.00019e-05
597.0 5e-05
597.1 5e-05
597.2 5e-05
597.3 5e-05
597.4 5e-05
597.5 5e-05
597.6 5e-05
597.7 5e-05
597.8 5e-05
597.9 5e-05
598.0 5e-05
598.1 5e-05
598.2 5e-05
598.3 5e-05
598.4 5e-05
598.5 5e-05
598.6 5e-05
598.7 5e-05
598.8 5e-05
598.9 5e-05
599.0 5e-05
599.1 5e-05
599.2 5e-05
599.3 5e-05
599.4 5e-05
599.5 5e-05
599.6 5e-05
599.7 5e-05
599.8 5e-05
599.9 5e-05
600.0 5e-05
600.1 5e-05
600.2 5e-05
600.3 5e-05
600.4 5e-05
600.5 5e-05
600.6 5e-05
600.7 5e-05
600.8 5e-05
600.9 5e-05
601.0 5e-05
601.1 5e-05
601.2 5e-05
601.3 5e-05
601.4 5e-05
601.5 5e-05
601.6 5e-05
601.7 5e-05
601.8 5e-05
601.9 5e-05
602.0 5e-05
602.1 4.9902e-05
602.2 4.98039e-05
602.3 4.97059e-05
602.4 4.96078e-05
602.5 4.95098e-05
602.6 4.94118e-05
602.7 4.93137e-05
602.8 4.92157e-05
602.9 4.91176e-05
603.0 4.90196e-05
603.1 4.90196e-05
603.2 4.90196e-05
603.3 4.90196e-05
603.4 4.90196e-05
603.5 4.90196e-05
603.6 4.90196e-05
603.7 4.90196e-05
603.8 4.90196e-05
603.9 4.90196e-05
604.0 4.90196e-05
604.1 4.90196e-05
604.2 4.90196e-05
604.3 4.90196e-05
604.4 4.90196e-05
604.5 4.90196e-05
604.6 4.90196e-05
604.7 4.90196e-05
604.8 4.90196e-05
604.9 4.90196e-05
605.0 4.90196e-05
605.1 4.90196e-05
605.2 4.90196e-05
605.3 4.90196e-05
605.4 4.90196e-05
605.5 4.90196e-05
605.6 4.90196e-05
605.7 4.90196e-05
605.8 4.90196e-05
605.9 4.90196e-05
606.0 4.90196e-05
606.1 4.90196e-05
606.2 4.90196e-05
606.3 4.90196e-05
606.4 4.90196e-05
606.5 4.90196e-05
606.6 4.90196e-05
606.7 4.90196e-05
606.8 4.90196e-05
606.9 4.90196e-05
607.0 4.90196e-05
607.1 4.90196e-05
607.2 4.90196e-05
607.3 4.90196e-05
607.4 4.90196e-05
607.5 4.90196e-05
607.6 4.90196e-05
607.7 4.90196e-05
607.8 4.90196e-05
607.9 4.90196e-05
608.0 4.90196e-05
608.1 4.90176e-05
608.2 4.90157e-05
608.3 4.90137e-05
608.4 4.90118e-05
608.5 4.90098e-05
608.6 4.90078e-05
608.7 4.90059e-05
608.8 4.90039e-05
608.9 4.9002e-05
609.0 4.9e-05
609.1 4.9e-05
609.2 4.9e-05
609.3 4.9e-05
609.4 4.9e-05
609.5 4.9e-05
609.6 4.9e-05
609.7 4.9e-05
609.8 4.9e-05
609.9 4.9e-05
610.0 4.9e-05
610.1 4.9e-05
610.2 4.9e-05
610.3 4.9e-05
610.4 4.9e-05
610.5 4.9e-05
610.6 4.9e-05
610.7 4.9e-05
610.8 4.9e-05
610.9 4.9e-05
611.0 4.9e-05
611.1 4.9e-05
611.2 4.9e-05
611.3 4.9e-05
611.4 4.9e-05
611.5 4.9e-05
611.6 4.9e-05
611.7 4.9e-05
611.8 4.9e-05
611.9 4.9e-05
612.0 4.9e-05
612.1 4.9e-05
612.2 4.9e-05
612.3 4.9e-05
612.4 4.9e-05
612.5 4.9e-05
612.6 4.9e-05
612.7 4.9e-05
612.8 4.9e-05
612.9 4.9e-05
613.0 4.9e-05
613.1 4.9e-05
613.2 4.9e-05
613.3 4.9e-05
613.4 4.9e-05
613.5 4.9e-05
613.6 4.9e-05
613.7 4.9e-05
613.8 4.9e-05
613.9 4.9e-05
614.0 4.9e-05
614.1 4.9e-05
614.2 4.9e-05
614.3 4.9e-05
614.4 4.9e-05
614.5 4.9e-05
614.6 4.9e-05
614.7 4.9e-05
614.8 4.9e-05
614.9 4.9e-05
615.0 4.9e-05
615.1 4.8902e-05
615.2 4.8804e-05
615.3 4.8706e-05
615.4 4.8608e-05
615.5 4.851e-05
615.6 4.8412e-05
615.7 4.8314e-05
615.8 4.8216e-05
615.9 4.8118e-05
616.0 4.802e-05
616.1 4.802e-05
616.2 4.802e-05
616.3 4.802e-05
616.4 4.802e-05
616.5 4.802e-05
616.6 4.802e-05
616.7 4.802e-05
616.8 4.802e-05
616.9 4.802e-05
617.0 4.802e-05
617.1 4.7922e-05
617.2 4.7824e-05
617.3 4.7726e-05
617.4 4.7628e-05
617.5 4.753e-05
617.6 4.7432e-05
617.7 4.7334e-05
617.8 4.7236e-05
617.9 4.7138e-05
618.0 4.704e-05
618.1 4.704e-05
618.2 4.704e-05
618.3 4.704e-05
618.4 4.704e-05
618.5 4.704e-05
618.6 4.704e-05
618.7 4.704e-05
618.8 4.704e-05
618.9 4.704e-05
619.0 4.704e-05
619.1 4.704e-05
619.2 4.704e-05
619.3 4.704e-05
619.4 4.704e-05
619.5 4.704e-05
619.6 4.704e-05
619.7 4.704e-05
619.8 4.704e-05
619.9 4.704e-05
620.0 4.704e-05
620.1 4.704e-05
620.2 4.704e-05
620.3 4.704e-05
620.4 4.704e-05
620.5 4.704e-05
620.6 4.704e-05
620.7 4.704e-05
620.8 4.704e-05
620.9 4.704e-05
621.0 4.704e-05
621.1 4.704e-05
621.2 4.704e-05
621.3 4.704e-05
621.4 4.704e-05
621.5 4.704e-05
621.6 4.704e-05
621.7 4.704e-05
621.8 4.704e-05
621.9 4.704e-05
622.0 4.704e-05
622.1 4.704e-05
622.2 4.704e-05
622.3 4.704e-05
622.4 4.704e-05
622.5 4.704e-05
622.6 4.704e-05
622.7 4.704e-05
622.8 4.704e-05
622.9 4.704e-05
623.0 4.704e-05
623.1 4.704e-05
623.2 4.704e-05
623.3 4.704e-05
623.4 4.704e-05
623.5 4.704e-05
623.6 4.704e-05
623.7 4.704e-05
623.8 4.704e-05
623.9 4.704e-05
624.0 4.704e-05
624.1 4.704e-05
624.2 4.704e-05
624.3 4.704e-05
624.4 4.704e-05
624.5 4.704e-05
624.6 4.704e-05
624.7 4.704e-05
624.8 4.704e-05
624.9 4.704e-05
625.0 4.704e-05
625.1 4.704e-05
625.2 4.704e-05
625.3 4.704e-05
625.4 4.704e-05
625.5 4.704e-05
625.6 4.704e-05
625.7 4.704e-05
625.8 4.704e-05
625.9 4.704e-05
626.0 4.704e-05
626.1 4.7036e-05
626.2 4.7032e-05
626.3 4.7028e-05
626.4 4.7024e-05
626.5 4.702e-05
626.6 4.7016e-05
626.7 4.7012e-05
626.8 4.7008e-05
626.9 4.7004e-05
627.0 4.7e-05
627.1 4.7e-05
627.2 4.7e-05
627.3 4.7e-05
627.4 4.7e-05
627.5 4.7e-05
627.6 4.7e-05
627.7 4.7e-05
627.8 4.7e-05
627.9 4.7e-05
628.0 4.7e-05
628.1 4.7e-05
628.2 4.7e-05
628.3 4.7e-05
628.4 4.7e-05
628.5 4.7e-05
628.6 4.7e-05
628.7 4.7e-05
628.8 4.7e-05
628.9 4.7e-05
629.0 4.7e-05
629.1 4.7e-05
629.2 4.7e-05
629.3 4.7e-05
629.4 4.7e-05
629.5 4.7e-05
629.6 4.7e-05
629.7 4.7e-05
629.8 4.7e-05
629.9 4.7e-05
630.0 4.7e-05
630.1 4.7e-05
630.2 4.7e-05
630.3 4.7e-05
630.4 4.7e-05
630.5 4.7e-05
630.6 4.7e-05
630.7 4.7e-05
630.8 4.7e-05
630.9 4.7e-05
631.0 4.7e-05
631.1 4.69e-05
631.2 4.68e-05
631.3 4.67e-05
631.4 4.66e-05
631.5 4.65e-05
631.6 4.64e-05
631.7 4.63e-05
631.8 4.62e-05
631.9 4.61e-05
632.0 4.6e-05
632.1 4.6e-05
632.2 4.6e-05
632.3 4.6e-05
632.4 4.6e-05
632.5 4.6e-05
632.6 4.6e-05
632.7 4.6e-05
632.8 4.6e-05
632.9 4.6e-05
633.0 4.6e-05
633.1 4.6e-05
633.2 4.6e-05
633.3 4.6e-05
633.4 4.6e-05
633.5 4.6e-05
633.6 4.6e-05
633.7 4.6e-05
633.8 4.6e-05
633.9 4.6e-05
634.0 4.6e-05
634.1 4.6e-05
634.2 4.6e-05
634.3 4.6e-05
634.4 4.6e-05
634.5 4.6e-05
634.6 4.6e-05
634.7 4.6e-05
634.8 4.6e-05
634.9 4.6e-05
635.0 4.6e-05
635.1 4.6e-05
635.2 4.6e-05
635.3 4.6e-05
635.4 4.6e-05
635.5 4.6e-05
635.6 4.6e-05
635.7 4.6e-05
635.8 4.6e-05
635.9 4.6e-05
636.0 4.6e-05
636.1 4.6e-05
636.2 4.6e-05
636.3 4.6e-05
636.4 4.6e-05
636.5 4.6e-05
636.6 4.6e-05
636.7 4.6e-05
636.8 4.6e-05
636.9 4.6e-05
637.0 4.6e-05
637.1 4.6e-05
637.2 4.6e-05
637.3 4.6e-05
637.4 4.6e-05
637.5 4.6e-05
637.6 4.6e-05
637.7 4.6e-05
637.8 4.6e-05
637.9 4.6e-05
638.0 4.6e-05
638.1 4.6e-05
638.2 4.6e-05
638.3 4.6e-05
638.4 4.6e-05
638.5 4.6e-05
638.6 4.6e-05
638.7 4.6e-05
638.8 4.6e-05
638.9 4.6e-05
639.0 4.6e-05
639.1 4.6e-05
639.2 4.6e-05
639.3 4.6e-05
639.4 4.6e-05
639.5 4.6e-05
639.6 4.6e-05
639.7 4.6e-05
639.8 4.6e-05
639.9 4.6e-05
640.0 4.6e-05
640.1 4.6e-05
640.2 4.6e-05
640.3 4.6e-05
640.4 4.6e-05
640.5 4.6e-05
640.6 4.6e-05
640.7 4.6e-05
640.8 4.6e-05
640.9 4.6e-05
641.0 4.6e-05
641.1 4.59e-05
641.2 4.58e-05
641.3 4.57e-05
641.4 4.56e-05
641.5 4.55e-05
641.6 4.54e-05
641.7 4.53e-05
641.8 4.52e-05
641.9 4.51e-05
642.0 4.5e-05
642.1 4.5e-05
642.2 4.5e-05
642.3 4.5e-05
642.4 4.5e-05
642.5 4.5e-05
642.6 4.5e-05
642.7 4.5e-05
642.8 4.5e-05
642.9 4.5e-05
643.0 4.5e-05
643.1 4.5e-05
643.2 4.5e-05
643.3 4.5e-05
643.4 4.5e-05
643.5 4.5e-05
643.6 4.5e-05
643.7 4.5e-05
643.8 4.5e-05
643.9 4.5e-05
644.0 4.5e-05
644.1 4.5e-05
644.2 4.5e-05
644.3 4.5e-05
644.4 4.5e-05
644.5 4.5e-05
644.6 4.5e-05
644.7 4.5e-05
644.8 4.5e-05
644.9 4.5e-05
645.0 4.5e-05
645.1 4.49082e-05
645.2 4.48163e-05
645.3 4.47245e-05
645.4 4.46327e-05
645.5 4.45408e-05
645.6 4.4449e-05
645.7 4.43571e-05
645.8 4.42653e-05
645.9 4.41735e-05
646.0 4.40816e-05
646.1 4.40816e-05
646.2 4.40816e-05
646.3 4.40816e-05
646.4 4.40816e-05
646.5 4.40816e-05
646.6 4.40816e-05
646.7 4.40816e-05
646.8 4.40816e-05
646.9 4.40816e-05
647.0 4.40816e-05
647.1 4.40816e-05
647.2 4.40816e-05
647.3 4.40816e-05
647.4 4.40816e-05
647.5 4.40816e-05
647.6 4.40816e-05
647.7 4.40816e-05
647.8 4.40816e-05
647.9 4.40816e-05
648.0 4.40816e-05
648.1 4.40816e-05
648.2 4.40816e-05
648.3 4.40816e-05
648.4 4.40816e-05
648.5 4.40816e-05
648.6 4.40816e-05
648.7 4.40816e-05
648.8 4.40816e-05
648.9 4.40816e-05
649.0 4.40816e-05
649.1 4.40816e-05
649.2 4.40816e-05
649.3 4.40816e-05
649.4 4.40816e-05
649.5 4.40816e-05
649.6 4.40816e-05
649.7 4.40816e-05
649.8 4.40816e-05
649.9 4.40816e-05
650.0 4.40816e-05
650.1 4.40816e-05
650.2 4.40816e-05
650.3 4.40816e-05
650.4 4.40816e-05
650.5 4.40816e-05
650.6 4.40816e-05
650.7 4.40816e-05
650.8 4.40816e-05
650.9 4.40816e-05
651.0 4.40816e-05
651.1 4.40816e-05
651.2 4.40816e-05
651.3 4.40816e-05
651.4 4.40816e-05
651.5 4.40816e-05
651.6 4.40816e-05
651.7 4.40816e-05
651.8 4.40816e-05
651.9 4.40816e-05
652.0 4.40816e-05
652.1 4.39837e-05
652.2 4.38857e-05
652.3 4.37878e-05
652.4 4.36898e-05
652.5 4.35918e-05
652.6 4.34939e-05
652.7 4.33959e-05
652.8 4.3298e-05
652.9 4.32e-05
653.0 4.3102e-05
653.1 4.3102e-05
653.2 4.3102e-05
653.3 4.3102e-05
653.4 4.3102e-05
653.5 4.3102e-05
653.6 4.3102e-05
653.7 4.3102e-05
653.8 4.3102e-05
653.9 4.3102e-05
654.0 4.3102e-05
654.1 4.3102e-05
654.2 4.3102e-05
654.3 4.3102e-05
654.4 4.3102e-05
654.5 4.3102e-05
654.6 4.3102e-05
654.7 4.3102e-05
654.8 4.3102e-05
654.9 4.3102e-05
655.0 4.3102e-05
655.1 4.3102e-05
655.2 4.3102e-05
655.3 4.3102e-05
655.4 4.3102e-05
655.5 4.3102e-05
655.6 4.3102e-05
655.7 4.3102e-05
655.8 4.3102e-05
655.9 4.3102e-05
656.0 4.3102e-05
656.1 4.31918e-05
656.2 4.32816e-05
656.3 4.33714e-05
656.4 4.34612e-05
656.5 4.3551e-05
656.6 4.36408e-05
656.7 4.37306e-05
656.8 4.38204e-05
656.9 4.39102e-05
657.0 4.4e-05
657.1 4.4e-05
657.2 4.4e-05
657.3 4.4e-05
657.4 4.4e-05
657.5 4.4e-05
657.6 4.4e-05
657.7 4.4e-05
657.8 4.4e-05
657.9 4.4e-05
658.0 4.4e-05
658.1 4.4e-05
658.2 4.4e-05
658.3 4.4e-05
658.4 4.4e-05
658.5 4.4e-05
658.6 4.4e-05
658.7 4.4e-05
658.8 4.4e-05
658.9 4.4e-05
659.0 4.4e-05
659.1 4.4e-05
659.2 4.4e-05
659.3 4.4e-05
659.4 4.4e-05
659.5 4.4e-05
659.6 4.4e-05
659.7 4.4e-05
659.8 4.4e-05
659.9 4.4e-05
660.0 4.4e-05
660.1 4.4e-05
660.2 4.4e-05
660.3 4.4e-05
660.4 4.4e-05
660.5 4.4e-05
660.6 4.4e-05
660.7 4.4e-05
660.8 4.4e-05
660.9 4.4e-05
661.0 4.4e-05
661.1 4.4e-05
661.2 4.4e-05
661.3 4.4e-05
661.4 4.4e-05
661.5 4.4e-05
661.6 4.4e-05
661.7 4.4e-05
661.8 4.4e-05
661.9 4.4e-05
662.0 4.4e-05
662.1 4.4e-05
662.2 4.4e-05
662.3 4.4e-05
662.4 4.4e-05
662.5 4.4e-05
662.6 4.4e-05
662.7 4.4e-05
662.8 4.4e-05
662.9 4.4e-05
663.0 4.4e-05
663.1 4.4e-05
663.2 4.4e-05
663.3 4.4e-05
663.4 4.4e-05
663.5 4.4e-05
663.6 4.4e-05
663.7 4.4e-05
663.8 4.4e-05
663.9 4.4e-05
664.0 4.4e-05
664.1 4.4e-05
664.2 4.4e-05
664.3 4.4e-05
664.4 4.4e-05
664.5 4.4e-05
664.6 4.4e-05
664.7 4.4e-05
664.8 4.4e-05
664.9 4.4e-05
665.0 4.4e-05
665.1 4.4e-05
665.2 4.4e-05
665.3 4.4e-05
665.4 4.4e-05
665.5 4.4e-05
665.6 4.4e-05
665.7 4.4e-05
665.8 4.4e-05
665.9 4.4e-05
666.0 4.4e-05
666.1 4.3912e-05
666.2 4.3824e-05
666.3 4.3736e-05
666.4 4.3648e-05
666.5 4.356e-05
666.6 4.3472e-05
666.7 4.3384e-05
666.8 4.3296e-05
666.9 4.3208e-05
667.0 4.312e-05
667.1 4.312e-05
667.2 4.312e-05
667.3 4.312e-05
667.4 4.312e-05
667.5 4.312e-05
667.6 4.312e-05
667.7 4.312e-05
667.8 4.312e-05
667.9 4.312e-05
668.0 4.312e-05
668.1 4.312e-05
668.2 4.312e-05
668.3 4.312e-05
668.4 4.312e-05
668.5 4.312e-05
668.6 4.312e-05
668.7 4.312e-05
668.8 4.312e-05
668.9 4.312e-05
669.0 4.312e-05
669.1 4.312e-05
669.2 4.312e-05
669.3 4.312e-05
669.4 4.312e-05
669.5 4.312e-05
669.6 4.312e-05
669.7 4.312e-05
669.8 4.312e-05
669.9 4.312e-05
670.0 4.312e-05
670.1 4.312e-05
670.2 4.312e-05
670.3 4.312e-05
670.4 4.312e-05
670.5 4.312e-05
670.6 4.312e-05
670.7 4.312e-05
670.8 4.312e-05
670.9 4.312e-05
671.0 4.312e-05
671.1 4.312e-05
671.2 4.312e-05
671.3 4.312e-05
671.4 4.312e-05
671.5 4.312e-05
671.6 4.312e-05
671.7 4.312e-05
671.8 4.312e-05
671.9 4.312e-05
672.0 4.312e-05
672.1 4.312e-05
672.2 4.312e-05
672.3 4.312e-05
672.4 4.312e-05
672.5 4.312e-05
672.6 4.312e-05
672.7 4.312e-05
672.8 4.312e-05
672.9 4.312e-05
673.0 4.312e-05
673.1 4.312e-05
673.2 4.312e-05
673.3 4.312e-05
673.4 4.312e-05
673.5 4.312e-05
673.6 4.312e-05
673.7 4.312e-05
673.8 4.312e-05
673.9 4.312e-05
674.0 4.312e-05
674.1 4.3022e-05
674.2 4.2924e-05
674.3 4.2826e-05
674.4 4.2728e-05
674.5 4.263e-05
674.6 4.2532e-05
674.7 4.2434e-05
674.8 4.2336e-05
674.9 4.2238e-05
675.0 4.214e-05
675.1 4.214e-05
675.2 4.214e-05
675.3 4.214e-05
675.4 4.214e-05
675.5 4.214e-05
675.6 4.214e-05
675.7 4.214e-05
675.8 4.214e-05
675.9 4.214e-05
676.0 4.214e-05
676.1 4.2226e-05
676.2 4.2312e-05
676.3 4.2398e-05
676.4 4.2484e-05
676.5 4.257e-05
676.6 4.2656e-05
676.7 4.2742e-05
676.8 4.2828e-05
676.9 4.2914e-05
677.0 4.3e-05
677.1 4.3e-05
677.2 4.3e-05
677.3 4.3e-05
677.4 4.3e-05
677.5 4.3e-05
677.6 4.3e-05
677.7 4.3e-05
677.8 4.3e-05
677.9 4.3e-05
678.0 4.3e-05
678.1 4.3e-05
678.2 4.3e-05
678.3 4.3e-05
678.4 4.3e-05
678.5 4.3e-05
678.6 4.3e-05
678.7 4.3e-05
678.8 4.3e-05
678.9 4.3e-05
679.0 4.3e-05
679.1 4.3e-05
679.2 4.3e-05
679.3 4.3e-05
679.4 4.3e-05
679.5 4.3e-05
679.6 4.3e-05
679.7 4.3e-05
679.8 4.3e-05
679.9 4.3e-05
680.0 4.3e-05
680.1 4.29e-05
680.2 4.28e-05
680.3 4.27e-05
680.4 4.26e-05
680.5 4.25e-05
680.6 4.24e-05
680.7 4.23e-05
680.8 4.22e-05
680.9 4.21e-05
681.0 4.2e-05
681.1 4.2e-05
681.2 4.2e-05
681.3 4.2e-05
681.4 4.2e-05
681.5 4.2e-05
681.6 4.2e-05
681.7 4.2e-05
681.8 4.2e-05
681.9 4.2e-05
682.0 4.2e-05
682.1 4.2e-05
682.2 4.2e-05
682.3 4.2e-05
682.4 4.2e-05
682.5 4.2e-05
682.6 4.2e-05
682.7 4.2e-05
682.8 4.2e-05
682.9 4.2e-05
683.0 4.2e-05
683.1 4.2e-05
683.2 4.2e-05
683.3 4.2e-05
683.4 4.2e-05
683.5 4.2e-05
683.6 4.2e-05
683.7 4.2e-05
683.8 4.2e-05
683.9 4.2e-05
684.0 4.2e-05
684.1 4.2e-05
684.2 4.2e-05
684.3 4.2e-05
684.4 4.2e-05
684.5 4.2e-05
684.6 4.2e-05
684.7 4.2e-05
684.8 4.2e-05
684.9 4.2e-05
685.0 4.2e-05
685.1 4.2e-05
685.2 4.2e-05
685.3 4.2e-05
685.4 4.2e-05
685.5 4.2e-05
685.6 4.2e-05
685.7 4.2e-05
685.8 4.2e-05
685.9 4.2e-05
686.0 4.2e-05
686.1 4.2e-05
686.2 4.2e-05
686.3 4.2e-05
686.4 4.2e-05
686.5 4.2e-05
686.6 4.2e-05
686.7 4.2e-05
686.8 4.2e-05
686.9 4.2e-05
687.0 4.2e-05
687.1 4.20157e-05
687.2 4.20314e-05
687.3 4.20471e-05
687.4 4.20627e-05
687.5 4.20784e-05
687.6 4.20941e-05
687.7 4.21098e-05
687.8 4.21255e-05
687.9 4.21412e-05
688.0 4.21569e-05
688.1 4.21569e-05
688.2 4.21569e-05
688.3 4.21569e-05
688.4 4.21569e-05
688.5 4.21569e-05
688.6 4.21569e-05
688.7 4.21569e-05
688.8 4.21569e-05
688.9 4.21569e-05
689.0 4.21569e-05
689.1 4.21569e-05
689.2 4.21569e-05
689.3 4.21569e-05
689.4 4.21569e-05
689.5 4.21569e-05
689.6 4.21569e-05
689.7 4.21569e-05
689.8 4.21569e-05
689.9 4.21569e-05
690.0 4.21569e-05
690.1 4.21569e-05
690.2 4.21569e-05
690.3 4.21569e-05
690.4 4.21569e-05
690.5 4.21569e-05
690.6 4.21569e-05
690.7 4.21569e-05
690.8 4.21569e-05
690.9 4.21569e-05
691.0 4.21569e-05
691.1 4.21569e-05
691.2 4.21569e-05
691.3 4.21569e-05
691.4 4.21569e-05
691.5 4.21569e-05
691.6 4.21569e-05
691.7 4.21569e-05
691.8 4.21569e-05
691.9 4.21569e-05
692.0 4.21569e-05
692.1 4.22412e-05
692.2 4.23255e-05
692.3 4.24098e-05
692.4 4.24941e-05
692.5 4.25784e-05
692.6 4.26627e-05
692.7 4.27471e-05
692.8 4.28314e-05
692.9 4.29157e-05
693.0 4.3e-05
693.1 4.3e-05
693.2 4.3e-05
693.3 4.3e-05
693.4 4.3e-05
693.5 4.3e-05
693.6 4.3e-05
693.7 4.3e-05
693.8 4.3e-05
693.9 4.3e-05
694.0 4.3e-05
694.1 4.3e-05
694.2 4.3e-05
694.3 4.3e-05
694.4 4.3e-05
694.5 4.3e-05
694.6 4.3e-05
694.7 4.3e-05
694.8 4.3e-05
694.9 4.3e-05
695.0 4.3e-05
695.1 4.30154e-05
695.2 4.30308e-05
695.3 4.30462e-05
695.4 4.30615e-05
695.5 4.30769e-05
695.6 4.30923e-05
695.7 4.31077e-05
695.8 4.31231e-05
695.9 4.31385e-05
696.0 4.31538e-05
696.1 4.31538e-05
696.2 4.31538e-05
696.3 4.31538e-05
696.4 4.31538e-05
696.5 4.31538e-05
696.6 4.31538e-05
696.7 4.31538e-05
696.8 4.31538e-05
696.9 4.31538e-05
697.0 4.31538e-05
697.1 4.31538e-05
697.2 4.31538e-05
697.3 4.31538e-05
697.4 4.31538e-05
697.5 4.31538e-05
697.6 4.31538e-05
697.7 4.31538e-05
697.8 4.31538e-05
697.9 4.31538e-05
698.0 4.31538e-05
698.1 4.31538e-05
698.2 4.31538e-05
698.3 4.31538e-05
698.4 4.31538e-05
698.5 4.31538e-05
698.6 4.31538e-05
698.7 4.31538e-05
698.8 4.31538e-05
698.9 4.31538e-05
699.0 4.31538e-05
699.1 4.30558e-05
699.2 4.29577e-05
699.3 4.28596e-05
699.4 4.27615e-05
699.5 4.26635e-05
699.6 4.25654e-05
699.7 4.24673e-05
699.8 4.23692e-05
699.9 4.22712e-05
700.0 4.21731e-05
700.1 4.22558e-05
700.2 4.23385e-05
700.3 4.24212e-05
700.4 4.25038e-05
700.5 4.25865e-05
700.6 4.26692e-05
700.7 4.27519e-05
700.8 4.28346e-05
700.9 4.29173e-05
701.0 4.3e-05
701.1 4.3e-05
701.2 4.3e-05
701.3 4.3e-05
701.4 4.3e-05
701.5 4.3e-05
701.6 4.3e-05
701.7 4.3e-05
701.8 4.3e-05
701.9 4.3e-05
702.0 4.3e-05
702.1 4.3e-05
702.2 4.3e-05
702.3 4.3e-05
702.4 4.3e-05
702.5 4.3e-05
702.6 4.3e-05
702.7 4.3e-05
702.8 4.3e-05
702.9 4.3e-05
703.0 4.3e-05
703.1 4.3017e-05
703.2 4.3034e-05
703.3 4.30509e-05
703.4 4.30679e-05
703.5 4.30849e-05
703.6 4.31019e-05
703.7 4.31189e-05
703.8 4.31358e-05
703.9 4.31528e-05
704.0 4.31698e-05
704.1 4.30717e-05
704.2 4.29736e-05
704.3 4.28755e-05
704.4 4.27774e-05
704.5 4.26792e-05
704.6 4.25811e-05
704.7 4.2483e-05
704.8 4.23849e-05
704.9 4.22868e-05
705.0 4.21887e-05
705.1 4.21887e-05
705.2 4.21887e-05
705.3 4.21887e-05
705.4 4.21887e-05
705.5 4.21887e-05
705.6 4.21887e-05
705.7 4.21887e-05
705.8 4.21887e-05
705.9 4.21887e-05
706.0 4.21887e-05
706.1 4.21887e-05
706.2 4.21887e-05
706.3 4.21887e-05
706.4 4.21887e-05
706.5 4.21887e-05
706.6 4.21887e-05
706.7 4.21887e-05
706.8 4.21887e-05
706.9 4.21887e-05
707.0 4.21887e-05
707.1 4.22698e-05
707.2 4.23509e-05
707.3 4.24321e-05
707.4 4.25132e-05
707.5 4.25943e-05
707.6 4.26755e-05
707.7 4.27566e-05
707.8 4.28377e-05
707.9 4.29189e-05
708.0 4.3e-05
708.1 4.3e-05
708.2 4.3e-05
708.3 4.3e-05
708.4 4.3e-05
708.5 4.3e-05
708.6 4.3e-05
708.7 4.3e-05
708.8 4.3e-05
708.9 4.3e-05
709.0 4.3e-05
709.1 4.29e-05
709.2 4.28e-05
709.3 4.27e-05
709.4 4.26e-05
709.5 4.25e-05
709.6 4.24e-05
709.7 4.23e-05
709.8 4.22e-05
709.9 4.21e-05
710.0 4.2e-05
710.1 4.2e-05
710.2 4.2e-05
710.3 4.2e-05
710.4 4.2e-05
710.5 4.2e-05
710.6 4.2e-05
710.7 4.2e-05
710.8 4.2e-05
710.9 4.2e-05
711.0 4.2e-05
711.1 4.20204e-05
711.2 4.20407e-05
711.3 4.20611e-05
711.4 4.20815e-05
711.5 4.21019e-05
711.6 4.21222e-05
711.7 4.21426e-05
711.8 4.2163e-05
711.9 4.21833e-05
712.0 4.22037e-05
712.1 4.22037e-05
712.2 4.22037e-05
712.3 4.22037e-05
712.4 4.22037e-05
712.5 4.22037e-05
712.6 4.22037e-05
712.7 4.22037e-05
712.8 4.22037e-05
712.9 4.22037e-05
713.0 4.22037e-05
713.1 4.22037e-05
713.2 4.22037e-05
713.3 4.22037e-05
713.4 4.22037e-05
713.5 4.22037e-05
713.6 4.22037e-05
713.7 4.22037e-05
713.8 4.22037e-05
713.9 4.22037e-05
714.0 4.22037e-05
714.1 4.22037e-05
714.2 4.22037e-05
714.3 4.22037e-05
714.4 4.22037e-05
714.5 4.22037e-05
714.6 4.22037e-05
714.7 4.22037e-05
714.8 4.22037e-05
714.9 4.22037e-05
715.0 4.22037e-05
715.1 4.22833e-05
715.2 4.2363e-05
715.3 4.24426e-05
715.4 4.25222e-05
715.5 4.26019e-05
715.6 4.26815e-05
715.7 4.27611e-05
715.8 4.28407e-05
715.9 4.29204e-05
716.0 4.3e-05
716.1 4.3e-05
716.2 4.3e-05
716.3 4.3e-05
716.4 4.3e-05
716.5 4.3e-05
716.6 4.3e-05
716.7 4.3e-05
716.8 4.3e-05
716.9 4.3e-05
717.0 4.3e-05
717.1 4.3e-05
717.2 4.3e-05
717.3 4.3e-05
717.4 4.3e-05
717.5 4.3e-05
717.6 4.3e-05
717.7 4.3e-05
717.8 4.3e-05
717.9 4.3e-05
718.0 4.3e-05
718.1 4.29218e-05
718.2 4.28436e-05
718.3 4.27655e-05
718.4 4.26873e-05
718.5 4.26091e-05
718.6 4.25309e-05
718.7 4.24527e-05
718.8 4.23745e-05
718.9 4.22964e-05
719.0 4.22182e-05
719.1 4.22182e-05
719.2 4.22182e-05
719.3 4.22182e-05
719.4 4.22182e-05
719.5 4.22182e-05
719.6 4.22182e-05
719.7 4.22182e-05
719.8 4.22182e-05
719.9 4.22182e-05
720.0 4.22182e-05
720.1 4.22182e-05
720.2 4.22182e-05
720.3 4.22182e-05
720.4 4.22182e-05
720.5 4.22182e-05
720.6 4.22182e-05
720.7 4.22182e-05
720.8 4.22182e-05
720.9 4.22182e-05
721.0 4.22182e-05
721.1 4.22182e-05
721.2 4.22182e-05
721.3 4.22182e-05
721.4 4.22182e-05
721.5 4.22182e-05
721.6 4.22182e-05
721.7 4.22182e-05
721.8 4.22182e-05
721.9 4.22182e-05
722.0 4.22182e-05
722.1 4.22182e-05
722.2 4.22182e-05
722.3 4.22182e-05
722.4 4.22182e-05
722.5 4.22182e-05
722.6 4.22182e-05
722.7 4.22182e-05
722.8 4.22182e-05
722.9 4.22182e-05
723.0 4.22182e-05
723.1 4.22964e-05
723.2 4.23745e-05
723.3 4.24527e-05
723.4 4.25309e-05
723.5 4.26091e-05
723.6 4.26873e-05
723.7 4.27655e-05
723.8 4.28436e-05
723.9 4.29218e-05
724.0 4.3e-05
724.1 4.29e-05
724.2 4.28e-05
724.3 4.27e-05
724.4 4.26e-05
724.5 4.25e-05
724.6 4.24e-05
724.7 4.23e-05
724.8 4.22e-05
724.9 4.21e-05
725.0 4.2e-05
725.1 4.2e-05
725.2 4.2e-05
725.3 4.2e-05
725.4 4.2e-05
725.5 4.2e-05
725.6 4.2e-05
725.7 4.2e-05
725.8 4.2e-05
725.9 4.2e-05
726.0 4.2e-05
726.1 4.20232e-05
726.2 4.20464e-05
726.3 4.20696e-05
726.4 4.20929e-05
726.5 4.21161e-05
726.6 4.21393e-05
726.7 4.21625e-05
726.8 4.21857e-05
726.9 4.22089e-05
727.0 4.22321e-05
727.1 4.22321e-05
727.2 4.22321e-05
727.3 4.22321e-05
727.4 4.22321e-05
727.5 4.22321e-05
727.6 4.22321e-05
727.7 4.22321e-05
727.8 4.22321e-05
727.9 4.22321e-05
728.0 4.22321e-05
728.1 4.21339e-05
728.2 4.20357e-05
728.3 4.19375e-05
728.4 4.18393e-05
728.5 4.17411e-05
728.6 4.16429e-05
728.7 4.15446e-05
728.8 4.14464e-05
728.9 4.13482e-05
729.0 4.125e-05
729.1 4.125e-05
729.2 4.125e-05
729.3 4.125e-05
729.4 4.125e-05
729.5 4.125e-05
729.6 4.125e-05
729.7 4.125e-05
729.8 4.125e-05
729.9 4.125e-05
730.0 4.125e-05
730.1 4.1325e-05
730.2 4.14e-05
730.3 4.1475e-05
730.4 4.155e-05
730.5 4.1625e-05
730.6 4.17e-05
730.7 4.1775e-05
730.8 4.185e-05
730.9 4.1925e-05
731.0 4.2e-05
731.1 4.20246e-05
731.2 4.20491e-05
731.3 4.20737e-05
731.4 4.20982e-05
731.5 4.21228e-05
731.6 4.21474e-05
731.7 4.21719e-05
731.8 4.21965e-05
731.9 4.22211e-05
732.0 4.22456e-05
732.1 4.23211e-05
732.2 4.23965e-05
732.3 4.24719e-05
732.4 4.25474e-05
732.5 4.26228e-05
732.6 4.26982e-05
732.7 4.27737e-05
732.8 4.28491e-05
732.9 4.29246e-05
733.0 4.3e-05
733.1 4.30241e-05
733.2 4.30483e-05
733.3 4.30724e-05
733.4 4.30966e-05
733.5 4.31207e-05
733.6 4.31448e-05
733.7 4.3169e-05
733.8 4.31931e-05
733.9 4.32172e-05
734.0 4.32414e-05
734.1 4.32414e-05
734.2 4.32414e-05
734.3 4.32414e-05
734.4 4.32414e-05
734.5 4.32414e-05
734.6 4.32414e-05
734.7 4.32414e-05
734.8 4.32414e-05
734.9 4.32414e-05
735.0 4.32414e-05
735.1 4.3341e-05
735.2 4.34406e-05
735.3 4.35402e-05
735.4 4.36397e-05
735.5 4.37393e-05
735.6 4.38389e-05
735.7 4.39385e-05
735.8 4.40381e-05
735.9 4.41377e-05
736.0 4.42373e-05
736.1 4.4139e-05
736.2 4.40407e-05
736.3 4.39424e-05
736.4 4.38441e-05
736.5 4.37458e-05
736.6 4.36475e-05
736.7 4.35492e-05
736.8 4.34508e-05
736.9 4.33525e-05
737.0 4.32542e-05
737.1 4.33288e-05
737.2 4.34034e-05
737.3 4.3478e-05
737.4 4.35525e-05
737.5 4.36271e-05
737.6 4.37017e-05
737.7 4.37763e-05
737.8 4.38508e-05
737.9 4.39254e-05
738.0 4.4e-05
738.1 4.4025e-05
738.2 4.405e-05
738.3 4.4075e-05
738.4 4.41e-05
738.5 4.4125e-05
738.6 4.415e-05
738.7 4.4175e-05
738.8 4.42e-05
738.9 4.4225e-05
739.0 4.425e-05
739.1 4.4325e-05
739.2 4.44e-05
739.3 4.4475e-05
739.4 4.455e-05
739.5 4.4625e-05
739.6 4.47e-05
739.7 4.4775e-05
739.8 4.485e-05
739.9 4.4925e-05
740.0 4.5e-05
740.1 4.49262e-05
740.2 4.48525e-05
740.3 4.47787e-05
740.4 4.47049e-05
740.5 4.46311e-05
740.6 4.45574e-05
740.7 4.44836e-05
740.8 4.44098e-05
740.9 4.43361e-05
741.0 4.42623e-05
741.1 4.42623e-05
741.2 4.42623e-05
741.3 4.42623e-05
741.4 4.42623e-05
741.5 4.42623e-05
741.6 4.42623e-05
741.7 4.42623e-05
741.8 4.42623e-05
741.9 4.42623e-05
742.0 4.42623e-05
742.1 4.43361e-05
742.2 4.44098e-05
742.3 4.44836e-05
742.4 4.45574e-05
742.5 4.46311e-05
742.6 4.47049e-05
742.7 4.47787e-05
742.8 4.48525e-05
742.9 4.49262e-05
743.0 4.5e-05
743.1 4.49274e-05
743.2 4.48548e-05
743.3 4.47823e-05
743.4 4.47097e-05
743.5 4.46371e-05
743.6 4.45645e-05
743.7 4.44919e-05
743.8 4.44194e-05
743.9 4.43468e-05
744.0 4.42742e-05
744.1 4.43468e-05
744.2 4.44194e-05
744.3 4.44919e-05
744.4 4.45645e-05
744.5 4.46371e-05
744.6 4.47097e-05
744.7 4.47823e-05
744.8 4.48548e-05
744.9 4.49274e-05
745.0 4.5e-05
745.1 4.49286e-05
745.2 4.48571e-05
745.3 4.47857e-05
745.4 4.47143e-05
745.5 4.46429e-05
745.6 4.45714e-05
745.7 4.45e-05
745.8 4.44286e-05
745.9 4.43571e-05
746.0 4.42857e-05
746.1 4.42857e-05
746.2 4.42857e-05
746.3 4.42857e-05
746.4 4.42857e-05
746.5 4.42857e-05
746.6 4.42857e-05
746.7 4.42857e-05
746.8 4.42857e-05
746.9 4.42857e-05
747.0 4.42857e-05
747.1 4.43853e-05
747.2 4.44848e-05
747.3 4.45844e-05
747.4 4.46839e-05
747.5 4.47835e-05
747.6 4.4883e-05
747.7 4.49826e-05
747.8 4.50821e-05
747.9 4.51817e-05
748.0 4.52812e-05
748.1 4.52812e-05
748.2 4.52812e-05
748.3 4.52813e-05
748.4 4.52812e-05
748.5 4.52812e-05
748.6 4.52812e-05
748.7 4.52813e-05
748.8 4.52812e-05
748.9 4.52812e-05
749.0 4.52813e-05
749.1 4.53531e-05
749.2 4.5425e-05
749.3 4.54969e-05
749.4 4.55688e-05
749.5 4.56406e-05
749.6 4.57125e-05
749.7 4.57844e-05
749.8 4.58563e-05
749.9 4.59281e-05
750.0 4.6e-05
750.1 4.59292e-05
750.2 4.58585e-05
750.3 4.57877e-05
750.4 4.57169e-05
750.5 4.56462e-05
750.6 4.55754e-05
750.7 4.55046e-05
750.8 4.54338e-05
750.9 4.53631e-05
751.0 4.52923e-05
751.1 4.53631e-05
751.2 4.54338e-05
751.3 4.55046e-05
751.4 4.55754e-05
751.5 4.56462e-05
751.6 4.57169e-05
751.7 4.57877e-05
751.8 4.58585e-05
751.9 4.59292e-05
752.0 4.6e-05
752.1 4.60288e-05
752.2 4.60576e-05
752.3 4.60864e-05
752.4 4.61152e-05
752.5 4.61439e-05
752.6 4.61727e-05
752.7 4.62015e-05
752.8 4.62303e-05
752.9 4.62591e-05
753.0 4.62879e-05
753.1 4.62879e-05
753.2 4.62879e-05
753.3 4.62879e-05
753.4 4.62879e-05
753.5 4.62879e-05
753.6 4.62879e-05
753.7 4.62879e-05
753.8 4.62879e-05
753.9 4.62879e-05
754.0 4.62879e-05
754.1 4.63874e-05
754.2 4.6487e-05
754.3 4.65866e-05
754.4 4.66862e-05
754.5 4.67857e-05
754.6 4.68853e-05
754.7 4.69849e-05
754.8 4.70844e-05
754.9 4.7184e-05
755.0 4.72836e-05
755.1 4.72836e-05
755.2 4.72836e-05
755.3 4.72836e-05
755.4 4.72836e-05
755.5 4.72836e-05
755.6 4.72836e-05
755.7 4.72836e-05
755.8 4.72836e-05
755.9 4.72836e-05
756.0 4.72836e-05
756.1 4.72846e-05
756.2 4.72857e-05
756.3 4.72867e-05
756.4 4.72878e-05
756.5 4.72888e-05
756.6 4.72899e-05
756.7 4.7291e-05
756.8 4.7292e-05
756.9 4.72931e-05
757.0 4.72941e-05
757.1 4.72941e-05
757.2 4.72941e-05
757.3 4.72941e-05
757.4 4.72941e-05
757.5 4.72941e-05
757.6 4.72941e-05
757.7 4.72941e-05
757.8 4.72941e-05
757.9 4.72941e-05
758.0 4.72941e-05
758.1 4.72647e-05
758.2 4.72353e-05
758.3 4.72059e-05
758.4 4.71765e-05
758.5 4.71471e-05
758.6 4.71176e-05
758.7 4.70882e-05
758.8 4.70588e-05
758.9 4.70294e-05
759.0 4.7e-05
759.1 4.70304e-05
759.2 4.70609e-05
759.3 4.70913e-05
759.4 4.71217e-05
759.5 4.71522e-05
759.6 4.71826e-05
759.7 4.7213e-05
759.8 4.72435e-05
759.9 4.72739e-05
760.0 4.73043e-05
760.1 4.73739e-05
760.2 4.74435e-05
760.3 4.7513e-05
760.4 4.75826e-05
760.5 4.76522e-05
760.6 4.77217e-05
760.7 4.77913e-05
760.8 4.78609e-05
760.9 4.79304e-05
761.0 4.8e-05
761.1 4.79314e-05
761.2 4.78629e-05
761.3 4.77943e-05
761.4 4.77257e-05
761.5 4.76571e-05
761.6 4.75886e-05
761.7 4.752e-05
761.8 4.74514e-05
761.9 4.73829e-05
762.0 4.73143e-05
762.1 4.73143e-05
762.2 4.73143e-05
762.3 4.73143e-05
762.4 4.73143e-05
762.5 4.73143e-05
762.6 4.73143e-05
762.7 4.73143e-05
762.8 4.73143e-05
762.9 4.73143e-05
763.0 4.73143e-05
763.1 4.73153e-05
763.2 4.73162e-05
763.3 4.73172e-05
763.4 4.73181e-05
763.5 4.73191e-05
763.6 4.73201e-05
763.7 4.7321e-05
763.8 4.7322e-05
763.9 4.7323e-05
764.0 4.73239e-05
764.1 4.73239e-05
764.2 4.73239e-05
764.3 4.73239e-05
764.4 4.73239e-05
764.5 4.73239e-05
764.6 4.73239e-05
764.7 4.73239e-05
764.8 4.73239e-05
764.9 4.73239e-05
765.0 4.73239e-05
765.1 4.73249e-05
765.2 4.73258e-05
765.3 4.73268e-05
765.4 4.73277e-05
765.5 4.73286e-05
765.6 4.73296e-05
765.7 4.73305e-05
765.8 4.73315e-05
765.9 4.73324e-05
766.0 4.73333e-05
766.1 4.73333e-05
766.2 4.73333e-05
766.3 4.73333e-05
766.4 4.73333e-05
766.5 4.73333e-05
766.6 4.73333e-05
766.7 4.73333e-05
766.8 4.73333e-05
766.9 4.73333e-05
767.0 4.73333e-05
767.1 4.74e-05
767.2 4.74667e-05
767.3 4.75333e-05
767.4 4.76e-05
767.5 4.76667e-05
767.6 4.77333e-05
767.7 4.78e-05
767.8 4.78667e-05
767.9 4.79333e-05
768.0 4.8e-05
768.1 4.80329e-05
768.2 4.80658e-05
768.3 4.80986e-05
768.4 4.81315e-05
768.5 4.81644e-05
768.6 4.81973e-05
768.7 4.82301e-05
768.8 4.8263e-05
768.9 4.82959e-05
769.0 4.83288e-05
769.1 4.83959e-05
769.2 4.8463e-05
769.3 4.85301e-05
769.4 4.85973e-05
769.5 4.86644e-05
769.6 4.87315e-05
769.7 4.87986e-05
769.8 4.88658e-05
769.9 4.89329e-05
770.0 4.9e-05
770.1 4.89338e-05
770.2 4.88676e-05
770.3 4.88014e-05
770.4 4.87351e-05
770.5 4.86689e-05
770.6 4.86027e-05
770.7 4.85365e-05
770.8 4.84703e-05
770.9 4.84041e-05
771.0 4.83378e-05
771.1 4.84041e-05
771.2 4.84703e-05
771.3 4.85365e-05
771.4 4.86027e-05
771.5 4.86689e-05
771.6 4.87351e-05
771.7 4.88014e-05
771.8 4.88676e-05
771.9 4.89338e-05
772.0 4.9e-05
772.1 4.90333e-05
772.2 4.90667e-05
772.3 4.91e-05
772.4 4.91333e-05
772.5 4.91667e-05
772.6 4.92e-05
772.7 4.92333e-05
772.8 4.92667e-05
772.9 4.93e-05
773.0 4.93333e-05
773.1 4.93333e-05
773.2 4.93333e-05
773.3 4.93333e-05
773.4 4.93333e-05
773.5 4.93333e-05
773.6 4.93333e-05
773.7 4.93333e-05
773.8 4.93333e-05
773.9 4.93333e-05
774.0 4.93333e-05
774.1 4.94329e-05
774.2 4.95325e-05
774.3 4.9632e-05
774.4 4.97316e-05
774.5 4.98311e-05
774.6 4.99307e-05
774.7 5.00303e-05
774.8 5.01298e-05
774.9 5.02294e-05
775.0 5.03289e-05
775.1 5.03298e-05
775.2 5.03307e-05
775.3 5.03316e-05
775.4 5.03324e-05
775.5 5.03333e-05
775.6 5.03342e-05
775.7 5.0335e-05
775.8 5.03359e-05
775.9 5.03368e-05
776.0 5.03377e-05
776.1 5.03385e-05
776.2 5.03394e-05
776.3 5.03402e-05
776.4 5.03411e-05
776.5 5.03419e-05
776.6 5.03428e-05
776.7 5.03436e-05
776.8 5.03445e-05
776.9 5.03453e-05
777.0 5.03462e-05
777.1 5.04465e-05
777.2 5.05469e-05
777.3 5.06473e-05
777.4 5.07477e-05
777.5 5.08481e-05
777.6 5.09485e-05
777.7 5.10488e-05
777.8 5.11492e-05
777.9 5.12496e-05
778.0 5.135e-05
778.1 5.13508e-05
778.2 5.13516e-05
778.3 5.13524e-05
778.4 5.13532e-05
778.5 5.1354e-05
778.6 5.13548e-05
778.7 5.13556e-05
778.8 5.13564e-05
778.9 5.13572e-05
779.0 5.1358e-05
779.1 5.14576e-05
779.2 5.15572e-05
779.3 5.16567e-05
779.4 5.17563e-05
779.5 5.18558e-05
779.6 5.19554e-05
779.7 5.2055e-05
779.8 5.21545e-05
779.9 5.22541e-05
780.0 5.23537e-05
780.1 5.24183e-05
780.2 5.24829e-05
780.3 5.25476e-05
780.4 5.26122e-05
780.5 5.26768e-05
780.6 5.27415e-05
780.7 5.28061e-05
780.8 5.28707e-05
780.9 5.29354e-05
781.0 5.3e-05
781.1 5.30365e-05
781.2 5.30729e-05
781.3 5.31094e-05
781.4 5.31459e-05
781.5 5.31824e-05
781.6 5.32188e-05
781.7 5.32553e-05
781.8 5.32918e-05
781.9 5.33282e-05
782.0 5.33647e-05
782.1 5.33654e-05
782.2 5.33662e-05
782.3 5.33669e-05
782.4 5.33677e-05
782.5 5.33684e-05
782.6 5.33691e-05
782.7 5.33699e-05
782.8 5.33706e-05
782.9 5.33714e-05
783.0 5.33721e-05
783.1 5.34349e-05
783.2 5.34977e-05
783.3 5.35605e-05
783.4 5.36233e-05
783.5 5.3686e-05
783.6 5.37488e-05
783.7 5.38116e-05
783.8 5.38744e-05
783.9 5.39372e-05
784.0 5.4e-05
784.1 5.40382e-05
784.2 5.40764e-05
784.3 5.41146e-05
784.4 5.41528e-05
784.5 5.4191e-05
784.6 5.42292e-05
784.7 5.42674e-05
784.8 5.43056e-05
784.9 5.43438e-05
785.0 5.4382e-05
785.1 5.44816e-05
785.2 5.45812e-05
785.3 5.46807e-05
785.4 5.47803e-05
785.5 5.48799e-05
785.6 5.49795e-05
785.7 5.50791e-05
785.8 5.51786e-05
785.9 5.52782e-05
786.0 5.53778e-05
786.1 5.5478e-05
786.2 5.55783e-05
786.3 5.56786e-05
786.4 5.57788e-05
786.5 5.58791e-05
786.6 5.59794e-05
786.7 5.60796e-05
786.8 5.61799e-05
786.9 5.62802e-05
787.0 5.63804e-05
787.1 5.63811e-05
787.2 5.63818e-05
787.3 5.63824e-05
787.4 5.63831e-05
787.5 5.63838e-05
787.6 5.63844e-05
787.7 5.63851e-05
787.8 5.63858e-05
787.9 5.63864e-05
788.0 5.63871e-05
788.1 5.65863e-05
788.2 5.67855e-05
788.3 5.69847e-05
788.4 5.71838e-05
788.5 5.7383e-05
788.6 5.75822e-05
788.7 5.77814e-05
788.8 5.79806e-05
788.9 5.81798e-05
789.0 5.83789e-05
789.1 5.83796e-05
789.2 5.83802e-05
789.3 5.83809e-05
789.4 5.83815e-05
789.5 5.83822e-05
789.6 5.83828e-05
789.7 5.83835e-05
789.8 5.83841e-05
789.9 5.83848e-05
790.0 5.83854e-05
790.1 5.85846e-05
790.2 5.87838e-05
790.3 5.89831e-05
790.4 5.91823e-05
790.5 5.93815e-05
790.6 5.95807e-05
790.7 5.97799e-05
790.8 5.99791e-05
790.9 6.01783e-05
791.0 6.03776e-05
791.1 6.03782e-05
791.2 6.03788e-05
791.3 6.03794e-05
791.4 6.03801e-05
791.5 6.03807e-05
791.6 6.03813e-05
791.7 6.0382e-05
791.8 6.03826e-05
791.9 6.03832e-05
792.0 6.03838e-05
792.1 6.04841e-05
792.2 6.05843e-05
792.3 6.06845e-05
792.4 6.07848e-05
792.5 6.0885e-05
792.6 6.09852e-05
792.7 6.10854e-05
792.8 6.11857e-05
792.9 6.12859e-05
793.0 6.13861e-05
793.1 6.14858e-05
793.2 6.15854e-05
793.3 6.1685e-05
793.4 6.17846e-05
793.5 6.18842e-05
793.6 6.19839e-05
793.7 6.20835e-05
793.8 6.21831e-05
793.9 6.22827e-05
794.0 6.23824e-05
794.1 6.24826e-05
794.2 6.25828e-05
794.3 6.2683e-05
794.4 6.27833e-05
794.5 6.28835e-05
794.6 6.29837e-05
794.7 6.30839e-05
794.8 6.31842e-05
794.9 6.32844e-05
795.0 6.33846e-05
795.1 6.34848e-05
795.2 6.35851e-05
795.3 6.36853e-05
795.4 6.37855e-05
795.5 6.38857e-05
795.6 6.39859e-05
795.7 6.40861e-05
795.8 6.41864e-05
795.9 6.42866e-05
796.0 6.43868e-05
796.1 6.42883e-05
796.2 6.41898e-05
796.3 6.40913e-05
796.4 6.39928e-05
796.5 6.38943e-05
796.6 6.37958e-05
796.7 6.36973e-05
796.8 6.35989e-05
796.9 6.35004e-05
797.0 6.34019e-05
797.1 6.3502e-05
797.2 6.36022e-05
797.3 6.37024e-05
797.4 6.38026e-05
797.5 6.39028e-05
797.6 6.40029e-05
797.7 6.41031e-05
797.8 6.42033e-05
797.9 6.43035e-05
798.0 6.44037e-05
798.1 6.45038e-05
798.2 6.4604e-05
798.3 6.47042e-05
798.4 6.48044e-05
798.5 6.49045e-05
798.6 6.50047e-05
798.7 6.51049e-05
798.8 6.52051e-05
798.9 6.53052e-05
799.0 6.54054e-05
799.1 6.54065e-05
799.2 6.54075e-05
799.3 6.54086e-05
799.4 6.54096e-05
799.5 6.54107e-05
799.6 6.54117e-05
799.7 6.54128e-05
799.8 6.54138e-05
799.9 6.54149e-05
800.0 6.54159e-05
800.1 6.55161e-05
800.2 6.56162e-05
800.3 6.57164e-05
800.4 6.58165e-05
800.5 6.59167e-05
800.6 6.60168e-05
800.7 6.6117e-05
800.8 6.62171e-05
800.9 6.63172e-05
801.0 6.64174e-05
801.1 6.65175e-05
801.2 6.66177e-05
801.3 6.67178e-05
801.4 6.6818e-05
801.5 6.69181e-05
801.6 6.70182e-05
801.7 6.71184e-05
801.8 6.72185e-05
801.9 6.73187e-05
802.0 6.74188e-05
802.1 6.74198e-05
802.2 6.74208e-05
802.3 6.74217e-05
802.4 6.74227e-05
802.5 6.74237e-05
802.6 6.74247e-05
802.7 6.74256e-05
802.8 6.74266e-05
802.9 6.74276e-05
803.0 6.74286e-05
803.1 6.7571e-05
803.2 6.77133e-05
803.3 6.78557e-05
803.4 6.79981e-05
803.5 6.81405e-05
803.6 6.82829e-05
803.7 6.84253e-05
803.8 6.85677e-05
803.9 6.87101e-05
804.0 6.88525e-05
804.1 6.88543e-05
804.2 6.88562e-05
804.3 6.8858e-05
804.4 6.88599e-05
804.5 6.88617e-05
804.6 6.88636e-05
804.7 6.88654e-05
804.8 6.88673e-05
804.9 6.88691e-05
805.0 6.8871e-05
805.1 6.90275e-05
805.2 6.91841e-05
805.3 6.93406e-05
805.4 6.94972e-05
805.5 6.96537e-05
805.6 6.98103e-05
805.7 6.99668e-05
805.8 7.01234e-05
805.9 7.028e-05
806.0 7.04365e-05
806.1 7.05366e-05
806.2 7.06367e-05
806.3 7.07368e-05
806.4 7.08369e-05
806.5 7.0937e-05
806.6 7.10371e-05
806.7 7.11372e-05
806.8 7.12373e-05
806.9 7.13374e-05
807.0 7.14375e-05
807.1 7.15376e-05
807.2 7.16377e-05
807.3 7.17378e-05
807.4 7.18379e-05
807.5 7.1938e-05
807.6 7.20381e-05
807.7 7.21382e-05
807.8 7.22383e-05
807.9 7.23384e-05
808.0 7.24385e-05
808.1 7.25386e-05
808.2 7.26386e-05
808.3 7.27387e-05
808.4 7.28388e-05
808.5 7.29389e-05
808.6 7.3039e-05
808.7 7.31391e-05
808.8 7.32392e-05
808.9 7.33393e-05
809.0 7.34394e-05
809.1 7.35829e-05
809.2 7.37263e-05
809.3 7.38698e-05
809.4 7.40133e-05
809.5 7.41567e-05
809.6 7.43002e-05
809.7 7.44437e-05
809.8 7.45871e-05
809.9 7.47306e-05
810.0 7.48741e-05
810.1 7.50305e-05
810.2 7.51869e-05
810.3 7.53432e-05
810.4 7.54996e-05
810.5 7.5656e-05
810.6 7.58124e-05
810.7 7.59688e-05
810.8 7.61252e-05
810.9 7.62816e-05
811.0 7.6438e-05
811.1 7.6538e-05
811.2 7.66381e-05
811.3 7.67382e-05
811.4 7.68383e-05
811.5 7.69384e-05
811.6 7.70385e-05
811.7 7.71386e-05
811.8 7.72387e-05
811.9 7.73388e-05
812.0 7.74388e-05
812.1 7.74837e-05
812.2 7.75285e-05
812.3 7.75734e-05
812.4 7.76182e-05
812.5 7.76631e-05
812.6 7.77079e-05
812.7 7.77528e-05
812.8 7.77976e-05
812.9 7.78425e-05
813.0 7.78873e-05
813.1 7.8043e-05
813.2 7.81987e-05
813.3 7.83545e-05
813.4 7.85102e-05
813.5 7.86659e-05
813.6 7.88216e-05
813.7 7.89773e-05
813.8 7.9133e-05
813.9 7.92887e-05
814.0 7.94444e-05
814.1 7.95884e-05
814.2 7.97324e-05
814.3 7.98764e-05
814.4 8.00204e-05
814.5 8.01644e-05
814.6 8.03084e-05
814.7 8.04524e-05
814.8 8.05964e-05
814.9 8.07404e-05
815.0 8.08844e-05
815.1 8.10402e-05
815.2 8.11961e-05
815.3 8.13519e-05
815.4 8.15078e-05
815.5 8.16637e-05
815.6 8.18195e-05
815.7 8.19754e-05
815.8 8.21312e-05
815.9 8.22871e-05
816.0 8.2443e-05
816.1 8.24437e-05
816.2 8.24444e-05
816.3 8.24452e-05
816.4 8.24459e-05
816.5 8.24466e-05
816.6 8.24474e-05
816.7 8.24481e-05
816.8 8.24489e-05
816.9 8.24496e-05
817.0 8.24503e-05
817.1 8.24962e-05
817.2 8.25421e-05
817.3 8.2588e-05
817.4 8.26338e-05
817.5 8.26797e-05
817.6 8.27256e-05
817.7 8.27715e-05
817.8 8.28173e-05
817.9 8.28632e-05
818.0 8.29091e-05
818.1 8.30092e-05
818.2 8.31093e-05
818.3 8.32094e-05
818.4 8.33096e-05
818.5 8.34097e-05
818.6 8.35098e-05
818.7 8.36099e-05
818.8 8.371e-05
818.9 8.38101e-05
819.0 8.39103e-05
819.1 8.39116e-05
819.2 8.3913e-05
819.3 8.39144e-05
819.4 8.39158e-05
819.5 8.39172e-05
819.6 8.39185e-05
819.7 8.39199e-05
819.8 8.39213e-05
819.9 8.39227e-05
820.0 8.39241e-05
820.1 8.39785e-05
820.2 8.4033e-05
820.3 8.40875e-05
820.4 8.41419e-05
820.5 8.41964e-05
820.6 8.42509e-05
820.7 8.43053e-05
820.8 8.43598e-05
820.9 8.44143e-05
821.0 8.44688e-05
821.1 8.44694e-05
821.2 8.44701e-05
821.3 8.44707e-05
821.4 8.44714e-05
821.5 8.4472e-05
821.6 8.44727e-05
821.7 8.44733e-05
821.8 8.4474e-05
821.9 8.44747e-05
822.0 8.44753e-05
822.1 8.45235e-05
822.2 8.45718e-05
822.3 8.462e-05
822.4 8.46682e-05
822.5 8.47164e-05
822.6 8.47647e-05
822.7 8.48129e-05
822.8 8.48611e-05
822.9 8.49093e-05
823.0 8.49576e-05
823.1 8.49588e-05
823.2 8.49601e-05
823.3 8.49613e-05
823.4 8.49626e-05
823.5 8.49638e-05
823.6 8.49651e-05
823.7 8.49663e-05
823.8 8.49676e-05
823.9 8.49688e-05
824.0 8.49701e-05
824.1 8.50222e-05
824.2 8.50743e-05
824.3 8.51264e-05
824.4 8.51785e-05
824.5 8.52306e-05
824.6 8.52827e-05
824.7 8.53348e-05
824.8 8.53869e-05
824.9 8.5439e-05
825.0 8.54911e-05
825.1 8.5442e-05
825.2 8.53929e-05
825.3 8.53438e-05
825.4 8.52947e-05
825.5 8.52456e-05
825.6 8.51964e-05
825.7 8.51473e-05
825.8 8.50982e-05
825.9 8.50491e-05
826.0 8.5e-05
826.1 8.515e-05
826.2 8.53e-05
826.3 8.545e-05
826.4 8.56e-05
826.5 8.575e-05
826.6 8.59e-05
826.7 8.605e-05
826.8 8.62e-05
826.9 8.635e-05
827.0 8.65e-05
827.1 8.65506e-05
827.2 8.66011e-05
827.3 8.66517e-05
827.4 8.67023e-05
827.5 8.67528e-05
827.6 8.68034e-05
827.7 8.6854e-05
827.8 8.69045e-05
827.9 8.69551e-05
828.0 8.70056e-05
828.1 8.70068e-05
828.2 8.70079e-05
828.3 8.7009e-05
828.4 8.70101e-05
828.5 8.70112e-05
828.6 8.70123e-05
828.7 8.70134e-05
828.8 8.70145e-05
828.9 8.70156e-05
829.0 8.70168e-05
829.1 8.72162e-05
829.2 8.74156e-05
829.3 8.7615e-05
829.4 8.78145e-05
829.5 8.80139e-05
829.6 8.82133e-05
829.7 8.84127e-05
829.8 8.86121e-05
829.9 8.88116e-05
830.0 8.9011e-05
830.1 8.90121e-05
830.2 8.90131e-05
830.3 8.90142e-05
830.4 8.90153e-05
830.5 8.90164e-05
830.6 8.90174e-05
830.7 8.90185e-05
830.8 8.90196e-05
830.9 8.90207e-05
831.0 8.90217e-05
831.1 8.91222e-05
831.2 8.92227e-05
831.3 8.93232e-05
831.4 8.94237e-05
831.5 8.95242e-05
831.6 8.96247e-05
831.7 8.97252e-05
831.8 8.98257e-05
831.9 8.99262e-05
832.0 9.00267e-05
832.1 9.01267e-05
832.2 9.02267e-05
832.3 9.03267e-05
832.4 9.04266e-05
832.5 9.05266e-05
832.6 9.06266e-05
832.7 9.07265e-05
832.8 9.08265e-05
832.9 9.09265e-05
833.0 9.10265e-05
833.1 9.11269e-05
833.2 9.12274e-05
833.3 9.13279e-05
833.4 9.14284e-05
833.5 9.15289e-05
833.6 9.16293e-05
833.7 9.17298e-05
833.8 9.18303e-05
833.9 9.19308e-05
834.0 9.20313e-05
834.1 9.21317e-05
834.2 9.22322e-05
834.3 9.23326e-05
834.4 9.24331e-05
834.5 9.25336e-05
834.6 9.2634e-05
834.7 9.27345e-05
834.8 9.2835e-05
834.9 9.29354e-05
835.0 9.30359e-05
835.1 9.31359e-05
835.2 9.32358e-05
835.3 9.33358e-05
835.4 9.34358e-05
835.5 9.35357e-05
835.6 9.36357e-05
835.7 9.37356e-05
835.8 9.38356e-05
835.9 9.39356e-05
836.0 9.40355e-05
836.1 9.4136e-05
836.2 9.42364e-05
836.3 9.43369e-05
836.4 9.44373e-05
836.5 9.45378e-05
836.6 9.46382e-05
836.7 9.47387e-05
836.8 9.48391e-05
836.9 9.49396e-05
837.0 9.504e-05
837.1 9.51404e-05
837.2 9.52409e-05
837.3 9.53413e-05
837.4 9.54417e-05
837.5 9.55422e-05
837.6 9.56426e-05
837.7 9.5743e-05
837.8 9.58435e-05
837.9 9.59439e-05
838.0 9.60443e-05
838.1 9.60453e-05
838.2 9.60462e-05
838.3 9.60471e-05
838.4 9.60481e-05
838.5 9.6049e-05
838.6 9.60499e-05
838.7 9.60509e-05
838.8 9.60518e-05
838.9 9.60527e-05
839.0 9.60537e-05
839.1 9.61541e-05
839.2 9.62545e-05
839.3 9.63549e-05
839.4 9.64553e-05
839.5 9.65557e-05
839.6 9.66561e-05
839.7 9.67565e-05
839.8 9.68569e-05
839.9 9.69573e-05
840.0 9.70577e-05
840.1 9.71581e-05
840.2 9.72585e-05
840.3 9.73589e-05
840.4 9.74593e-05
840.5 9.75597e-05
840.6 9.766e-05
840.7 9.77604e-05
840.8 9.78608e-05
840.9 9.79612e-05
841.0 9.80616e-05
841.1 9.81616e-05
841.2 9.82615e-05
841.3 9.83614e-05
841.4 9.84614e-05
841.5 9.85613e-05
841.6 9.86613e-05
841.7 9.87612e-05
841.8 9.88611e-05
841.9 9.89611e-05
842.0 9.9061e-05
842.1 9.91614e-05
842.2 9.92618e-05
842.3 9.93622e-05
842.4 9.94625e-05
842.5 9.95629e-05
842.6 9.96633e-05
842.7 9.97637e-05
842.8 9.98641e-05
842.9 9.99644e-05
843.0 0.000100065
843.1 0.000100165
843.2 0.000100266
843.3 0.000100366
843.4 0.000100466
843.5 0.000100567
843.6 0.000100667
843.7 0.000100767
843.8 0.000100868
843.9 0.000100968
844.0 0.000101068
844.1 0.000101169
844.2 0.000101269
844.3 0.00010137
844.4 0.00010147
844.5 0.00010157
844.6 0.000101671
844.7 0.000101771
844.8 0.000101871
844.9 0.000101972
845.0 0.000102072
845.1 0.000102126
845.2 0.00010218
845.3 0.000102234
845.4 0.000102289
845.5 0.000102343
845.6 0.000102397
845.7 0.000102451
845.8 0.000102505
845.9 0.000102559
846.0 0.000102613
846.1 0.00010266
846.2 0.000102707
846.3 0.000102754
846.4 0.000102801
846.5 0.000102849
846.6 0.000102896
846.7 0.000102943
846.8 0.00010299
846.9 0.000103037
847.0 0.000103084
847.1 0.000103184
847.2 0.000103284
847.3 0.000103385
847.4 0.000103485
847.5 0.000103585
847.6 0.000103686
847.7 0.000103786
847.8 0.000103886
847.9 0.000103987
848.0 0.000104087
848.1 0.000104187
848.2 0.000104288
848.3 0.000104388
848.4 0.000104488
848.5 0.000104589
848.6 0.000104689
848.7 0.000104789
848.8 0.000104889
848.9 0.00010499
849.0 0.00010509
849.1 0.00010519
849.2 0.000105291
849.3 0.000105391
849.4 0.000105491
849.5 0.000105592
849.6 0.000105692
849.7 0.000105792
849.8 0.000105893
849.9 0.000105993
850.0 0.000106093
850.1 0.000106194
850.2 0.000106294
850.3 0.000106394
850.4 0.000106494
850.5 0.000106595
850.6 0.000106695
850.7 0.000106795
850.8 0.000106896
850.9 0.000106996
851.0 0.000107096
851.1 0.000107097
851.2 0.000107098
851.3 0.0001071
851.4 0.000107101
851.5 0.000107102
851.6 0.000107103
851.7 0.000107104
851.8 0.000107105
851.9 0.000107106
852.0 0.000107107
852.1 0.000107208
852.2 0.000107308
852.3 0.000107408
852.4 0.000107509
852.5 0.000107609
852.6 0.000107709
852.7 0.000107809
852.8 0.00010791
852.9 0.00010801
853.0 0.00010811
853.1 0.00010821
853.2 0.000108311
853.3 0.000108411
853.4 0.000108511
853.5 0.000108612
853.6 0.000108712
853.7 0.000108812
853.8 0.000108912
853.9 0.000109013
854.0 0.000109113
854.1 0.000109213
854.2 0.000109313
854.3 0.000109414
854.4 0.000109514
854.5 0.000109614
854.6 0.000109714
854.7 0.000109815
854.8 0.000109915
854.9 0.000110015
855.0 0.000110116
855.1 0.000110172
855.2 0.000110229
855.3 0.000110286
855.4 0.000110342
855.5 0.000110399
855.6 0.000110456
855.7 0.000110512
855.8 0.000110569
855.9 0.000110626
856.0 0.000110682
856.1 0.000110783
856.2 0.000110883
856.3 0.000110983
856.4 0.000111084
856.5 0.000111184
856.6 0.000111285
856.7 0.000111385
856.8 0.000111485
856.9 0.000111586
857.0 0.000111686
857.1 0.00011183
857.2 0.000111974
857.3 0.000112118
857.4 0.000112262
857.5 0.000112406
857.6 0.00011255
857.7 0.000112694
857.8 0.000112838
857.9 0.000112982
858.0 0.000113126
858.1 0.000113127
858.2 0.000113128
858.3 0.000113129
858.4 0.00011313
858.5 0.000113131
858.6 0.000113132
858.7 0.000113133
858.8 0.000113134
858.9 0.000113135
859.0 0.000113136
859.1 0.000113293
859.2 0.000113449
859.3 0.000113606
859.4 0.000113762
859.5 0.000113919
859.6 0.000114075
859.7 0.000114232
859.8 0.000114388
859.9 0.000114545
860.0 0.000114701
860.1 0.000114802
860.2 0.000114902
860.3 0.000115002
860.4 0.000115103
860.5 0.000115203
860.6 0.000115303
860.7 0.000115404
860.8 0.000115504
860.9 0.000115604
861.0 0.000115705
861.1 0.000115749
861.2 0.000115793
861.3 0.000115837
861.4 0.000115881
861.5 0.000115925
861.6 0.00011597
861.7 0.000116014
861.8 0.000116058
861.9 0.000116102
862.0 0.000116146
862.1 0.000116204
862.2 0.000116262
862.3 0.00011632
862.4 0.000116378
862.5 0.000116436
862.6 0.000116494
862.7 0.000116552
862.8 0.00011661
862.9 0.000116669
863.0 0.000116727
863.1 0.000116827
863.2 0.000116927
863.3 0.000117027
863.4 0.000117128
863.5 0.000117228
863.6 0.000117328
863.7 0.000117429
863.8 0.000117529
863.9 0.000117629
864.0 0.00011773
864.1 0.00011783
864.2 0.000117931
864.3 0.000118032
864.4 0.000118132
864.5 0.000118233
864.6 0.000118334
864.7 0.000118435
864.8 0.000118535
864.9 0.000118636
865.0 0.000118737
865.1 0.000118837
865.2 0.000118937
865.3 0.000119038
865.4 0.000119138
865.5 0.000119238
865.6 0.000119338
865.7 0.000119439
865.8 0.000119539
865.9 0.000119639
866.0 0.00011974
866.1 0.00011984
866.2 0.000119941
866.3 0.000120042
866.4 0.000120142
866.5 0.000120243
866.6 0.000120344
866.7 0.000120444
866.8 0.000120545
866.9 0.000120646
867.0 0.000120747
867.1 0.000120748
867.2 0.000120749
867.3 0.00012075
867.4 0.000120752
867.5 0.000120753
867.6 0.000120754
867.7 0.000120755
867.8 0.000120757
867.9 0.000120758
868.0 0.000120759
868.1 0.000120959
868.2 0.000121159
868.3 0.000121358
868.4 0.000121558
868.5 0.000121758
868.6 0.000121957
868.7 0.000122157
868.8 0.000122357
868.9 0.000122556
869.0 0.000122756
869.1 0.000122798
869.2 0.00012284
869.3 0.000122883
869.4 0.000122925
869.5 0.000122967
869.6 0.00012301
869.7 0.000123052
869.8 0.000123094
869.9 0.000123137
870.0 0.000123179
870.1 0.000123238
870.2 0.000123298
870.3 0.000123358
870.4 0.000123417
870.5 0.000123477
870.6 0.000123536
870.7 0.000123596
870.8 0.000123655
870.9 0.000123715
871.0 0.000123775
871.1 0.000123875
871.2 0.000123976
871.3 0.000124076
871.4 0.000124177
871.5 0.000124278
871.6 0.000124378
871.7 0.000124479
871.8 0.000124579
871.9 0.00012468
872.0 0.000124781
872.1 0.000124881
872.2 0.000124982
872.3 0.000125082
872.4 0.000125183
872.5 0.000125284
872.6 0.000125384
872.7 0.000125485
872.8 0.000125585
872.9 0.000125686
873.0 0.000125787
873.1 0.000125788
873.2 0.000125789
873.3 0.00012579
873.4 0.000125791
873.5 0.000125792
873.6 0.000125794
873.7 0.000125795
873.8 0.000125796
873.9 0.000125797
874.0 0.000125798
874.1 0.000125899
874.2 0.000125999
874.3 0.0001261
874.4 0.0001262
874.5 0.000126301
874.6 0.000126401
874.7 0.000126502
874.8 0.000126603
874.9 0.000126703
875.0 0.000126804
875.1 0.000126904
875.2 0.000127005
875.3 0.000127105
875.4 0.000127206
875.5 0.000127306
875.6 0.000127407
875.7 0.000127508
875.8 0.000127608
875.9 0.000127709
876.0 0.000127809
876.1 0.00012791
876.2 0.00012801
876.3 0.000128111
876.4 0.000128211
876.5 0.000128312
876.6 0.000128412
876.7 0.000128513
876.8 0.000128614
876.9 0.000128714
877.0 0.000128815
877.1 0.000128915
877.2 0.000129016
877.3 0.000129116
877.4 0.000129217
877.5 0.000129317
877.6 0.000129418
877.7 0.000129518
877.8 0.000129619
877.9 0.000129719
878.0 0.00012982
878.1 0.00012992
878.2 0.000130021
878.3 0.000130121
878.4 0.000130222
878.5 0.000130322
878.6 0.000130423
878.7 0.000130523
878.8 0.000130624
878.9 0.000130724
879.0 0.000130825
879.1 0.000130925
879.2 0.000131026
879.3 0.000131126
879.4 0.000131227
879.5 0.000131327
879.6 0.000131428
879.7 0.000131528
879.8 0.000131629
879.9 0.000131729
880.0 0.00013183
880.1 0.000131831
880.2 0.000131833
880.3 0.000131834
880.4 0.000131835
880.5 0.000131837
880.6 0.000131838
880.7 0.000131839
880.8 0.000131841
880.9 0.000131842
881.0 0.000131843
881.1 0.000131944
881.2 0.000132044
881.3 0.000132145
881.4 0.000132245
881.5 0.000132346
881.6 0.000132446
881.7 0.000132547
881.8 0.000132647
881.9 0.000132748
882.0 0.000132848
882.1 0.000132949
882.2 0.000133049
882.3 0.00013315
882.4 0.00013325
882.5 0.00013335
882.6 0.000133451
882.7 0.000133551
882.8 0.000133652
882.9 0.000133752
883.0 0.000133853
883.1 0.000133854
883.2 0.000133855
883.3 0.000133857
883.4 0.000133858
883.5 0.000133859
883.6 0.00013386
883.7 0.000133862
883.8 0.000133863
883.9 0.000133864
884.0 0.000133866
884.1 0.000134028
884.2 0.00013419
884.3 0.000134352
884.4 0.000134514
884.5 0.000134676
884.6 0.000134838
884.7 0.000135
884.8 0.000135162
884.9 0.000135324
885.0 0.000135486
885.1 0.000135487
885.2 0.000135489
885.3 0.00013549
885.4 0.000135491
885.5 0.000135492
885.6 0.000135494
885.7 0.000135495
885.8 0.000135496
885.9 0.000135497
886.0 0.000135499
886.1 0.000135536
886.2 0.000135574
886.3 0.000135612
886.4 0.00013565
886.5 0.000135688
886.6 0.000135726
886.7 0.000135764
886.8 0.000135801
886.9 0.000135839
887.0 0.000135877
887.1 0.000135778
887.2 0.000135679
887.3 0.00013558
887.4 0.000135482
887.5 0.000135383
887.6 0.000135284
887.7 0.000135185
887.8 0.000135086
887.9 0.000134987
888.0 0.000134888
888.1 0.000134889
888.2 0.000134889
888.3 0.000134889
888.4 0.000134889
888.5 0.00013489
888.6 0.00013489
888.7 0.00013489
888.8 0.000134891
888.9 0.000134891
889.0 0.000134891
889.1 0.000134792
889.2 0.000134694
889.3 0.000134595
889.4 0.000134496
889.5 0.000134397
889.6 0.000134298
889.7 0.000134199
889.8 0.0001341
889.9 0.000134001
890.0 0.000133902
890.1 0.000133903
890.2 0.000133903
890.3 0.000133903
890.4 0.000133904
890.5 0.000133904
890.6 0.000133904
890.7 0.000133905
890.8 0.000133905
890.9 0.000133905
891.0 0.000133905
891.1 0.000133807
891.2 0.000133708
891.3 0.000133609
891.4 0.00013351
891.5 0.000133411
891.6 0.000133312
891.7 0.000133213
891.8 0.000133114
891.9 0.000133015
892.0 0.000132916
892.1 0.000132917
892.2 0.000132917
892.3 0.000132917
892.4 0.000132918
892.5 0.000132918
892.6 0.000132918
892.7 0.000132918
892.8 0.000132919
892.9 0.000132919
893.0 0.000132919
893.1 0.00013282
893.2 0.000132722
893.3 0.000132623
893.4 0.000132524
893.5 0.000132425
893.6 0.000132326
893.7 0.000132227
893.8 0.000132128
893.9 0.000132029
894.0 0.00013193
894.1 0.000131931
894.2 0.000131931
894.3 0.000131931
894.4 0.000131931
894.5 0.000131932
894.6 0.000131932
894.7 0.000131932
894.8 0.000131933
894.9 0.000131933
895.0 0.000131933
895.1 0.000131898
895.2 0.000131864
895.3 0.000131829
895.4 0.000131794
895.5 0.000131759
895.6 0.000131724
895.7 0.00013169
895.8 0.000131655
895.9 0.00013162
896.0 0.000131585
896.1 0.000131487
896.2 0.000131388
896.3 0.000131289
896.4 0.000131191
896.5 0.000131092
896.6 0.000130994
896.7 0.000130895
896.8 0.000130797
896.9 0.000130698
897.0 0.000130599
897.1 0.0001306
897.2 0.0001306
897.3 0.000130601
897.4 0.000130601
897.5 0.000130601
897.6 0.000130602
897.7 0.000130602
897.8 0.000130602
897.9 0.000130603
898.0 0.000130603
898.1 0.000130505
898.2 0.000130406
898.3 0.000130307
898.4 0.000130209
898.5 0.00013011
898.6 0.000130012
898.7 0.000129913
898.8 0.000129815
898.9 0.000129716
899.0 0.000129617
899.1 0.000129618
899.2 0.000129618
899.3 0.000129619
899.4 0.000129619
899.5 0.000129619
899.6 0.00012962
899.7 0.00012962
899.8 0.00012962
899.9 0.000129621
900.0 0.000129621
900.1 0.000129557
900.2 0.000129492
900.3 0.000129428
900.4 0.000129363
900.5 0.000129299
900.6 0.000129234
900.7 0.00012917
900.8 0.000129105
900.9 0.000129041
901.0 0.000128976
901.1 0.000128877
901.2 0.000128778
901.3 0.00012868
901.4 0.000128581
901.5 0.000128482
901.6 0.000128383
901.7 0.000128284
901.8 0.000128185
901.9 0.000128086
902.0 0.000127987
902.1 0.000127987
902.2 0.000127987
902.3 0.000127988
902.4 0.000127988
902.5 0.000127988
902.6 0.000127988
902.7 0.000127989
902.8 0.000127989
902.9 0.000127989
903.0 0.00012799
903.1 0.000127891
903.2 0.000127792
903.3 0.000127693
903.4 0.000127594
903.5 0.000127495
903.6 0.000127396
903.7 0.000127297
903.8 0.000127198
903.9 0.000127099
904.0 0.000127
904.1 0.000127
904.2 0.000127001
904.3 0.000127001
904.4 0.000127001
904.5 0.000127001
904.6 0.000127002
904.7 0.000127002
904.8 0.000127002
904.9 0.000127002
905.0 0.000127003
905.1 0.000126904
905.2 0.000126805
905.3 0.000126706
905.4 0.000126607
905.5 0.000126508
905.6 0.000126409
905.7 0.00012631
905.8 0.000126211
905.9 0.000126112
906.0 0.000126013
906.1 0.000125914
906.2 0.000125815
906.3 0.000125716
906.4 0.000125617
906.5 0.000125518
906.6 0.000125419
906.7 0.00012532
906.8 0.000125221
906.9 0.000125122
907.0 0.000125023
907.1 0.000125024
907.2 0.000125024
907.3 0.000125024
907.4 0.000125024
907.5 0.000125025
907.6 0.000125025
907.7 0.000125025
907.8 0.000125025
907.9 0.000125026
908.0 0.000125026
908.1 0.000124927
908.2 0.000124828
908.3 0.000124729
908.4 0.00012463
908.5 0.000124531
908.6 0.000124432
908.7 0.000124333
908.8 0.000124234
908.9 0.000124135
909.0 0.000124036
909.1 0.000124005
909.2 0.000123973
909.3 0.000123942
909.4 0.00012391
909.5 0.000123879
909.6 0.000123847
909.7 0.000123816
909.8 0.000123784
909.9 0.000123753
910.0 0.000123721
910.1 0.000123722
910.2 0.000123722
910.3 0.000123722
910.4 0.000123723
910.5 0.000123723
910.6 0.000123723
910.7 0.000123724
910.8 0.000123724
910.9 0.000123724
911.0 0.000123724
911.1 0.000123558
911.2 0.000123391
911.3 0.000123225
911.4 0.000123058
911.5 0.000122892
911.6 0.000122725
911.7 0.000122558
911.8 0.000122392
911.9 0.000122225
912.0 0.000122059
912.1 0.000122027
912.2 0.000121996
912.3 0.000121965
912.4 0.000121933
912.5 0.000121902
912.6 0.00012187
912.7 0.000121839
912.8 0.000121808
912.9 0.000121776
913.0 0.000121745
913.1 0.000121646
913.2 0.000121547
913.3 0.000121448
913.4 0.000121349
913.5 0.00012125
913.6 0.000121151
913.7 0.000121052
913.8 0.000120953
913.9 0.000120854
914.0 0.000120755
914.1 0.000120588
914.2 0.00012042
914.3 0.000120252
914.4 0.000120085
914.5 0.000119917
914.6 0.00011975
914.7 0.000119582
914.8 0.000119414
914.9 0.000119247
915.0 0.000119079
915.1 0.00011898
915.2 0.000118881
915.3 0.000118782
915.4 0.000118682
915.5 0.000118583
915.6 0.000118484
915.7 0.000118385
915.8 0.000118285
915.9 0.000118186
916.0 0.000118087
916.1 0.000117958
916.2 0.000117828
916.3 0.000117699
916.4 0.000117569
916.5 0.00011744
916.6 0.00011731
916.7 0.000117181
916.8 0.000117052
916.9 0.000116922
917.0 0.000116793
917.1 0.000116724
917.2 0.000116654
917.3 0.000116585
917.4 0.000116516
917.5 0.000116446
917.6 0.000116377
917.7 0.000116308
917.8 0.000116239
917.9 0.000116169
918.0 0.0001161
918.1 0.000116001
918.2 0.000115902
918.3 0.000115802
918.4 0.000115703
918.5 0.000115604
918.6 0.000115505
918.7 0.000115405
918.8 0.000115306
918.9 0.000115207
919.0 0.000115108
919.1 0.000114979
919.2 0.00011485
919.3 0.000114722
919.4 0.000114593
919.5 0.000114464
919.6 0.000114335
919.7 0.000114207
919.8 0.000114078
919.9 0.000113949
920.0 0.000113821
920.1 0.000113722
920.2 0.000113623
920.3 0.000113524
920.4 0.000113425
920.5 0.000113326
920.6 0.000113227
920.7 0.000113128
920.8 0.000113029
920.9 0.00011293
921.0 0.000112831
921.1 0.000112761
921.2 0.00011269
921.3 0.00011262
921.4 0.00011255
921.5 0.00011248
921.6 0.000112409
921.7 0.000112339
921.8 0.000112269
921.9 0.000112199
922.0 0.000112129
922.1 0.000112001
922.2 0.000111872
922.3 0.000111744
922.4 0.000111616
922.5 0.000111488
922.6 0.00011136
922.7 0.000111232
922.8 0.000111104
922.9 0.000110976
923.0 0.000110848
923.1 0.000110749
923.2 0.00011065
923.3 0.000110551
923.4 0.000110452
923.5 0.000110353
923.6 0.000110254
923.7 0.000110156
923.8 0.000110057
923.9 0.000109958
924.0 0.000109859
924.1 0.000109688
924.2 0.000109518
924.3 0.000109348
924.4 0.000109178
924.5 0.000109008
924.6 0.000108838
924.7 0.000108668
924.8 0.000108497
924.9 0.000108327
925.0 0.000108157
925.1 0.000108157
925.2 0.000108157
925.3 0.000108157
925.4 0.000108157
925.5 0.000108157
925.6 0.000108157
925.7 0.000108157
925.8 0.000108157
925.9 0.000108157
926.0 0.000108157
926.1 0.00010803
926.2 0.000107903
926.3 0.000107776
926.4 0.000107649
926.5 0.000107522
926.6 0.000107395
926.7 0.000107268
926.8 0.000107141
926.9 0.000107014
927.0 0.000106887
927.1 0.000106716
927.2 0.000106545
927.3 0.000106374
927.4 0.000106203
927.5 0.000106032
927.6 0.000105862
927.7 0.000105691
927.8 0.00010552
927.9 0.000105349
928.0 0.000105178
928.1 0.000105079
928.2 0.00010498
928.3 0.000104881
928.4 0.000104781
928.5 0.000104682
928.6 0.000104583
928.7 0.000104484
928.8 0.000104384
928.9 0.000104285
929.0 0.000104186
929.1 0.000104159
929.2 0.000104132
929.3 0.000104105
929.4 0.000104078
929.5 0.00010405
929.6 0.000104023
929.7 0.000103996
929.8 0.000103969
929.9 0.000103942
930.0 0.000103915
930.1 0.000103743
930.2 0.000103572
930.3 0.0001034
930.4 0.000103229
930.5 0.000103057
930.6 0.000102886
930.7 0.000102714
930.8 0.000102543
930.9 0.000102371
931.0 0.000102199
931.1 0.0001021
931.2 0.000102001
931.3 0.000101902
931.4 0.000101803
931.5 0.000101703
931.6 0.000101604
931.7 0.000101505
931.8 0.000101406
931.9 0.000101306
932.0 0.000101207
932.1 0.000101082
932.2 0.000100956
932.3 0.000100831
932.4 0.000100706
932.5 0.00010058
932.6 0.000100455
932.7 0.00010033
932.8 0.000100204
932.9 0.000100079
933.0 9.99534e-05
933.1 9.98801e-05
933.2 9.98069e-05
933.3 9.97336e-05
933.4 9.96603e-05
933.5 9.95871e-05
933.6 9.95138e-05
933.7 9.94406e-05
933.8 9.93673e-05
933.9 9.9294e-05
934.0 9.92208e-05
934.1 9.91216e-05
934.2 9.90223e-05
934.3 9.89231e-05
934.4 9.88239e-05
934.5 9.87247e-05
934.6 9.86255e-05
934.7 9.85262e-05
934.8 9.8427e-05
934.9 9.83278e-05
935.0 9.82286e-05
935.1 9.81039e-05
935.2 9.79792e-05
935.3 9.78545e-05
935.4 9.77299e-05
935.5 9.76052e-05
935.6 9.74805e-05
935.7 9.73558e-05
935.8 9.72312e-05
935.9 9.71065e-05
936.0 9.69818e-05
936.1 9.68086e-05
936.2 9.66355e-05
936.3 9.64623e-05
936.4 9.62891e-05
936.5 9.61159e-05
936.6 9.59427e-05
936.7 9.57695e-05
936.8 9.55964e-05
936.9 9.54232e-05
937.0 9.525e-05
937.1 9.525e-05
937.2 9.525e-05
937.3 9.525e-05
937.4 9.525e-05
937.5 9.525e-05
937.6 9.525e-05
937.7 9.525e-05
937.8 9.525e-05
937.9 9.525e-05
938.0 9.525e-05
938.1 9.5126e-05
938.2 9.50021e-05
938.3 9.48781e-05
938.4 9.47542e-05
938.5 9.46302e-05
938.6 9.45062e-05
938.7 9.43823e-05
938.8 9.42583e-05
938.9 9.41344e-05
939.0 9.40104e-05
939.1 9.3812e-05
939.2 9.36136e-05
939.3 9.34151e-05
939.4 9.32167e-05
939.5 9.30183e-05
939.6 9.28199e-05
939.7 9.26214e-05
939.8 9.2423e-05
939.9 9.22246e-05
940.0 9.20262e-05
940.1 9.18515e-05
940.2 9.16769e-05
940.3 9.15022e-05
940.4 9.13276e-05
940.5 9.11529e-05
940.6 9.09783e-05
940.7 9.08036e-05
940.8 9.0629e-05
940.9 9.04543e-05
941.0 9.02797e-05
941.1 9.00807e-05
941.2 8.98817e-05
941.3 8.96827e-05
941.4 8.94838e-05
941.5 8.92848e-05
941.6 8.90858e-05
941.7 8.88868e-05
941.8 8.86879e-05
941.9 8.84889e-05
942.0 8.82899e-05
942.1 8.81903e-05
942.2 8.80907e-05
942.3 8.79912e-05
942.4 8.78916e-05
942.5 8.7792e-05
942.6 8.76924e-05
942.7 8.75929e-05
942.8 8.74933e-05
942.9 8.73937e-05
943.0 8.72941e-05
943.1 8.70952e-05
943.2 8.68962e-05
943.3 8.66973e-05
943.4 8.64983e-05
943.5 8.62993e-05
943.6 8.61004e-05
943.7 8.59014e-05
943.8 8.57025e-05
943.9 8.55035e-05
944.0 8.53046e-05
944.1 8.5182e-05
944.2 8.50594e-05
944.3 8.49368e-05
944.4 8.48142e-05
944.5 8.46916e-05
944.6 8.4569e-05
944.7 8.44464e-05
944.8 8.43238e-05
944.9 8.42012e-05
945.0 8.40786e-05
945.1 8.39027e-05
945.2 8.37268e-05
945.3 8.35509e-05
945.4 8.3375e-05
945.5 8.31991e-05
945.6 8.30232e-05
945.7 8.28473e-05
945.8 8.26715e-05
945.9 8.24956e-05
946.0 8.23197e-05
946.1 8.21976e-05
946.2 8.20755e-05
946.3 8.19534e-05
946.4 8.18314e-05
946.5 8.17093e-05
946.6 8.15872e-05
946.7 8.14651e-05
946.8 8.13431e-05
946.9 8.1221e-05
947.0 8.10989e-05
947.1 8.09225e-05
947.2 8.07462e-05
947.3 8.05698e-05
947.4 8.03934e-05
947.5 8.0217e-05
947.6 8.00407e-05
947.7 7.98643e-05
947.8 7.96879e-05
947.9 7.95116e-05
948.0 7.93352e-05
948.1 7.92136e-05
948.2 7.90921e-05
948.3 7.89706e-05
948.4 7.8849e-05
948.5 7.87275e-05
948.6 7.86059e-05
948.7 7.84844e-05
948.8 7.83629e-05
948.9 7.82413e-05
949.0 7.81198e-05
949.1 7.79429e-05
949.2 7.7766e-05
949.3 7.75892e-05
949.4 7.74123e-05
949.5 7.72355e-05
949.6 7.70586e-05
949.7 7.68817e-05
949.8 7.67049e-05
949.9 7.6528e-05
950.0 7.63511e-05
950.1 7.62516e-05
950.2 7.61521e-05
950.3 7.60526e-05
950.4 7.5953e-05
950.5 7.58535e-05
950.6 7.5754e-05
950.7 7.56545e-05
950.8 7.5555e-05
950.9 7.54555e-05
951.0 7.53559e-05
951.1 7.51571e-05
951.2 7.49583e-05
951.3 7.47594e-05
951.4 7.45606e-05
951.5 7.43617e-05
951.6 7.41629e-05
951.7 7.3964e-05
951.8 7.37652e-05
951.9 7.35664e-05
952.0 7.33675e-05
952.1 7.3268e-05
952.2 7.31685e-05
952.3 7.3069e-05
952.4 7.29695e-05
952.5 7.287e-05
952.6 7.27705e-05
952.7 7.2671e-05
952.8 7.25715e-05
952.9 7.2472e-05
953.0 7.23725e-05
953.1 7.22522e-05
953.2 7.2132e-05
953.3 7.20118e-05
953.4 7.18915e-05
953.5 7.17713e-05
953.6 7.1651e-05
953.7 7.15308e-05
953.8 7.14105e-05
953.9 7.12903e-05
954.0 7.117e-05
954.1 7.0992e-05
954.2 7.08139e-05
954.3 7.06359e-05
954.4 7.04578e-05
954.5 7.02798e-05
954.6 7.01017e-05
954.7 6.99237e-05
954.8 6.97456e-05
954.9 6.95676e-05
955.0 6.93895e-05
955.1 6.92901e-05
955.2 6.91906e-05
955.3 6.90911e-05
955.4 6.89916e-05
955.5 6.88921e-05
955.6 6.87927e-05
955.7 6.86932e-05
955.8 6.85937e-05
955.9 6.84942e-05
956.0 6.83947e-05
956.1 6.8196e-05
956.2 6.79972e-05
956.3 6.77984e-05
956.4 6.75997e-05
956.5 6.74009e-05
956.6 6.72021e-05
956.7 6.70034e-05
956.8 6.68046e-05
956.9 6.66058e-05
957.0 6.64071e-05
957.1 6.63076e-05
957.2 6.62082e-05
957.3 6.61087e-05
957.4 6.60092e-05
957.5 6.59098e-05
957.6 6.58103e-05
957.7 6.57108e-05
957.8 6.56114e-05
957.9 6.55119e-05
958.0 6.54125e-05
958.1 6.5313e-05
958.2 6.52136e-05
958.3 6.51141e-05
958.4 6.50146e-05
958.5 6.49152e-05
958.6 6.48157e-05
958.7 6.47163e-05
958.8 6.46168e-05
958.9 6.45174e-05
959.0 6.44179e-05
959.1 6.43185e-05
959.2 6.4219e-05
959.3 6.41196e-05
959.4 6.40201e-05
959.5 6.39207e-05
959.6 6.38212e-05
959.7 6.37218e-05
959.8 6.36223e-05
959.9 6.35229e-05
960.0 6.34234e-05
960.1 6.32247e-05
960.2 6.3026e-05
960.3 6.28273e-05
960.4 6.26286e-05
960.5 6.24299e-05
960.6 6.22312e-05
960.7 6.20325e-05
960.8 6.18338e-05
960.9 6.16351e-05
961.0 6.14364e-05
961.1 6.12378e-05
961.2 6.10393e-05
961.3 6.08408e-05
961.4 6.06423e-05
961.5 6.04438e-05
961.6 6.02453e-05
961.7 6.00468e-05
961.8 5.98482e-05
961.9 5.96497e-05
962.0 5.94512e-05
962.1 5.93518e-05
962.2 5.92524e-05
962.3 5.9153e-05
962.4 5.90536e-05
962.5 5.89541e-05
962.6 5.88547e-05
962.7 5.87553e-05
962.8 5.86559e-05
962.9 5.85565e-05
963.0 5.84571e-05
963.1 5.83576e-05
963.2 5.82582e-05
963.3 5.81588e-05
963.4 5.80594e-05
963.5 5.796e-05
963.6 5.78606e-05
963.7 5.77612e-05
963.8 5.76618e-05
963.9 5.75624e-05
964.0 5.7463e-05
964.1 5.72818e-05
964.2 5.71006e-05
964.3 5.69194e-05
964.4 5.67382e-05
964.5 5.6557e-05
964.6 5.63758e-05
964.7 5.61947e-05
964.8 5.60135e-05
964.9 5.58323e-05
965.0 5.56511e-05
965.1 5.55343e-05
965.2 5.54174e-05
965.3 5.53006e-05
965.4 5.51838e-05
965.5 5.50669e-05
965.6 5.49501e-05
965.7 5.48333e-05
965.8 5.47164e-05
965.9 5.45996e-05
966.0 5.44828e-05
966.1 5.43834e-05
966.2 5.4284e-05
966.3 5.41846e-05
966.4 5.40852e-05
966.5 5.39859e-05
966.6 5.38865e-05
966.7 5.37871e-05
966.8 5.36877e-05
966.9 5.35883e-05
967.0 5.3489e-05
967.1 5.33896e-05
967.2 5.32902e-05
967.3 5.31908e-05
967.4 5.30915e-05
967.5 5.29921e-05
967.6 5.28927e-05
967.7 5.27934e-05
967.8 5.2694e-05
967.9 5.25946e-05
968.0 5.24952e-05
968.1 5.23959e-05
968.2 5.22965e-05
968.3 5.21971e-05
968.4 5.20978e-05
968.5 5.19984e-05
968.6 5.18991e-05
968.7 5.17997e-05
968.8 5.17003e-05
968.9 5.1601e-05
969.0 5.15016e-05
969.1 5.13193e-05
969.2 5.1137e-05
969.3 5.09547e-05
969.4 5.07723e-05
969.5 5.059e-05
969.6 5.04077e-05
969.7 5.02254e-05
969.8 5.00431e-05
969.9 4.98608e-05
970.0 4.96785e-05
970.1 4.96622e-05
970.2 4.9646e-05
970.3 4.96298e-05
970.4 4.96135e-05
970.5 4.95973e-05
970.6 4.95811e-05
970.7 4.95648e-05
970.8 4.95486e-05
970.9 4.95324e-05
971.0 4.95161e-05
971.1 4.93178e-05
971.2 4.91194e-05
971.3 4.8921e-05
971.4 4.87227e-05
971.5 4.85243e-05
971.6 4.83259e-05
971.7 4.81276e-05
971.8 4.79292e-05
971.9 4.77308e-05
972.0 4.75325e-05
972.1 4.75323e-05
972.2 4.75322e-05
972.3 4.7532e-05
972.4 4.75319e-05
972.5 4.75317e-05
972.6 4.75316e-05
972.7 4.75314e-05
972.8 4.75312e-05
972.9 4.75311e-05
973.0 4.75309e-05
973.1 4.73326e-05
973.2 4.71343e-05
973.3 4.69359e-05
973.4 4.67376e-05
973.5 4.65392e-05
973.6 4.63409e-05
973.7 4.61426e-05
973.8 4.59442e-05
973.9 4.57459e-05
974.0 4.55475e-05
974.1 4.53637e-05
974.2 4.51799e-05
974.3 4.49961e-05
974.4 4.48124e-05
974.5 4.46286e-05
974.6 4.44448e-05
974.7 4.4261e-05
974.8 4.40772e-05
974.9 4.38934e-05
975.0 4.37096e-05
975.1 4.36949e-05
975.2 4.36802e-05
975.3 4.36656e-05
975.4 4.36509e-05
975.5 4.36362e-05
975.6 4.36216e-05
975.7 4.36069e-05
975.8 4.35922e-05
975.9 4.35776e-05
976.0 4.35629e-05
976.1 4.33786e-05
976.2 4.31943e-05
976.3 4.301e-05
976.4 4.28257e-05
976.5 4.26415e-05
976.6 4.24572e-05
976.7 4.22729e-05
976.8 4.20886e-05
976.9 4.19043e-05
977.0 4.172e-05
977.1 4.17059e-05
977.2 4.16917e-05
977.3 4.16776e-05
977.4 4.16634e-05
977.5 4.16493e-05
977.6 4.16352e-05
977.7 4.1621e-05
977.8 4.16069e-05
977.9 4.15927e-05
978.0 4.15786e-05
978.1 4.13803e-05
978.2 4.11821e-05
978.3 4.09838e-05
978.4 4.07855e-05
978.5 4.05873e-05
978.6 4.0389e-05
978.7 4.01908e-05
978.8 3.99925e-05
978.9 3.97942e-05
979.0 3.9596e-05
979.1 3.95958e-05
979.2 3.95957e-05
979.3 3.95956e-05
979.4 3.95954e-05
979.5 3.95953e-05
979.6 3.95951e-05
979.7 3.9595e-05
979.8 3.95949e-05
979.9 3.95947e-05
980.0 3.95946e-05
980.1 3.93964e-05
980.2 3.91981e-05
980.3 3.89999e-05
980.4 3.88017e-05
980.5 3.86034e-05
980.6 3.84052e-05
980.7 3.82069e-05
980.8 3.80087e-05
980.9 3.78105e-05
981.0 3.76122e-05
981.1 3.76121e-05
981.2 3.7612e-05
981.3 3.76118e-05
981.4 3.76117e-05
981.5 3.76116e-05
981.6 3.76115e-05
981.7 3.76113e-05
981.8 3.76112e-05
981.9 3.76111e-05
982.0 3.76109e-05
982.1 3.74127e-05
982.2 3.72145e-05
982.3 3.70163e-05
982.4 3.68181e-05
982.5 3.66199e-05
982.6 3.64217e-05
982.7 3.62235e-05
982.8 3.60253e-05
982.9 3.58271e-05
983.0 3.56289e-05
983.1 3.56287e-05
983.2 3.56286e-05
983.3 3.56285e-05
983.4 3.56284e-05
983.5 3.56282e-05
983.6 3.56281e-05
983.7 3.5628e-05
983.8 3.56278e-05
983.9 3.56277e-05
984.0 3.56276e-05
984.1 3.54294e-05
984.2 3.52312e-05
984.3 3.50331e-05
984.4 3.48349e-05
984.5 3.46367e-05
984.6 3.44385e-05
984.7 3.42404e-05
984.8 3.40422e-05
984.9 3.3844e-05
985.0 3.36458e-05
985.1 3.36457e-05
985.2 3.36456e-05
985.3 3.36455e-05
985.4 3.36453e-05
985.5 3.36452e-05
985.6 3.36451e-05
985.7 3.3645e-05
985.8 3.36448e-05
985.9 3.36447e-05
986.0 3.36446e-05
986.1 3.34577e-05
986.2 3.32708e-05
986.3 3.30839e-05
986.4 3.28969e-05
986.5 3.271e-05
986.6 3.25231e-05
986.7 3.23362e-05
986.8 3.21493e-05
986.9 3.19624e-05
987.0 3.17754e-05
987.1 3.17641e-05
987.2 3.17527e-05
987.3 3.17414e-05
987.4 3.17301e-05
987.5 3.17187e-05
987.6 3.17074e-05
987.7 3.1696e-05
987.8 3.16847e-05
987.9 3.16733e-05
988.0 3.1662e-05
988.1 3.14745e-05
988.2 3.1287e-05
988.3 3.10996e-05
988.4 3.09121e-05
988.5 3.07246e-05
988.6 3.05371e-05
988.7 3.03497e-05
988.8 3.01622e-05
988.9 2.99747e-05
989.0 2.97872e-05
989.1 2.97765e-05
989.2 2.97657e-05
989.3 2.9755e-05
989.4 2.97442e-05
989.5 2.97335e-05
989.6 2.97227e-05
989.7 2.9712e-05
989.8 2.97012e-05
989.9 2.96905e-05
990.0 2.96797e-05
990.1 2.94917e-05
990.2 2.93036e-05
990.3 2.91156e-05
990.4 2.89275e-05
990.5 2.87395e-05
990.6 2.85515e-05
990.7 2.83634e-05
990.8 2.81754e-05
990.9 2.79873e-05
991.0 2.77993e-05
991.1 2.76902e-05
991.2 2.75812e-05
991.3 2.74721e-05
991.4 2.7363e-05
991.5 2.7254e-05
991.6 2.71449e-05
991.7 2.70358e-05
991.8 2.69268e-05
991.9 2.68177e-05
992.0 2.67086e-05
992.1 2.67085e-05
992.2 2.67084e-05
992.3 2.67083e-05
992.4 2.67082e-05
992.5 2.67081e-05
992.6 2.6708e-05
992.7 2.67079e-05
992.8 2.67078e-05
992.9 2.67077e-05
993.0 2.67076e-05
993.1 2.65186e-05
993.2 2.63297e-05
993.3 2.61408e-05
993.4 2.59518e-05
993.5 2.57629e-05
993.6 2.55739e-05
993.7 2.5385e-05
993.8 2.51961e-05
993.9 2.50071e-05
994.0 2.48182e-05
994.1 2.4809e-05
994.2 2.47998e-05
994.3 2.47906e-05
994.4 2.47814e-05
994.5 2.47722e-05
994.6 2.4763e-05
994.7 2.47538e-05
994.8 2.47447e-05
994.9 2.47355e-05
995.0 2.47263e-05
995.1 2.45367e-05
995.2 2.43472e-05
995.3 2.41577e-05
995.4 2.39681e-05
995.5 2.37786e-05
995.6 2.3589e-05
995.7 2.33995e-05
995.8 2.321e-05
995.9 2.30204e-05
996.0 2.28309e-05
996.1 2.28308e-05
996.2 2.28308e-05
996.3 2.28307e-05
996.4 2.28306e-05
996.5 2.28306e-05
996.6 2.28305e-05
996.7 2.28304e-05
996.8 2.28304e-05
996.9 2.28303e-05
997.0 2.28303e-05
997.1 2.27228e-05
997.2 2.26153e-05
997.3 2.25078e-05
997.4 2.24004e-05
997.5 2.22929e-05
997.6 2.21854e-05
997.7 2.2078e-05
997.8 2.19705e-05
997.9 2.1863e-05
998.0 2.17556e-05
998.1 2.16643e-05
998.2 2.15731e-05
998.3 2.14819e-05
998.4 2.13906e-05
998.5 2.12994e-05
998.6 2.12082e-05
998.7 2.1117e-05
998.8 2.10257e-05
998.9 2.09345e-05
999.0 2.08433e-05
999.1 2.0744e-05
999.2 2.06447e-05
999.3 2.05454e-05
999.4 2.0446e-05
999.5 2.03467e-05
999.6 2.02474e-05
999.7 2.01481e-05
999.8 2.00488e-05
999.9 1.99495e-05
1000.0 1.98502e-05
1000.1 1.98501e-05
1000.2 1.98501e-05
1000.3 1.985e-05
1000.4 1.985e-05
1000.5 1.98499e-05
1000.6 1.98498e-05
1000.7 1.98498e-05
1000.8 1.98497e-05
1000.9 1.98497e-05
1001.0 1.98496e-05
1001.1 1.97503e-05
1001.2 1.9651e-05
1001.3 1.95517e-05
1001.4 1.94524e-05
1001.5 1.93531e-05
1001.6 1.92538e-05
1001.7 1.91545e-05
1001.8 1.90552e-05
1001.9 1.89559e-05
1002.0 1.88566e-05
1002.1 1.88565e-05
1002.2 1.88565e-05
1002.3 1.88564e-05
1002.4 1.88564e-05
1002.5 1.88563e-05
1002.6 1.88563e-05
1002.7 1.88562e-05
1002.8 1.88562e-05
1002.9 1.88561e-05
1003.0 1.88561e-05
1003.1 1.89477e-05
1003.2 1.90394e-05
1003.3 1.91311e-05
1003.4 1.92227e-05
1003.5 1.93144e-05
1003.6 1.94061e-05
1003.7 1.94977e-05
1003.8 1.95894e-05
1003.9 1.96811e-05
1004.0 1.97727e-05
1004.1 1.97726e-05
1004.2 1.97726e-05
1004.3 1.97725e-05
1004.4 1.97724e-05
1004.5 1.97723e-05
1004.6 1.97722e-05
1004.7 1.97721e-05
1004.8 1.9772e-05
1004.9 1.97719e-05
1005.0 1.97719e-05
1005.1 1.96729e-05
1005.2 1.9574e-05
1005.3 1.9475e-05
1005.4 1.93761e-05
1005.5 1.92772e-05
1005.6 1.91782e-05
1005.7 1.90793e-05
1005.8 1.89803e-05
1005.9 1.88814e-05
1006.0 1.87824e-05
1006.1 1.87824e-05
1006.2 1.87823e-05
1006.3 1.87822e-05
1006.4 1.87821e-05
1006.5 1.8782e-05
1006.6 1.87819e-05
1006.7 1.87819e-05
1006.8 1.87818e-05
1006.9 1.87817e-05
1007.0 1.87816e-05
1007.1 1.87888e-05
1007.2 1.87961e-05
1007.3 1.88033e-05
1007.4 1.88105e-05
1007.5 1.88177e-05
1007.6 1.8825e-05
1007.7 1.88322e-05
1007.8 1.88394e-05
1007.9 1.88466e-05
1008.0 1.88538e-05
1008.1 1.87546e-05
1008.2 1.86553e-05
1008.3 1.8556e-05
1008.4 1.84567e-05
1008.5 1.83574e-05
1008.6 1.82581e-05
1008.7 1.81589e-05
1008.8 1.80596e-05
1008.9 1.79603e-05
1009.0 1.7861e-05
1009.1 1.78609e-05
1009.2 1.78609e-05
1009.3 1.78608e-05
1009.4 1.78608e-05
1009.5 1.78607e-05
1009.6 1.78607e-05
1009.7 1.78606e-05
1009.8 1.78606e-05
1009.9 1.78605e-05
1010.0 1.78605e-05
1010.1 1.78604e-05
1010.2 1.78604e-05
1010.3 1.78603e-05
1010.4 1.78602e-05
1010.5 1.78602e-05
1010.6 1.78601e-05
1010.7 1.78601e-05
1010.8 1.786e-05
1010.9 1.786e-05
1011.0 1.78599e-05
1011.1 1.78529e-05
1011.2 1.78459e-05
1011.3 1.78389e-05
1011.4 1.78319e-05
1011.5 1.78249e-05
1011.6 1.78179e-05
1011.7 1.78109e-05
1011.8 1.78039e-05
1011.9 1.77969e-05
1012.0 1.77899e-05
1012.1 1.77898e-05
1012.2 1.77897e-05
1012.3 1.77896e-05
1012.4 1.77896e-05
1012.5 1.77895e-05
1012.6 1.77894e-05
1012.7 1.77893e-05
1012.8 1.77892e-05
1012.9 1.77891e-05
1013.0 1.77891e-05
1013.1 1.7789e-05
1013.2 1.77889e-05
1013.3 1.77888e-05
1013.4 1.77887e-05
1013.5 1.77886e-05
1013.6 1.77886e-05
1013.7 1.77885e-05
1013.8 1.77884e-05
1013.9 1.77883e-05
1014.0 1.77882e-05
1014.1 1.77952e-05
1014.2 1.78022e-05
1014.3 1.78092e-05
1014.4 1.78162e-05
1014.5 1.78233e-05
1014.6 1.78303e-05
1014.7 1.78373e-05
1014.8 1.78443e-05
1014.9 1.78513e-05
1015.0 1.78583e-05
1015.1 1.7759e-05
1015.2 1.76597e-05
1015.3 1.75605e-05
1015.4 1.74612e-05
1015.5 1.73619e-05
1015.6 1.72627e-05
1015.7 1.71634e-05
1015.8 1.70641e-05
1015.9 1.69649e-05
1016.0 1.68656e-05
1016.1 1.68656e-05
1016.2 1.68655e-05
1016.3 1.68655e-05
1016.4 1.68654e-05
1016.5 1.68653e-05
1016.6 1.68653e-05
1016.7 1.68652e-05
1016.8 1.68652e-05
1016.9 1.68651e-05
1017.0 1.68651e-05
1017.1 1.6865e-05
1017.2 1.6865e-05
1017.3 1.68649e-05
1017.4 1.68649e-05
1017.5 1.68648e-05
1017.6 1.68648e-05
1017.7 1.68647e-05
1017.8 1.68646e-05
1017.9 1.68646e-05
1018.0 1.68645e-05
1018.1 1.68578e-05
1018.2 1.6851e-05
1018.3 1.68442e-05
1018.4 1.68375e-05
1018.5 1.68307e-05
1018.6 1.68239e-05
1018.7 1.68171e-05
1018.8 1.68104e-05
1018.9 1.68036e-05
1019.0 1.67968e-05
1019.1 1.67967e-05
1019.2 1.67967e-05
1019.3 1.67966e-05
1019.4 1.67965e-05
1019.5 1.67964e-05
1019.6 1.67963e-05
1019.7 1.67962e-05
1019.8 1.67962e-05
1019.9 1.67961e-05
1020.0 1.6796e-05
1020.1 1.68027e-05
1020.2 1.68095e-05
1020.3 1.68162e-05
1020.4 1.6823e-05
1020.5 1.68297e-05
1020.6 1.68365e-05
1020.7 1.68432e-05
1020.8 1.685e-05
1020.9 1.68567e-05
1021.0 1.68635e-05
1021.1 1.67642e-05
1021.2 1.6665e-05
1021.3 1.65657e-05
1021.4 1.64665e-05
1021.5 1.63672e-05
1021.6 1.6268e-05
1021.7 1.61687e-05
1021.8 1.60695e-05
1021.9 1.59702e-05
1022.0 1.5871e-05
1022.1 1.58709e-05
1022.2 1.58709e-05
1022.3 1.58708e-05
1022.4 1.58708e-05
1022.5 1.58707e-05
1022.6 1.58707e-05
1022.7 1.58706e-05
1022.8 1.58705e-05
1022.9 1.58705e-05
1023.0 1.58704e-05
1023.1 1.59628e-05
1023.2 1.60551e-05
1023.3 1.61474e-05
1023.4 1.62397e-05
1023.5 1.6332e-05
1023.6 1.64243e-05
1023.7 1.65166e-05
1023.8 1.66089e-05
1023.9 1.67012e-05
1024.0 1.67935e-05
1024.1 1.66947e-05
1024.2 1.65958e-05
1024.3 1.64969e-05
1024.4 1.63981e-05
1024.5 1.62992e-05
1024.6 1.62003e-05
1024.7 1.61015e-05
1024.8 1.60026e-05
1024.9 1.59037e-05
1025.0 1.58049e-05
1025.1 1.58113e-05
1025.2 1.58178e-05
1025.3 1.58242e-05
1025.4 1.58307e-05
1025.5 1.58371e-05
1025.6 1.58436e-05
1025.7 1.585e-05
1025.8 1.58565e-05
1025.9 1.58629e-05
1026.0 1.58694e-05
1026.1 1.58693e-05
1026.2 1.58693e-05
1026.3 1.58692e-05
1026.4 1.58692e-05
1026.5 1.58691e-05
1026.6 1.58691e-05
1026.7 1.5869e-05
1026.8 1.5869e-05
1026.9 1.58689e-05
1027.0 1.58689e-05
1027.1 1.57696e-05
1027.2 1.56704e-05
1027.3 1.55712e-05
1027.4 1.54719e-05
1027.5 1.53727e-05
1027.6 1.52735e-05
1027.7 1.51742e-05
1027.8 1.5075e-05
1027.9 1.49758e-05
1028.0 1.48765e-05
1028.1 1.49691e-05
1028.2 1.50617e-05
1028.3 1.51543e-05
1028.4 1.52469e-05
1028.5 1.53395e-05
1028.6 1.54321e-05
1028.7 1.55247e-05
1028.8 1.56173e-05
1028.9 1.57099e-05
1029.0 1.58025e-05
1029.1 1.57036e-05
1029.2 1.56048e-05
1029.3 1.55059e-05
1029.4 1.54071e-05
1029.5 1.53083e-05
1029.6 1.52094e-05
1029.7 1.51106e-05
1029.8 1.50117e-05
1029.9 1.49129e-05
1030.0 1.4814e-05
1030.1 1.48202e-05
1030.2 1.48263e-05
1030.3 1.48325e-05
1030.4 1.48386e-05
1030.5 1.48448e-05
1030.6 1.48509e-05
1030.7 1.48571e-05
1030.8 1.48632e-05
1030.9 1.48694e-05
1031.0 1.48755e-05
1031.1 1.48755e-05
1031.2 1.48754e-05
1031.3 1.48754e-05
1031.4 1.48753e-05
1031.5 1.48753e-05
1031.6 1.48752e-05
1031.7 1.48752e-05
1031.8 1.48751e-05
1031.9 1.48751e-05
1032.0 1.4875e-05
1032.1 1.47758e-05
1032.2 1.46766e-05
1032.3 1.45774e-05
1032.4 1.44781e-05
1032.5 1.43789e-05
1032.6 1.42797e-05
1032.7 1.41805e-05
1032.8 1.40813e-05
1032.9 1.39821e-05
1033.0 1.38828e-05
1033.1 1.39757e-05
1033.2 1.40686e-05
1033.3 1.41615e-05
1033.4 1.42544e-05
1033.5 1.43473e-05
1033.6 1.44402e-05
1033.7 1.45331e-05
1033.8 1.46259e-05
1033.9 1.47188e-05
1034.0 1.48117e-05
1034.1 1.48179e-05
1034.2 1.48242e-05
1034.3 1.48304e-05
1034.4 1.48366e-05
1034.5 1.48428e-05
1034.6 1.48491e-05
1034.7 1.48553e-05
1034.8 1.48615e-05
1034.9 1.48677e-05
1035.0 1.48739e-05
1035.1 1.47747e-05
1035.2 1.46755e-05
1035.3 1.45763e-05
1035.4 1.44771e-05
1035.5 1.43779e-05
1035.6 1.42787e-05
1035.7 1.41795e-05
1035.8 1.40803e-05
1035.9 1.39811e-05
1036.0 1.38819e-05
1036.1 1.39747e-05
1036.2 1.40675e-05
1036.3 1.41603e-05
1036.4 1.42532e-05
1036.5 1.4346e-05
1036.6 1.44388e-05
1036.7 1.45316e-05
1036.8 1.46245e-05
1036.9 1.47173e-05
1037.0 1.48101e-05
1037.1 1.47172e-05
1037.2 1.46244e-05
1037.3 1.45315e-05
1037.4 1.44386e-05
1037.5 1.43457e-05
1037.6 1.42529e-05
1037.7 1.416e-05
1037.8 1.40671e-05
1037.9 1.39742e-05
1038.0 1.38814e-05
1038.1 1.38813e-05
1038.2 1.38813e-05
1038.3 1.38812e-05
1038.4 1.38812e-05
1038.5 1.38811e-05
1038.6 1.38811e-05
1038.7 1.3881e-05
1038.8 1.3881e-05
1038.9 1.38809e-05
1039.0 1.38809e-05
1039.1 1.38749e-05
1039.2 1.38689e-05
1039.3 1.3863e-05
1039.4 1.3857e-05
1039.5 1.38511e-05
1039.6 1.38451e-05
1039.7 1.38391e-05
1039.8 1.38332e-05
1039.9 1.38272e-05
1040.0 1.38213e-05
1040.1 1.38272e-05
1040.2 1.38331e-05
1040.3 1.3839e-05
1040.4 1.38449e-05
1040.5 1.38508e-05
1040.6 1.38567e-05
1040.7 1.38626e-05
1040.8 1.38685e-05
1040.9 1.38744e-05
1041.0 1.38803e-05
1041.1 1.37811e-05
1041.2 1.3682e-05
1041.3 1.35828e-05
1041.4 1.34836e-05
1041.5 1.33844e-05
1041.6 1.32852e-05
1041.7 1.3186e-05
1041.8 1.30868e-05
1041.9 1.29876e-05
1042.0 1.28884e-05
1042.1 1.29815e-05
1042.2 1.30747e-05
1042.3 1.31678e-05
1042.4 1.32609e-05
1042.5 1.33541e-05
1042.6 1.34472e-05
1042.7 1.35403e-05
1042.8 1.36335e-05
1042.9 1.37266e-05
1043.0 1.38197e-05
1043.1 1.37266e-05
1043.2 1.36334e-05
1043.3 1.35402e-05
1043.4 1.3447e-05
1043.5 1.33538e-05
1043.6 1.32607e-05
1043.7 1.31675e-05
1043.8 1.30743e-05
1043.9 1.29811e-05
1044.0 1.28879e-05
1044.1 1.28879e-05
1044.2 1.28878e-05
1044.3 1.28878e-05
1044.4 1.28877e-05
1044.5 1.28877e-05
1044.6 1.28876e-05
1044.7 1.28876e-05
1044.8 1.28875e-05
1044.9 1.28875e-05
1045.0 1.28874e-05
1045.1 1.28818e-05
1045.2 1.28762e-05
1045.3 1.28706e-05
1045.4 1.28649e-05
1045.5 1.28593e-05
1045.6 1.28537e-05
1045.7 1.28481e-05
1045.8 1.28424e-05
1045.9 1.28368e-05
1046.0 1.28312e-05
1046.1 1.28367e-05
1046.2 1.28423e-05
1046.3 1.28479e-05
1046.4 1.28535e-05
1046.5 1.28591e-05
1046.6 1.28646e-05
1046.7 1.28702e-05
1046.8 1.28758e-05
1046.9 1.28814e-05
1047.0 1.2887e-05
1047.1 1.28869e-05
1047.2 1.28869e-05
1047.3 1.28868e-05
1047.4 1.28868e-05
1047.5 1.28867e-05
1047.6 1.28867e-05
1047.7 1.28866e-05
1047.8 1.28866e-05
1047.9 1.28865e-05
1048.0 1.28865e-05
1048.1 1.28865e-05
1048.2 1.28865e-05
1048.3 1.28865e-05
1048.4 1.28865e-05
1048.5 1.28865e-05
1048.6 1.28865e-05
1048.7 1.28865e-05
1048.8 1.28865e-05
1048.9 1.28865e-05
1049.0 1.28865e-05
1049.1 1.28864e-05
1049.2 1.28864e-05
1049.3 1.28863e-05
1049.4 1.28863e-05
1049.5 1.28862e-05
1049.6 1.28862e-05
1049.7 1.28861e-05
1049.8 1.28861e-05
1049.9 1.2886e-05
1050.0 1.2886e-05
1050.1 1.27868e-05
1050.2 1.26876e-05
1050.3 1.25885e-05
1050.4 1.24893e-05
1050.5 1.23901e-05
1050.6 1.22909e-05
1050.7 1.21918e-05
1050.8 1.20926e-05
1050.9 1.19934e-05
1051.0 1.18943e-05
1051.1 1.19934e-05
1051.2 1.20925e-05
1051.3 1.21916e-05
1051.4 1.22907e-05
1051.5 1.23899e-05
1051.6 1.2489e-05
1051.7 1.25881e-05
1051.8 1.26872e-05
1051.9 1.27863e-05
1052.0 1.28855e-05
1052.1 1.27863e-05
1052.2 1.26871e-05
1052.3 1.2588e-05
1052.4 1.24888e-05
1052.5 1.23896e-05
1052.6 1.22905e-05
1052.7 1.21913e-05
1052.8 1.20921e-05
1052.9 1.1993e-05
1053.0 1.18938e-05
1053.1 1.18938e-05
1053.2 1.18937e-05
1053.3 1.18937e-05
1053.4 1.18936e-05
1053.5 1.18936e-05
1053.6 1.18935e-05
1053.7 1.18935e-05
1053.8 1.18934e-05
1053.9 1.18934e-05
1054.0 1.18933e-05
1054.1 1.18933e-05
1054.2 1.18933e-05
1054.3 1.18933e-05
1054.4 1.18933e-05
1054.5 1.18933e-05
1054.6 1.18933e-05
1054.7 1.18933e-05
1054.8 1.18933e-05
1054.9 1.18933e-05
1055.0 1.18933e-05
1055.1 1.18933e-05
1055.2 1.18932e-05
1055.3 1.18932e-05
1055.4 1.18931e-05
1055.5 1.18931e-05
1055.6 1.1893e-05
1055.7 1.1893e-05
1055.8 1.1893e-05
1055.9 1.18929e-05
1056.0 1.18929e-05
1056.1 1.18875e-05
1056.2 1.18821e-05
1056.3 1.18768e-05
1056.4 1.18714e-05
1056.5 1.18661e-05
1056.6 1.18607e-05
1056.7 1.18554e-05
1056.8 1.185e-05
1056.9 1.18446e-05
1057.0 1.18393e-05
1057.1 1.18446e-05
1057.2 1.18499e-05
1057.3 1.18552e-05
1057.4 1.18605e-05
1057.5 1.18658e-05
1057.6 1.18711e-05
1057.7 1.18764e-05
1057.8 1.18818e-05
1057.9 1.18871e-05
1058.0 1.18924e-05
1058.1 1.17932e-05
1058.2 1.16941e-05
1058.3 1.15949e-05
1058.4 1.14958e-05
1058.5 1.13966e-05
1058.6 1.12975e-05
1058.7 1.11983e-05
1058.8 1.10992e-05
1058.9 1.1e-05
1059.0 1.09009e-05
1059.1 1.1e-05
1059.2 1.10991e-05
1059.3 1.11982e-05
1059.4 1.12973e-05
1059.5 1.13964e-05
1059.6 1.14955e-05
1059.7 1.15946e-05
1059.8 1.16937e-05
1059.9 1.17928e-05
1060.0 1.18919e-05
1060.1 1.17927e-05
1060.2 1.16936e-05
1060.3 1.15945e-05
1060.4 1.14953e-05
1060.5 1.13962e-05
1060.6 1.1297e-05
1060.7 1.11979e-05
1060.8 1.10987e-05
1060.9 1.09996e-05
1061.0 1.09005e-05
1061.1 1.09941e-05
1061.2 1.10878e-05
1061.3 1.11814e-05
1061.4 1.12751e-05
1061.5 1.13688e-05
1061.6 1.14624e-05
1061.7 1.15561e-05
1061.8 1.16498e-05
1061.9 1.17434e-05
1062.0 1.18371e-05
1062.1 1.17434e-05
1062.2 1.16497e-05
1062.3 1.1556e-05
1062.4 1.14623e-05
1062.5 1.13686e-05
1062.6 1.12748e-05
1062.7 1.11811e-05
1062.8 1.10874e-05
1062.9 1.09937e-05
1063.0 1.09e-05
1063.1 1.09e-05
1063.2 1.08999e-05
1063.3 1.08999e-05
1063.4 1.08998e-05
1063.5 1.08998e-05
1063.6 1.08997e-05
1063.7 1.08997e-05
1063.8 1.08996e-05
1063.9 1.08996e-05
1064.0 1.08995e-05
1064.1 1.08995e-05
1064.2 1.08995e-05
1064.3 1.08995e-05
1064.4 1.08995e-05
1064.5 1.08995e-05
1064.6 1.08995e-05
1064.7 1.08995e-05
1064.8 1.08995e-05
1064.9 1.08995e-05
1065.0 1.08995e-05
1065.1 1.08995e-05
1065.2 1.08995e-05
1065.3 1.08994e-05
1065.4 1.08994e-05
1065.5 1.08993e-05
1065.6 1.08993e-05
1065.7 1.08992e-05
1065.8 1.08992e-05
1065.9 1.08991e-05
1066.0 1.08991e-05
1066.1 1.08e-05
1066.2 1.07008e-05
1066.3 1.06017e-05
1066.4 1.05026e-05
1066.5 1.04035e-05
1066.6 1.03043e-05
1066.7 1.02052e-05
1066.8 1.01061e-05
1066.9 1.0007e-05
1067.0 9.90783e-06
1067.1 1.00069e-05
1067.2 1.0106e-05
1067.3 1.02051e-05
1067.4 1.03041e-05
1067.5 1.04032e-05
1067.6 1.05023e-05
1067.7 1.06014e-05
1067.8 1.07005e-05
1067.9 1.07995e-05
1068.0 1.08986e-05
1068.1 1.07995e-05
1068.2 1.07004e-05
1068.3 1.06013e-05
1068.4 1.05021e-05
1068.5 1.0403e-05
1068.6 1.03039e-05
1068.7 1.02048e-05
1068.8 1.01056e-05
1068.9 1.00065e-05
1069.0 9.90741e-06
1069.1 1.00065e-05
1069.2 1.01056e-05
1069.3 1.02046e-05
1069.4 1.03037e-05
1069.5 1.04028e-05
1069.6 1.05019e-05
1069.7 1.06009e-05
1069.8 1.07e-05
1069.9 1.07991e-05
1070.0 1.08981e-05
1070.1 1.0799e-05
1070.2 1.06999e-05
1070.3 1.06008e-05
1070.4 1.05017e-05
1070.5 1.04026e-05
1070.6 1.03034e-05
1070.7 1.02043e-05
1070.8 1.01052e-05
1070.9 1.00061e-05
1071.0 9.90698e-06
1071.1 9.90693e-06
1071.2 9.90689e-06
1071.3 9.90685e-06
1071.4 9.9068e-06
1071.5 9.90676e-06
1071.6 9.90672e-06
1071.7 9.90667e-06
1071.8 9.90663e-06
1071.9 9.90659e-06
1072.0 9.90654e-06
1072.1 9.90654e-06
1072.2 9.90654e-06
1072.3 9.90654e-06
1072.4 9.90654e-06
1072.5 9.90654e-06
1072.6 9.90654e-06
1072.7 9.90654e-06
1072.8 9.90654e-06
1072.9 9.90654e-06
1073.0 9.90654e-06
1073.1 9.9065e-06
1073.2 9.90645e-06
1073.3 9.90641e-06
1073.4 9.90637e-06
1073.5 9.90632e-06
1073.6 9.90628e-06
1073.7 9.90623e-06
1073.8 9.90619e-06
1073.9 9.90615e-06
1074.0 9.9061e-06
1074.1 9.9061e-06
1074.2 9.9061e-06
1074.3 9.9061e-06
1074.4 9.9061e-06
1074.5 9.9061e-06
1074.6 9.9061e-06
1074.7 9.9061e-06
1074.8 9.9061e-06
1074.9 9.9061e-06
1075.0 9.9061e-06
1075.1 9.90606e-06
1075.2 9.90601e-06
1075.3 9.90597e-06
1075.4 9.90593e-06
1075.5 9.90588e-06
1075.6 9.90584e-06
1075.7 9.90579e-06
1075.8 9.90575e-06
1075.9 9.9057e-06
1076.0 9.90566e-06
1076.1 9.90566e-06
1076.2 9.90566e-06
1076.3 9.90566e-06
1076.4 9.90566e-06
1076.5 9.90566e-06
1076.6 9.90566e-06
1076.7 9.90566e-06
1076.8 9.90566e-06
1076.9 9.90566e-06
1077.0 9.90566e-06
1077.1 9.90562e-06
1077.2 9.90557e-06
1077.3 9.90553e-06
1077.4 9.90548e-06
1077.5 9.90544e-06
1077.6 9.90539e-06
1077.7 9.90535e-06
1077.8 9.9053e-06
1077.9 9.90526e-06
1078.0 9.90521e-06
1078.1 9.80612e-06
1078.2 9.70703e-06
1078.3 9.60794e-06
1078.4 9.50884e-06
1078.5 9.40975e-06
1078.6 9.31066e-06
1078.7 9.21156e-06
1078.8 9.11247e-06
1078.9 9.01338e-06
1079.0 8.91429e-06
1079.1 9.01333e-06
1079.2 9.11238e-06
1079.3 9.21143e-06
1079.4 9.31048e-06
1079.5 9.40952e-06
1079.6 9.50857e-06
1079.7 9.60762e-06
1079.8 9.70667e-06
1079.9 9.80571e-06
1080.0 9.90476e-06
1080.1 9.80567e-06
1080.2 9.70658e-06
1080.3 9.6075e-06
1080.4 9.50841e-06
1080.5 9.40932e-06
1080.6 9.31023e-06
1080.7 9.21114e-06
1080.8 9.11205e-06
1080.9 9.01296e-06
1081.0 8.91388e-06
1081.1 8.91388e-06
1081.2 8.91388e-06
1081.3 8.91388e-06
1081.4 8.91388e-06
1081.5 8.91388e-06
1081.6 8.91388e-06
1081.7 8.91388e-06
1081.8 8.91388e-06
1081.9 8.91388e-06
1082.0 8.91388e-06
1082.1 8.91383e-06
1082.2 8.91379e-06
1082.3 8.91375e-06
1082.4 8.91371e-06
1082.5 8.91367e-06
1082.6 8.91363e-06
1082.7 8.91359e-06
1082.8 8.91354e-06
1082.9 8.9135e-06
1083.0 8.91346e-06
1083.1 8.91346e-06
1083.2 8.91346e-06
1083.3 8.91346e-06
1083.4 8.91346e-06
1083.5 8.91346e-06
1083.6 8.91346e-06
1083.7 8.91346e-06
1083.8 8.91346e-06
1083.9 8.91346e-06
1084.0 8.91346e-06
1084.1 8.91342e-06
1084.2 8.91338e-06
1084.3 8.91334e-06
1084.4 8.91329e-06
1084.5 8.91325e-06
1084.6 8.91321e-06
1084.7 8.91317e-06
1084.8 8.91313e-06
1084.9 8.91309e-06
1085.0 8.91304e-06
1085.1 8.81397e-06
1085.2 8.7149e-06
1085.3 8.61583e-06
1085.4 8.51676e-06
1085.5 8.41769e-06
1085.6 8.31862e-06
1085.7 8.21954e-06
1085.8 8.12047e-06
1085.9 8.0214e-06
1086.0 7.92233e-06
1086.1 8.02136e-06
1086.2 8.12039e-06
1086.3 8.21942e-06
1086.4 8.31845e-06
1086.5 8.41748e-06
1086.6 8.5165e-06
1086.7 8.61553e-06
1086.8 8.71456e-06
1086.9 8.81359e-06
1087.0 8.91262e-06
1087.1 8.81355e-06
1087.2 8.71449e-06
1087.3 8.61542e-06
1087.4 8.51635e-06
1087.5 8.41729e-06
1087.6 8.31822e-06
1087.7 8.21915e-06
1087.8 8.12009e-06
1087.9 8.02102e-06
1088.0 7.92195e-06
1088.1 8.02098e-06
1088.2 8.12e-06
1088.3 8.21902e-06
1088.4 8.31805e-06
1088.5 8.41707e-06
1088.6 8.5161e-06
1088.7 8.61512e-06
1088.8 8.71415e-06
1088.9 8.81317e-06
1089.0 8.9122e-06
1089.1 8.81313e-06
1089.2 8.71407e-06
1089.3 8.61501e-06
1089.4 8.51594e-06
1089.5 8.41688e-06
1089.6 8.31782e-06
1089.7 8.21876e-06
1089.8 8.11969e-06
1089.9 8.02063e-06
1090.0 7.92157e-06
1090.1 8.02059e-06
1090.2 8.11961e-06
1090.3 8.21863e-06
1090.4 8.31765e-06
1090.5 8.41667e-06
1090.6 8.51569e-06
1090.7 8.61471e-06
1090.8 8.71373e-06
1090.9 8.81275e-06
1091.0 8.91176e-06
1091.1 8.81271e-06
1091.2 8.71365e-06
1091.3 8.61459e-06
1091.4 8.51553e-06
1091.5 8.41647e-06
1091.6 8.31742e-06
1091.7 8.21836e-06
1091.8 8.1193e-06
1091.9 8.02024e-06
1092.0 7.92118e-06
1092.1 8.0202e-06
1092.2 8.11921e-06
1092.3 8.21823e-06
1092.4 8.31724e-06
1092.5 8.41626e-06
1092.6 8.51527e-06
1092.7 8.61429e-06
1092.8 8.7133e-06
1092.9 8.81232e-06
1093.0 8.91133e-06
1093.1 8.81228e-06
1093.2 8.71322e-06
1093.3 8.61417e-06
1093.4 8.51511e-06
1093.5 8.41606e-06
1093.6 8.31701e-06
1093.7 8.21795e-06
1093.8 8.1189e-06
1093.9 8.01985e-06
1094.0 7.92079e-06
1094.1 7.82523e-06
1094.2 7.72967e-06
1094.3 7.63411e-06
1094.4 7.53854e-06
1094.5 7.44298e-06
1094.6 7.34742e-06
1094.7 7.25186e-06
1094.8 7.1563e-06
1094.9 7.06074e-06
1095.0 6.96517e-06
1095.1 7.0607e-06
1095.2 7.15622e-06
1095.3 7.25174e-06
1095.4 7.34726e-06
1095.5 7.44279e-06
1095.6 7.53831e-06
1095.7 7.63383e-06
1095.8 7.72935e-06
1095.9 7.82488e-06
1096.0 7.9204e-06
1096.1 7.82136e-06
1096.2 7.72232e-06
1096.3 7.62328e-06
1096.4 7.52424e-06
1096.5 7.4252e-06
1096.6 7.32616e-06
1096.7 7.22712e-06
1096.8 7.12808e-06
1096.9 7.02904e-06
1097.0 6.93e-06
1097.1 7.029e-06
1097.2 7.128e-06
1097.3 7.227e-06
1097.4 7.326e-06
1097.5 7.425e-06
1097.6 7.524e-06
1097.7 7.623e-06
1097.8 7.722e-06
1097.9 7.821e-06
1098.0 7.92e-06
1098.1 7.82096e-06
1098.2 7.72193e-06
1098.3 7.62289e-06
1098.4 7.52386e-06
1098.5 7.42482e-06
1098.6 7.32579e-06
1098.7 7.22675e-06
1098.8 7.12772e-06
1098.9 7.02868e-06
1099.0 6.92965e-06
1099.1 7.02864e-06
1099.2 7.12764e-06
1099.3 7.22663e-06
1099.4 7.32563e-06
1099.5 7.42462e-06
1099.6 7.52362e-06
1099.7 7.62261e-06
1099.8 7.72161e-06
1099.9 7.8206e-06
1100.0 7.9196e-06
1100.1 7.9196e-06
1100.2 7.9196e-06
1100.3 7.9196e-06
1100.4 7.9196e-06
1100.5 7.9196e-06
1100.6 7.9196e-06
1100.7 7.9196e-06
1100.8 7.9196e-06
1100.9 7.9196e-06
1101.0 7.9196e-06
1101.1 7.9196e-06
1101.2 7.9196e-06
1101.3 7.9196e-06
1101.4 7.9196e-06
1101.5 7.9196e-06
1101.6 7.9196e-06
1101.7 7.9196e-06
1101.8 7.9196e-06
1101.9 7.9196e-06
1102.0 7.9196e-06
1102.1 7.9196e-06
1102.2 7.9196e-06
1102.3 7.9196e-06
1102.4 7.9196e-06
1102.5 7.9196e-06
1102.6 7.9196e-06
1102.7 7.9196e-06
1102.8 7.9196e-06
1102.9 7.9196e-06
1103.0 7.9196e-06
1103.1 7.9196e-06
1103.2 7.9196e-06
1103.3 7.9196e-06
1103.4 7.9196e-06
1103.5 7.9196e-06
1103.6 7.9196e-06
1103.7 7.9196e-06
1103.8 7.9196e-06
1103.9 7.9196e-06
1104.0 7.9196e-06
1104.1 7.9196e-06
1104.2 7.9196e-06
1104.3 7.9196e-06
1104.4 7.9196e-06
1104.5 7.9196e-06
1104.6 7.9196e-06
1104.7 7.9196e-06
1104.8 7.9196e-06
1104.9 7.9196e-06
1105.0 7.9196e-06
1105.1 7.9196e-06
1105.2 7.9196e-06
1105.3 7.9196e-06
1105.4 7.9196e-06
1105.5 7.9196e-06
1105.6 7.9196e-06
1105.7 7.9196e-06
1105.8 7.9196e-06
1105.9 7.9196e-06
1106.0 7.9196e-06
1106.1 7.9196e-06
1106.2 7.9196e-06
1106.3 7.9196e-06
1106.4 7.9196e-06
1106.5 7.9196e-06
1106.6 7.9196e-06
1106.7 7.9196e-06
1106.8 7.9196e-06
1106.9 7.9196e-06
1107.0 7.9196e-06
1107.1 7.9196e-06
1107.2 7.9196e-06
1107.3 7.9196e-06
1107.4 7.9196e-06
1107.5 7.9196e-06
1107.6 7.9196e-06
1107.7 7.9196e-06
1107.8 7.9196e-06
1107.9 7.9196e-06
1108.0 7.9196e-06
1108.1 7.9196e-06
1108.2 7.9196e-06
1108.3 7.9196e-06
1108.4 7.9196e-06
1108.5 7.9196e-06
1108.6 7.9196e-06
1108.7 7.9196e-06
1108.8 7.9196e-06
1108.9 7.9196e-06
1109.0 7.9196e-06
1109.1 7.9196e-06
1109.2 7.9196e-06
1109.3 7.9196e-06
1109.4 7.9196e-06
1109.5 7.9196e-06
1109.6 7.9196e-06
1109.7 7.9196e-06
1109.8 7.9196e-06
1109.9 7.9196e-06
1110.0 7.9196e-06
1110.1 7.9196e-06
1110.2 7.9196e-06
1110.3 7.9196e-06
1110.4 7.9196e-06
1110.5 7.9196e-06
1110.6 7.9196e-06
1110.7 7.9196e-06
1110.8 7.9196e-06
1110.9 7.9196e-06
1111.0 7.9196e-06
1111.1 7.9196e-06
1111.2 7.9196e-06
1111.3 7.9196e-06
1111.4 7.9196e-06
1111.5 7.9196e-06
1111.6 7.9196e-06
1111.7 7.9196e-06
1111.8 7.9196e-06
1111.9 7.9196e-06
1112.0 7.9196e-06
1112.1 7.9196e-06
1112.2 7.9196e-06
1112.3 7.9196e-06
1112.4 7.9196e-06
1112.5 7.9196e-06
1112.6 7.9196e-06
1112.7 7.9196e-06
1112.8 7.9196e-06
1112.9 7.9196e-06
1113.0 7.9196e-06
1113.1 7.9196e-06
1113.2 7.9196e-06
1113.3 7.9196e-06
1113.4 7.9196e-06
1113.5 7.9196e-06
1113.6 7.9196e-06
1113.7 7.9196e-06
1113.8 7.9196e-06
1113.9 7.9196e-06
1114.0 7.9196e-06
1114.1 7.9196e-06
1114.2 7.9196e-06
1114.3 7.9196e-06
1114.4 7.9196e-06
1114.5 7.9196e-06
1114.6 7.9196e-06
1114.7 7.9196e-06
1114.8 7.9196e-06
1114.9 7.9196e-06
1115.0 7.9196e-06
1115.1 7.9196e-06
1115.2 7.9196e-06
1115.3 7.9196e-06
1115.4 7.9196e-06
1115.5 7.9196e-06
1115.6 7.9196e-06
1115.7 7.9196e-06
1115.8 7.9196e-06
1115.9 7.9196e-06
1116.0 7.9196e-06
1116.1 7.9196e-06
1116.2 7.9196e-06
1116.3 7.9196e-06
1116.4 7.9196e-06
1116.5 7.9196e-06
1116.6 7.9196e-06
1116.7 7.9196e-06
1116.8 7.9196e-06
1116.9 7.9196e-06
1117.0 7.9196e-06
1117.1 7.9196e-06
1117.2 7.9196e-06
1117.3 7.9196e-06
1117.4 7.9196e-06
1117.5 7.9196e-06
1117.6 7.9196e-06
1117.7 7.9196e-06
1117.8 7.9196e-06
1117.9 7.9196e-06
1118.0 7.9196e-06
1118.1 7.9196e-06
1118.2 7.9196e-06
1118.3 7.9196e-06
1118.4 7.9196e-06
1118.5 7.9196e-06
1118.6 7.9196e-06
1118.7 7.9196e-06
1118.8 7.9196e-06
1118.9 7.9196e-06
1119.0 7.9196e-06
1119.1 7.9196e-06
1119.2 7.9196e-06
1119.3 7.9196e-06
1119.4 7.9196e-06
1119.5 7.9196e-06
1119.6 7.9196e-06
1119.7 7.9196e-06
1119.8 7.9196e-06
1119.9 7.9196e-06
1120.0 7.9196e-06
1120.1 7.9196e-06
1120.2 7.9196e-06
1120.3 7.9196e-06
1120.4 7.9196e-06
1120.5 7.9196e-06
1120.6 7.9196e-06
1120.7 7.9196e-06
1120.8 7.9196e-06
1120.9 7.9196e-06
1121.0 7.9196e-06
1121.1 7.9196e-06
1121.2 7.9196e-06
1121.3 7.9196e-06
1121.4 7.9196e-06
1121.5 7.9196e-06
1121.6 7.9196e-06
1121.7 7.9196e-06
1121.8 7.9196e-06
1121.9 7.9196e-06
1122.0 7.9196e-06
1122.1 7.9196e-06
1122.2 7.9196e-06
1122.3 7.9196e-06
1122.4 7.9196e-06
1122.5 7.9196e-06
1122.6 7.9196e-06
1122.7 7.9196e-06
1122.8 7.9196e-06
1122.9 7.9196e-06
1123.0 7.9196e-06
1123.1 7.9196e-06
1123.2 7.9196e-06
1123.3 7.9196e-06
1123.4 7.9196e-06
1123.5 7.9196e-06
1123.6 7.9196e-06
1123.7 7.9196e-06
1123.8 7.9196e-06
1123.9 7.9196e-06
1124.0 7.9196e-06
1124.1 7.9196e-06
1124.2 7.9196e-06
1124.3 7.9196e-06
1124.4 7.9196e-06
1124.5 7.9196e-06
1124.6 7.9196e-06
1124.7 7.9196e-06
1124.8 7.9196e-06
1124.9 7.9196e-06
1125.0 7.9196e-06
1125.1 7.9196e-06
1125.2 7.9196e-06
1125.3 7.9196e-06
1125.4 7.9196e-06
1125.5 7.9196e-06
1125.6 7.9196e-06
1125.7 7.9196e-06
1125.8 7.9196e-06
1125.9 7.9196e-06
1126.0 7.9196e-06
1126.1 7.9196e-06
1126.2 7.9196e-06
1126.3 7.9196e-06
1126.4 7.9196e-06
1126.5 7.9196e-06
1126.6 7.9196e-06
1126.7 7.9196e-06
1126.8 7.9196e-06
1126.9 7.9196e-06
1127.0 7.9196e-06
1127.1 7.9196e-06
1127.2 7.9196e-06
1127.3 7.9196e-06
1127.4 7.9196e-06
1127.5 7.9196e-06
1127.6 7.9196e-06
1127.7 7.9196e-06
1127.8 7.9196e-06
1127.9 7.9196e-06
1128.0 7.9196e-06
1128.1 7.9196e-06
1128.2 7.9196e-06
1128.3 7.9196e-06
1128.4 7.9196e-06
1128.5 7.9196e-06
1128.6 7.9196e-06
1128.7 7.9196e-06
1128.8 7.9196e-06
1128.9 7.9196e-06
1129.0 7.9196e-06
1129.1 7.9196e-06
1129.2 7.9196e-06
1129.3 7.9196e-06
1129.4 7.9196e-06
1129.5 7.9196e-06
1129.6 7.9196e-06
1129.7 7.9196e-06
1129.8 7.9196e-06
1129.9 7.9196e-06
1130.0 7.9196e-06
1130.1 7.9196e-06
1130.2 7.9196e-06
1130.3 7.9196e-06
1130.4 7.9196e-06
1130.5 7.9196e-06
1130.6 7.9196e-06
1130.7 7.9196e-06
1130.8 7.9196e-06
1130.9 7.9196e-06
1131.0 7.9196e-06
1131.1 7.9196e-06
1131.2 7.9196e-06
1131.3 7.9196e-06
1131.4 7.9196e-06
1131.5 7.9196e-06
1131.6 7.9196e-06
1131.7 7.9196e-06
1131.8 7.9196e-06
1131.9 7.9196e-06
1132.0 7.9196e-06
1132.1 7.9196e-06
1132.2 7.9196e-06
1132.3 7.9196e-06
1132.4 7.9196e-06
1132.5 7.9196e-06
1132.6 7.9196e-06
1132.7 7.9196e-06
1132.8 7.9196e-06
1132.9 7.9196e-06
1133.0 7.9196e-06
1133.1 7.9196e-06
1133.2 7.9196e-06
1133.3 7.9196e-06
1133.4 7.9196e-06
1133.5 7.9196e-06
1133.6 7.9196e-06
1133.7 7.9196e-06
1133.8 7.9196e-06
1133.9 7.9196e-06
1134.0 7.9196e-06
1134.1 7.9196e-06
1134.2 7.9196e-06
1134.3 7.9196e-06
1134.4 7.9196e-06
1134.5 7.9196e-06
1134.6 7.9196e-06
1134.7 7.9196e-06
1134.8 7.9196e-06
1134.9 7.9196e-06
1135.0 7.9196e-06
1135.1 7.9196e-06
1135.2 7.9196e-06
1135.3 7.9196e-06
1135.4 7.9196e-06
1135.5 7.9196e-06
1135.6 7.9196e-06
1135.7 7.9196e-06
1135.8 7.9196e-06
1135.9 7.9196e-06
1136.0 7.9196e-06
1136.1 7.9196e-06
1136.2 7.9196e-06
1136.3 7.9196e-06
1136.4 7.9196e-06
1136.5 7.9196e-06
1136.6 7.9196e-06
1136.7 7.9196e-06
1136.8 7.9196e-06
1136.9 7.9196e-06
1137.0 7.9196e-06
1137.1 7.9196e-06
1137.2 7.9196e-06
1137.3 7.9196e-06
1137.4 7.9196e-06
1137.5 7.9196e-06
1137.6 7.9196e-06
1137.7 7.9196e-06
1137.8 7.9196e-06
1137.9 7.9196e-06
1138.0 7.9196e-06
1138.1 7.9196e-06
1138.2 7.9196e-06
1138.3 7.9196e-06
1138.4 7.9196e-06
1138.5 7.9196e-06
1138.6 7.9196e-06
1138.7 7.9196e-06
1138.8 7.9196e-06
1138.9 7.9196e-06
1139.0 7.9196e-06
1139.1 7.9196e-06
1139.2 7.9196e-06
1139.3 7.9196e-06
1139.4 7.9196e-06
1139.5 7.9196e-06
1139.6 7.9196e-06
1139.7 7.9196e-06
1139.8 7.9196e-06
1139.9 7.9196e-06
1140.0 7.9196e-06
1140.1 7.9196e-06
1140.2 7.9196e-06
1140.3 7.9196e-06
1140.4 7.9196e-06
1140.5 7.9196e-06
1140.6 7.9196e-06
1140.7 7.9196e-06
1140.8 7.9196e-06
1140.9 7.9196e-06
1141.0 7.9196e-06
1141.1 7.9196e-06
1141.2 7.9196e-06
1141.3 7.9196e-06
1141.4 7.9196e-06
1141.5 7.9196e-06
1141.6 7.9196e-06
1141.7 7.9196e-06
1141.8 7.9196e-06
1141.9 7.9196e-06
1142.0 7.9196e-06
1142.1 7.9196e-06
1142.2 7.9196e-06
1142.3 7.9196e-06
1142.4 7.9196e-06
1142.5 7.9196e-06
1142.6 7.9196e-06
1142.7 7.9196e-06
1142.8 7.9196e-06
1142.9 7.9196e-06
1143.0 7.9196e-06
1143.1 7.9196e-06
1143.2 7.9196e-06
1143.3 7.9196e-06
1143.4 7.9196e-06
1143.5 7.9196e-06
1143.6 7.9196e-06
1143.7 7.9196e-06
1143.8 7.9196e-06
1143.9 7.9196e-06
1144.0 7.9196e-06
1144.1 7.9196e-06
1144.2 7.9196e-06
1144.3 7.9196e-06
1144.4 7.9196e-06
1144.5 7.9196e-06
1144.6 7.9196e-06
1144.7 7.9196e-06
1144.8 7.9196e-06
1144.9 7.9196e-06
1145.0 7.9196e-06
1145.1 7.9196e-06
1145.2 7.9196e-06
1145.3 7.9196e-06
1145.4 7.9196e-06
1145.5 7.9196e-06
1145.6 7.9196e-06
1145.7 7.9196e-06
1145.8 7.9196e-06
1145.9 7.9196e-06
1146.0 7.9196e-06
1146.1 7.9196e-06
1146.2 7.9196e-06
1146.3 7.9196e-06
1146.4 7.9196e-06
1146.5 7.9196e-06
1146.6 7.9196e-06
1146.7 7.9196e-06
1146.8 7.9196e-06
1146.9 7.9196e-06
1147.0 7.9196e-06
1147.1 7.9196e-06
1147.2 7.9196e-06
1147.3 7.9196e-06
1147.4 7.9196e-06
1147.5 7.9196e-06
1147.6 7.9196e-06
1147.7 7.9196e-06
1147.8 7.9196e-06
1147.9 7.9196e-06
1148.0 7.9196e-06
1148.1 7.9196e-06
1148.2 7.9196e-06
1148.3 7.9196e-06
1148.4 7.9196e-06
1148.5 7.9196e-06
1148.6 7.9196e-06
1148.7 7.9196e-06
1148.8 7.9196e-06
1148.9 7.9196e-06
1149.0 7.9196e-06
1149.1 7.9196e-06
1149.2 7.9196e-06
1149.3 7.9196e-06
1149.4 7.9196e-06
1149.5 7.9196e-06
1149.6 7.9196e-06
1149.7 7.9196e-06
1149.8 7.9196e-06
1149.9 7.9196e-06
1150.0 7.9196e-06
1150.1 7.9196e-06
1150.2 7.9196e-06
1150.3 7.9196e-06
1150.4 7.9196e-06
1150.5 7.9196e-06
1150.6 7.9196e-06
1150.7 7.9196e-06
1150.8 7.9196e-06
1150.9 7.9196e-06
1151.0 7.9196e-06
1151.1 7.9196e-06
1151.2 7.9196e-06
1151.3 7.9196e-06
1151.4 7.9196e-06
1151.5 7.9196e-06
1151.6 7.9196e-06
1151.7 7.9196e-06
1151.8 7.9196e-06
1151.9 7.9196e-06
1152.0 7.9196e-06
1152.1 7.9196e-06
1152.2 7.9196e-06
1152.3 7.9196e-06
1152.4 7.9196e-06
1152.5 7.9196e-06
1152.6 7.9196e-06
1152.7 7.9196e-06
1152.8 7.9196e-06
1152.9 7.9196e-06
1153.0 7.9196e-06
1153.1 7.9196e-06
1153.2 7.9196e-06
1153.3 7.9196e-06
1153.4 7.9196e-06
1153.5 7.9196e-06
1153.6 7.9196e-06
1153.7 7.9196e-06
1153.8 7.9196e-06
1153.9 7.9196e-06
1154.0 7.9196e-06
1154.1 7.9196e-06
1154.2 7.9196e-06
1154.3 7.9196e-06
1154.4 7.9196e-06
1154.5 7.9196e-06
1154.6 7.9196e-06
1154.7 7.9196e-06
1154.8 7.9196e-06
1154.9 7.9196e-06
1155.0 7.9196e-06
1155.1 7.9196e-06
1155.2 7.9196e-06
1155.3 7.9196e-06
1155.4 7.9196e-06
1155.5 7.9196e-06
1155.6 7.9196e-06
1155.7 7.9196e-06
1155.8 7.9196e-06
1155.9 7.9196e-06
1156.0 7.9196e-06
1156.1 7.9196e-06
1156.2 7.9196e-06
1156.3 7.9196e-06
1156.4 7.9196e-06
1156.5 7.9196e-06
1156.6 7.9196e-06
1156.7 7.9196e-06
1156.8 7.9196e-06
1156.9 7.9196e-06
1157.0 7.9196e-06
1157.1 7.9196e-06
1157.2 7.9196e-06
1157.3 7.9196e-06
1157.4 7.9196e-06
1157.5 7.9196e-06
1157.6 7.9196e-06
1157.7 7.9196e-06
1157.8 7.9196e-06
1157.9 7.9196e-06
1158.0 7.9196e-06
1158.1 7.9196e-06
1158.2 7.9196e-06
1158.3 7.9196e-06
1158.4 7.9196e-06
1158.5 7.9196e-06
1158.6 7.9196e-06
1158.7 7.9196e-06
1158.8 7.9196e-06
1158.9 7.9196e-06
1159.0 7.9196e-06
1159.1 7.9196e-06
1159.2 7.9196e-06
1159.3 7.9196e-06
1159.4 7.9196e-06
1159.5 7.9196e-06
1159.6 7.9196e-06
1159.7 7.9196e-06
1159.8 7.9196e-06
1159.9 7.9196e-06
1160.0 7.9196e-06
1160.1 7.9196e-06
1160.2 7.9196e-06
1160.3 7.9196e-06
1160.4 7.9196e-06
1160.5 7.9196e-06
1160.6 7.9196e-06
1160.7 7.9196e-06
1160.8 7.9196e-06
1160.9 7.9196e-06
1161.0 7.9196e-06
1161.1 7.9196e-06
1161.2 7.9196e-06
1161.3 7.9196e-06
1161.4 7.9196e-06
1161.5 7.9196e-06
1161.6 7.9196e-06
1161.7 7.9196e-06
1161.8 7.9196e-06
1161.9 7.9196e-06
1162.0 7.9196e-06
1162.1 7.9196e-06
1162.2 7.9196e-06
1162.3 7.9196e-06
1162.4 7.9196e-06
1162.5 7.9196e-06
1162.6 7.9196e-06
1162.7 7.9196e-06
1162.8 7.9196e-06
1162.9 7.9196e-06
1163.0 7.9196e-06
1163.1 7.9196e-06
1163.2 7.9196e-06
1163.3 7.9196e-06
1163.4 7.9196e-06
1163.5 7.9196e-06
1163.6 7.9196e-06
1163.7 7.9196e-06
1163.8 7.9196e-06
1163.9 7.9196e-06
1164.0 7.9196e-06
1164.1 7.9196e-06
1164.2 7.9196e-06
1164.3 7.9196e-06
1164.4 7.9196e-06
1164.5 7.9196e-06
1164.6 7.9196e-06
1164.7 7.9196e-06
1164.8 7.9196e-06
1164.9 7.9196e-06
1165.0 7.9196e-06
1165.1 7.9196e-06
1165.2 7.9196e-06
1165.3 7.9196e-06
1165.4 7.9196e-06
1165.5 7.9196e-06
1165.6 7.9196e-06
1165.7 7.9196e-06
1165.8 7.9196e-06
1165.9 7.9196e-06
1166.0 7.9196e-06
1166.1 7.9196e-06
1166.2 7.9196e-06
1166.3 7.9196e-06
1166.4 7.9196e-06
1166.5 7.9196e-06
1166.6 7.9196e-06
1166.7 7.9196e-06
1166.8 7.9196e-06
1166.9 7.9196e-06
1167.0 7.9196e-06
1167.1 7.9196e-06
1167.2 7.9196e-06
1167.3 7.9196e-06
1167.4 7.9196e-06
1167.5 7.9196e-06
1167.6 7.9196e-06
1167.7 7.9196e-06
1167.8 7.9196e-06
1167.9 7.9196e-06
1168.0 7.9196e-06
1168.1 7.9196e-06
1168.2 7.9196e-06
1168.3 7.9196e-06
1168.4 7.9196e-06
1168.5 7.9196e-06
1168.6 7.9196e-06
1168.7 7.9196e-06
1168.8 7.9196e-06
1168.9 7.9196e-06
1169.0 7.9196e-06
1169.1 7.9196e-06
1169.2 7.9196e-06
1169.3 7.9196e-06
1169.4 7.9196e-06
1169.5 7.9196e-06
1169.6 7.9196e-06
1169.7 7.9196e-06
1169.8 7.9196e-06
1169.9 7.9196e-06
1170.0 7.9196e-06
1170.1 7.9196e-06
1170.2 7.9196e-06
1170.3 7.9196e-06
1170.4 7.9196e-06
1170.5 7.9196e-06
1170.6 7.9196e-06
1170.7 7.9196e-06
1170.8 7.9196e-06
1170.9 7.9196e-06
1171.0 7.9196e-06
1171.1 7.9196e-06
1171.2 7.9196e-06
1171.3 7.9196e-06
1171.4 7.9196e-06
1171.5 7.9196e-06
1171.6 7.9196e-06
1171.7 7.9196e-06
1171.8 7.9196e-06
1171.9 7.9196e-06
1172.0 7.9196e-06
1172.1 7.9196e-06
1172.2 7.9196e-06
1172.3 7.9196e-06
1172.4 7.9196e-06
1172.5 7.9196e-06
1172.6 7.9196e-06
1172.7 7.9196e-06
1172.8 7.9196e-06
1172.9 7.9196e-06
1173.0 7.9196e-06
1173.1 7.9196e-06
1173.2 7.9196e-06
1173.3 7.9196e-06
1173.4 7.9196e-06
1173.5 7.9196e-06
1173.6 7.9196e-06
1173.7 7.9196e-06
1173.8 7.9196e-06
1173.9 7.9196e-06
1174.0 7.9196e-06
1174.1 7.9196e-06
1174.2 7.9196e-06
1174.3 7.9196e-06
1174.4 7.9196e-06
1174.5 7.9196e-06
1174.6 7.9196e-06
1174.7 7.9196e-06
1174.8 7.9196e-06
1174.9 7.9196e-06
1175.0 7.9196e-06
1175.1 7.9196e-06
1175.2 7.9196e-06
1175.3 7.9196e-06
1175.4 7.9196e-06
1175.5 7.9196e-06
1175.6 7.9196e-06
1175.7 7.9196e-06
1175.8 7.9196e-06
1175.9 7.9196e-06
1176.0 7.9196e-06
1176.1 7.9196e-06
1176.2 7.9196e-06
1176.3 7.9196e-06
1176.4 7.9196e-06
1176.5 7.9196e-06
1176.6 7.9196e-06
1176.7 7.9196e-06
1176.8 7.9196e-06
1176.9 7.9196e-06
1177.0 7.9196e-06
1177.1 7.9196e-06
1177.2 7.9196e-06
1177.3 7.9196e-06
1177.4 7.9196e-06
1177.5 7.9196e-06
1177.6 7.9196e-06
1177.7 7.9196e-06
1177.8 7.9196e-06
1177.9 7.9196e-06
1178.0 7.9196e-06
1178.1 7.9196e-06
1178.2 7.9196e-06
1178.3 7.9196e-06
1178.4 7.9196e-06
1178.5 7.9196e-06
1178.6 7.9196e-06
1178.7 7.9196e-06
1178.8 7.9196e-06
1178.9 7.9196e-06
1179.0 7.9196e-06
1179.1 7.9196e-06
1179.2 7.9196e-06
1179.3 7.9196e-06
1179.4 7.9196e-06
1179.5 7.9196e-06
1179.6 7.9196e-06
1179.7 7.9196e-06
1179.8 7.9196e-06
1179.9 7.9196e-06
1180.0 7.9196e-06
1180.1 7.9196e-06
1180.2 7.9196e-06
1180.3 7.9196e-06
1180.4 7.9196e-06
1180.5 7.9196e-06
1180.6 7.9196e-06
1180.7 7.9196e-06
1180.8 7.9196e-06
1180.9 7.9196e-06
1181.0 7.9196e-06
1181.1 7.9196e-06
1181.2 7.9196e-06
1181.3 7.9196e-06
1181.4 7.9196e-06
1181.5 7.9196e-06
1181.6 7.9196e-06
1181.7 7.9196e-06
1181.8 7.9196e-06
1181.9 7.9196e-06
1182.0 7.9196e-06
1182.1 7.9196e-06
1182.2 7.9196e-06
1182.3 7.9196e-06
1182.4 7.9196e-06
1182.5 7.9196e-06
1182.6 7.9196e-06
1182.7 7.9196e-06
1182.8 7.9196e-06
1182.9 7.9196e-06
1183.0 7.9196e-06
1183.1 7.9196e-06
1183.2 7.9196e-06
1183.3 7.9196e-06
1183.4 7.9196e-06
1183.5 7.9196e-06
1183.6 7.9196e-06
1183.7 7.9196e-06
1183.8 7.9196e-06
1183.9 7.9196e-06
1184.0 7.9196e-06
1184.1 7.9196e-06
1184.2 7.9196e-06
1184.3 7.9196e-06
1184.4 7.9196e-06
1184.5 7.9196e-06
1184.6 7.9196e-06
1184.7 7.9196e-06
1184.8 7.9196e-06
1184.9 7.9196e-06
1185.0 7.9196e-06
1185.1 7.9196e-06
1185.2 7.9196e-06
1185.3 7.9196e-06
1185.4 7.9196e-06
1185.5 7.9196e-06
1185.6 7.9196e-06
1185.7 7.9196e-06
1185.8 7.9196e-06
1185.9 7.9196e-06
1186.0 7.9196e-06
1186.1 7.9196e-06
1186.2 7.9196e-06
1186.3 7.9196e-06
1186.4 7.9196e-06
1186.5 7.9196e-06
1186.6 7.9196e-06
1186.7 7.9196e-06
1186.8 7.9196e-06
1186.9 7.9196e-06
1187.0 7.9196e-06
1187.1 7.9196e-06
1187.2 7.9196e-06
1187.3 7.9196e-06
1187.4 7.9196e-06
1187.5 7.9196e-06
1187.6 7.9196e-06
1187.7 7.9196e-06
1187.8 7.9196e-06
1187.9 7.9196e-06
1188.0 7.9196e-06
1188.1 7.9196e-06
1188.2 7.9196e-06
1188.3 7.9196e-06
1188.4 7.9196e-06
1188.5 7.9196e-06
1188.6 7.9196e-06
1188.7 7.9196e-06
1188.8 7.9196e-06
1188.9 7.9196e-06
1189.0 7.9196e-06
1189.1 7.9196e-06
1189.2 7.9196e-06
1189.3 7.9196e-06
1189.4 7.9196e-06
1189.5 7.9196e-06
1189.6 7.9196e-06
1189.7 7.9196e-06
1189.8 7.9196e-06
1189.9 7.9196e-06
1190.0 7.9196e-06
1190.1 7.9196e-06
1190.2 7.9196e-06
1190.3 7.9196e-06
1190.4 7.9196e-06
1190.5 7.9196e-06
1190.6 7.9196e-06
1190.7 7.9196e-06
1190.8 7.9196e-06
1190.9 7.9196e-06
1191.0 7.9196e-06
1191.1 7.9196e-06
1191.2 7.9196e-06
1191.3 7.9196e-06
1191.4 7.9196e-06
1191.5 7.9196e-06
1191.6 7.9196e-06
1191.7 7.9196e-06
1191.8 7.9196e-06
1191.9 7.9196e-06
1192.0 7.9196e-06
1192.1 7.9196e-06
1192.2 7.9196e-06
1192.3 7.9196e-06
1192.4 7.9196e-06
1192.5 7.9196e-06
1192.6 7.9196e-06
1192.7 7.9196e-06
1192.8 7.9196e-06
1192.9 7.9196e-06
1193.0 7.9196e-06
1193.1 7.9196e-06
1193.2 7.9196e-06
1193.3 7.9196e-06
1193.4 7.9196e-06
1193.5 7.9196e-06
1193.6 7.9196e-06
1193.7 7.9196e-06
1193.8 7.9196e-06
1193.9 7.9196e-06
1194.0 7.9196e-06
1194.1 7.9196e-06
1194.2 7.9196e-06
1194.3 7.9196e-06
1194.4 7.9196e-06
1194.5 7.9196e-06
1194.6 7.9196e-06
1194.7 7.9196e-06
1194.8 7.9196e-06
1194.9 7.9196e-06
1195.0 7.9196e-06
1195.1 7.9196e-06
1195.2 7.9196e-06
1195.3 7.9196e-06
1195.4 7.9196e-06
1195.5 7.9196e-06
1195.6 7.9196e-06
1195.7 7.9196e-06
1195.8 7.9196e-06
1195.9 7.9196e-06
1196.0 7.9196e-06
1196.1 7.9196e-06
1196.2 7.9196e-06
1196.3 7.9196e-06
1196.4 7.9196e-06
1196.5 7.9196e-06
1196.6 7.9196e-06
1196.7 7.9196e-06
1196.8 7.9196e-06
1196.9 7.9196e-06
1197.0 7.9196e-06
1197.1 7.9196e-06
1197.2 7.9196e-06
1197.3 7.9196e-06
1197.4 7.9196e-06
1197.5 7.9196e-06
1197.6 7.9196e-06
1197.7 7.9196e-06
1197.8 7.9196e-06
1197.9 7.9196e-06
1198.0 7.9196e-06
1198.1 7.9196e-06
1198.2 7.9196e-06
1198.3 7.9196e-06
1198.4 7.9196e-06
1198.5 7.9196e-06
1198.6 7.9196e-06
1198.7 7.9196e-06
1198.8 7.9196e-06
1198.9 7.9196e-06
1199.0 7.9196e-06
1199.1 7.9196e-06
1199.2 7.9196e-06
1199.3 7.9196e-06
1199.4 7.9196e-06
1199.5 7.9196e-06
1199.6 7.9196e-06
1199.7 7.9196e-06
1199.8 7.9196e-06
1199.9 7.9196e-06
