# author: uvex_response
# source: materion
# date_created: 2026-09-24
# status: model
# wavelength_unit: nm

wavelength    transmission
100.0 0
100.1 0
100.2 0
100.3 0
100.4 0
100.5 0
100.6 0
100.7 0
100.8 0
100.9 0
101.0 0
101.1 0
101.2 0
101.3 0
101.4 0
101.5 0
101.6 0
101.7 0
101.8 0
101.9 0
102.0 0
102.1 0
102.2 0
102.3 0
102.4 0
102.5 0
102.6 0
102.7 0
102.8 0
102.9 0
103.0 0
103.1 0
103.2 0
103.3 0
103.4 0
103.5 0
103.6 0
103.7 0
103.8 0
103.9 0
104.0 0
104.1 0
104.2 0
104.3 0
104.4 0
104.5 0
104.6 0
104.7 0
104.8 0
104.9 0
105.0 0
105.1 0
105.2 0
105.3 0
105.4 0
105.5 0
105.6 0
105.7 0
105.8 0
105.9 0
106.0 0
106.1 0
106.2 0
106.3 0
106.4 0
106.5 0
106.6 0
106.7 0
106.8 0
106.9 0
107.0 0
107.1 0
107.2 0
107.3 0
107.4 0
107.5 0
107.6 0
107.7 0
107.8 0
107.9 0
108.0 0
108.1 0
108.2 0
108.3 0
108.4 0
108.5 0
108.6 0
108.7 0
108.8 0
108.9 0
109.0 0
109.1 0
109.2 0
109.3 0
109.4 0
109.5 0
109.6 0
109.7 0
109.8 0
109.9 0
110.0 0
110.1 0
110.2 0
110.3 0
110.4 0
110.5 0
110.6 0
110.7 0
110.8 0
110.9 0
111.0 0
111.1 0
111.2 0
111.3 0
111.4 0
111.5 0
111.6 0
111.7 0
111.8 0
111.9 0
112.0 0
112.1 0
112.2 0
112.3 0
112.4 0
112.5 0
112.6 0
112.7 0
112.8 0
112.9 0
113.0 0
113.1 0
113.2 0
113.3 0
113.4 0
113.5 0
113.6 0
113.7 0
113.8 0
113.9 0
114.0 0
114.1 0
114.2 0
114.3 0
114.4 0
114.5 0
114.6 0
114.7 0
114.8 0
114.9 0
115.0 0
115.1 0
115.2 0
115.3 0
115.4 0
115.5 0
115.6 0
115.7 0
115.8 0
115.9 0
116.0 0
116.1 0
116.2 0
116.3 0
116.4 0
116.5 0
116.6 0
116.7 0
116.8 0
116.9 0
117.0 0
117.1 0
117.2 0
117.3 0
117.4 0
117.5 0
117.6 0
117.7 0
117.8 0
117.9 0
118.0 0
118.1 0
118.2 0
118.3 0
118.4 0
118.5 0
118.6 0
118.7 0
118.8 0
118.9 0
119.0 0
119.1 0
119.2 0
119.3 0
119.4 0
119.5 0
119.6 0
119.7 0
119.8 0
119.9 0
120.0 0
120.1 0
120.2 0
120.3 0
120.4 0
120.5 0
120.6 0
120.7 0
120.8 0
120.9 0
121.0 0
121.1 0
121.2 0
121.3 0
121.4 0
121.5 0
121.6 0
121.7 0
121.8 0
121.9 0
122.0 0
122.1 0
122.2 0
122.3 0
122.4 0
122.5 0
122.6 0
122.7 0
122.8 0
122.9 0
123.0 0
123.1 0
123.2 0
123.3 0
123.4 0
123.5 0
123.6 0
123.7 0
123.8 0
123.9 0
124.0 0
124.1 0
124.2 0
124.3 0
124.4 0
124.5 0
124.6 0
124.7 0
124.8 0
124.9 0
125.0 0
125.1 0
125.2 0
125.3 0
125.4 0
125.5 0
125.6 0
125.7 0
125.8 0
125.9 0
126.0 0
126.1 0
126.2 0
126.3 0
126.4 0
126.5 0
126.6 0
126.7 0
126.8 0
126.9 0
127.0 0
127.1 0
127.2 0
127.3 0
127.4 0
127.5 0
127.6 0
127.7 0
127.8 0
127.9 0
128.0 0
128.1 0
128.2 0
128.3 0
128.4 0
128.5 0
128.6 0
128.7 0
128.8 0
128.9 0
129.0 0
129.1 0
129.2 0
129.3 0
129.4 0
129.5 0
129.6 0
129.7 0
129.8 0
129.9 0
130.0 0
130.1 0
130.2 0
130.3 0
130.4 0
130.5 0
130.6 0
130.7 0
130.8 0
130.9 0
131.0 0
131.1 0
131.2 0
131.3 0
131.4 0
131.5 0
131.6 0
131.7 0
131.8 0
131.9 0
132.0 0
132.1 0
132.2 0
132.3 0
132.4 0
132.5 0
132.6 0
132.7 0
132.8 0
132.9 0
133.0 0
133.1 0
133.2 0
133.3 0
133.4 0
133.5 0
133.6 0
133.7 0
133.8 0
133.9 0
134.0 0
134.1 0
134.2 0
134.3 0
134.4 0
134.5 0
134.6 0
134.7 0
134.8 0
134.9 0
135.0 0
135.1 0
135.2 0
135.3 0
135.4 0
135.5 0
135.6 0
135.7 0
135.8 0
135.9 0
136.0 0
136.1 0
136.2 0
136.3 0
136.4 0
136.5 0
136.6 0
136.7 0
136.8 0
136.9 0
137.0 0
137.1 0
137.2 0
137.3 0
137.4 0
137.5 0
137.6 0
137.7 0
137.8 0
137.9 0
138.0 0
138.1 0
138.2 0
138.3 0
138.4 0
138.5 0
138.6 0
138.7 0
138.8 0
138.9 0
139.0 0
139.1 0
139.2 0
139.3 0
139.4 0
139.5 0
139.6 0
139.7 0
139.8 0
139.9 0
140.0 0
140.1 0
140.2 0
140.3 0
140.4 0
140.5 0
140.6 0
140.7 0
140.8 0
140.9 0
141.0 0
141.1 0
141.2 0
141.3 0
141.4 0
141.5 0
141.6 0
141.7 0
141.8 0
141.9 0
142.0 0
142.1 0
142.2 0
142.3 0
142.4 0
142.5 0
142.6 0
142.7 0
142.8 0
142.9 0
143.0 0
143.1 0
143.2 0
143.3 0
143.4 0
143.5 0
143.6 0
143.7 0
143.8 0
143.9 0
144.0 0
144.1 0
144.2 0
144.3 0
144.4 0
144.5 0
144.6 0
144.7 0
144.8 0
144.9 0
145.0 0
145.1 0
145.2 0
145.3 0
145.4 0
145.5 0
145.6 0
145.7 0
145.8 0
145.9 0
146.0 0
146.1 0
146.2 0
146.3 0
146.4 0
146.5 0
146.6 0
146.7 0
146.8 0
146.9 0
147.0 0
147.1 0
147.2 0
147.3 0
147.4 0
147.5 0
147.6 0
147.7 0
147.8 0
147.9 0
148.0 0
148.1 0
148.2 0
148.3 0
148.4 0
148.5 0
148.6 0
148.7 0
148.8 0
148.9 0
149.0 0
149.1 0
149.2 0
149.3 0
149.4 0
149.5 0
149.6 0
149.7 0
149.8 0
149.9 0
150.0 0
150.1 0
150.2 0
150.3 0
150.4 0
150.5 0
150.6 0
150.7 0
150.8 0
150.9 0
151.0 0
151.1 0
151.2 0
151.3 0
151.4 0
151.5 0
151.6 0
151.7 0
151.8 0
151.9 0
152.0 0
152.1 0
152.2 0
152.3 0
152.4 0
152.5 0
152.6 0
152.7 0
152.8 0
152.9 0
153.0 0
153.1 0
153.2 0
153.3 0
153.4 0
153.5 0
153.6 0
153.7 0
153.8 0
153.9 0
154.0 0
154.1 0
154.2 0
154.3 0
154.4 0
154.5 0
154.6 0
154.7 0
154.8 0
154.9 0
155.0 0
155.1 0
155.2 0
155.3 0
155.4 0
155.5 0
155.6 0
155.7 0
155.8 0
155.9 0
156.0 0
156.1 0
156.2 0
156.3 0
156.4 0
156.5 0
156.6 0
156.7 0
156.8 0
156.9 0
157.0 0
157.1 0
157.2 0
157.3 0
157.4 0
157.5 0
157.6 0
157.7 0
157.8 0
157.9 0
158.0 0
158.1 0
158.2 0
158.3 0
158.4 0
158.5 0
158.6 0
158.7 0
158.8 0
158.9 0
159.0 0
159.1 0
159.2 0
159.3 0
159.4 0
159.5 0
159.6 0
159.7 0
159.8 0
159.9 0
160.0 0
160.1 0
160.2 0
160.3 0
160.4 0
160.5 0
160.6 0
160.7 0
160.8 0
160.9 0
161.0 0
161.1 0
161.2 0
161.3 0
161.4 0
161.5 0
161.6 0
161.7 0
161.8 0
161.9 0
162.0 0
162.1 0
162.2 0
162.3 0
162.4 0
162.5 0
162.6 0
162.7 0
162.8 0
162.9 0
163.0 0
163.1 0
163.2 0
163.3 0
163.4 0
163.5 0
163.6 0
163.7 0
163.8 0
163.9 0
164.0 0
164.1 0
164.2 0
164.3 0
164.4 0
164.5 0
164.6 0
164.7 0
164.8 0
164.9 0
165.0 0
165.1 0
165.2 0
165.3 0
165.4 0
165.5 0
165.6 0
165.7 0
165.8 0
165.9 0
166.0 0
166.1 0
166.2 0
166.3 0
166.4 0
166.5 0
166.6 0
166.7 0
166.8 0
166.9 0
167.0 0
167.1 0
167.2 0
167.3 0
167.4 0
167.5 0
167.6 0
167.7 0
167.8 0
167.9 0
168.0 0
168.1 0
168.2 0
168.3 0
168.4 0
168.5 0
168.6 0
168.7 0
168.8 0
168.9 0
169.0 1.49274e-17
169.1 6.57892e-05
169.2 0.000131854
169.3 0.000198194
169.4 0.000264809
169.5 0.000331699
169.6 0.000398865
169.7 0.000466306
169.8 0.000534022
169.9 0.000602014
170.0 0.000670281
170.1 0.000669033
170.2 0.000667774
170.3 0.000666505
170.4 0.000665224
170.5 0.000663933
170.6 0.00066263
170.7 0.000661317
170.8 0.000659993
170.9 0.000658657
171.0 0.000657311
171.1 0.000656122
171.2 0.000654922
171.3 0.00065371
171.4 0.000652487
171.5 0.000651253
171.6 0.000650007
171.7 0.00064875
171.8 0.000647482
171.9 0.000646202
172.0 0.000644911
172.1 0.000643684
172.2 0.000642446
172.3 0.000641197
172.4 0.000639936
172.5 0.000638665
172.6 0.000637382
172.7 0.000636088
172.8 0.000634783
172.9 0.000633466
173.0 0.000632139
173.1 0.000631338
173.2 0.000630528
173.3 0.000629709
173.4 0.000628882
173.5 0.000628045
173.6 0.000627199
173.7 0.000626344
173.8 0.00062548
173.9 0.000624606
174.0 0.000623724
174.1 0.000623666
174.2 0.000623602
174.3 0.000623532
174.4 0.000623456
174.5 0.000623375
174.6 0.000623288
174.7 0.000623195
174.8 0.000623097
174.9 0.000622993
175.0 0.000622883
175.1 0.000623761
175.2 0.000624636
175.3 0.000625511
175.4 0.000626383
175.5 0.000627254
175.6 0.000628123
175.7 0.00062899
175.8 0.000629856
175.9 0.00063072
176.0 0.000631583
176.1 0.000633531
176.2 0.000635483
176.3 0.000637437
176.4 0.000639394
176.5 0.000641353
176.6 0.000643316
176.7 0.00064528
176.8 0.000647248
176.9 0.000649218
177.0 0.000651191
177.1 0.000654269
177.2 0.000657355
177.3 0.000660447
177.4 0.000663547
177.5 0.000666654
177.6 0.000669768
177.7 0.000672889
177.8 0.000676017
177.9 0.000679152
178.0 0.000682295
178.1 0.000686667
178.2 0.00069105
178.3 0.000695446
178.4 0.000699854
178.5 0.000704275
178.6 0.000708708
178.7 0.000713153
178.8 0.00071761
178.9 0.000722079
179.0 0.000726561
179.1 0.00073237
179.2 0.000738197
179.3 0.000744042
179.4 0.000749904
179.5 0.000755784
179.6 0.000761681
179.7 0.000767597
179.8 0.00077353
179.9 0.00077948
180.0 0.000785449
180.1 0.00079278
180.2 0.000800135
180.3 0.000807513
180.4 0.000814914
180.5 0.000822338
180.6 0.000829785
180.7 0.000837256
180.8 0.00084475
180.9 0.000852267
181.0 0.000859807
181.1 0.000868882
181.2 0.000877985
181.3 0.000887118
181.4 0.000896281
181.5 0.000905473
181.6 0.000914694
181.7 0.000923945
181.8 0.000933225
181.9 0.000942534
182.0 0.000951873
182.1 0.000962889
182.2 0.000973941
182.3 0.00098503
182.4 0.000996154
182.5 0.00100731
182.6 0.00101851
182.7 0.00102974
182.8 0.00104101
182.9 0.00105232
183.0 0.00106366
183.1 0.0010768
183.2 0.00108998
183.3 0.00110321
183.4 0.00111648
183.5 0.0011298
183.6 0.00114316
183.7 0.00115656
183.8 0.00117001
183.9 0.0011835
184.0 0.00119703
184.1 0.00121247
184.2 0.00122797
184.3 0.00124352
184.4 0.00125912
184.5 0.00127478
184.6 0.00129049
184.7 0.00130625
184.8 0.00132206
184.9 0.00133792
185.0 0.00135384
185.1 0.00137194
185.2 0.0013901
185.3 0.00140832
185.4 0.0014266
185.5 0.00144494
185.6 0.00146334
185.7 0.0014818
185.8 0.00150033
185.9 0.00151891
186.0 0.00153756
186.1 0.00155861
186.2 0.00157974
186.3 0.00160093
186.4 0.00162219
186.5 0.00164353
186.6 0.00166493
186.7 0.00168641
186.8 0.00170795
186.9 0.00172957
187.0 0.00175125
187.1 0.00177563
187.2 0.00180009
187.3 0.00182462
187.4 0.00184924
187.5 0.00187394
187.6 0.00189872
187.7 0.00192358
187.8 0.00194852
187.9 0.00197354
188.0 0.00199864
188.1 0.00202679
188.2 0.00205503
188.3 0.00208337
188.4 0.00211179
188.5 0.00214031
188.6 0.00216892
188.7 0.00219762
188.8 0.00222642
188.9 0.0022553
189.0 0.00228428
189.1 0.00231677
189.2 0.00234936
189.3 0.00238206
189.4 0.00241487
189.5 0.00244778
189.6 0.00248079
189.7 0.00251391
189.8 0.00254714
189.9 0.00258047
190.0 0.00261391
190.1 0.0026661
190.2 0.00271878
190.3 0.00277196
190.4 0.00282563
190.5 0.0028798
190.6 0.00293446
190.7 0.00298962
190.8 0.00304527
190.9 0.00310141
191.0 0.00315805
191.1 0.00322093
191.2 0.0032844
191.3 0.00334846
191.4 0.00341311
191.5 0.00347834
191.6 0.00354417
191.7 0.00361058
191.8 0.00367759
191.9 0.00374518
192.0 0.00381337
192.1 0.00388928
192.2 0.00396589
192.3 0.00404321
192.4 0.00412123
192.5 0.00419996
192.6 0.00427939
192.7 0.00435953
192.8 0.00444037
192.9 0.00452191
193.0 0.00460416
193.1 0.00469599
193.2 0.00478867
193.3 0.00488219
193.4 0.00497656
193.5 0.00507176
193.6 0.00516781
193.7 0.00526471
193.8 0.00536245
193.9 0.00546103
194.0 0.00556045
194.1 0.00567188
194.2 0.00578432
194.3 0.00589778
194.4 0.00601224
194.5 0.00612772
194.6 0.00624421
194.7 0.00636171
194.8 0.00648023
194.9 0.00659975
195.0 0.00672029
195.1 0.00685605
195.2 0.00699303
195.3 0.00713123
195.4 0.00727064
195.5 0.00741128
195.6 0.00755313
195.7 0.0076962
195.8 0.00784049
195.9 0.00798601
196.0 0.00813273
196.1 0.00829897
196.2 0.00846668
196.3 0.00863586
196.4 0.00880652
196.5 0.00897865
196.6 0.00915225
196.7 0.00932733
196.8 0.00950389
196.9 0.00968192
197.0 0.00986142
197.1 0.0100662
197.2 0.0102728
197.3 0.0104812
197.4 0.0106914
197.5 0.0109033
197.6 0.0111171
197.7 0.0113327
197.8 0.01155
197.9 0.0117691
198.0 0.0119901
198.1 0.0122451
198.2 0.0125024
198.3 0.0127619
198.4 0.0130237
198.5 0.0132876
198.6 0.0135537
198.7 0.013822
198.8 0.0140926
198.9 0.0143653
199.0 0.0146403
199.1 0.0149599
199.2 0.0152822
199.3 0.0156073
199.4 0.015935
199.5 0.0162655
199.6 0.0165988
199.7 0.0169347
199.8 0.0172734
199.9 0.0176148
200.0 0.0179589
200.1 0.0183421
200.2 0.0187283
200.3 0.0191178
200.4 0.0195103
200.5 0.019906
200.6 0.0203049
200.7 0.0207069
200.8 0.021112
200.9 0.0215203
201.0 0.0219318
201.1 0.0224117
201.2 0.0228954
201.3 0.023383
201.4 0.0238744
201.5 0.0243696
201.6 0.0248687
201.7 0.0253716
201.8 0.0258784
201.9 0.026389
202.0 0.0269035
202.1 0.0275084
202.2 0.028118
202.3 0.0287323
202.4 0.0293514
202.5 0.0299751
202.6 0.0306035
202.7 0.0312366
202.8 0.0318744
202.9 0.032517
203.0 0.0331642
203.1 0.0339309
203.2 0.0347033
203.3 0.0354815
203.4 0.0362654
203.5 0.0370551
203.6 0.0378505
203.7 0.0386517
203.8 0.0394587
203.9 0.0402714
204.0 0.0410899
204.1 0.0420651
204.2 0.0430473
204.3 0.0440366
204.4 0.0450328
204.5 0.0460362
204.6 0.0470465
204.7 0.0480639
204.8 0.0490883
204.9 0.0501198
205.0 0.0511583
205.1 0.0523997
205.2 0.0536496
205.3 0.0549081
205.4 0.0561752
205.5 0.0574508
205.6 0.0587349
205.7 0.0600276
205.8 0.0613289
205.9 0.0626387
206.0 0.0639571
206.1 0.0655352
206.2 0.0671237
206.3 0.0687226
206.4 0.0703319
206.5 0.0719516
206.6 0.0735818
206.7 0.0752223
206.8 0.0768732
206.9 0.0785346
207.0 0.0802063
207.1 0.0821959
207.2 0.0841981
207.3 0.0862127
207.4 0.0882399
207.5 0.0902796
207.6 0.0923318
207.7 0.0943965
207.8 0.0964738
207.9 0.0985636
208.0 0.100666
208.1 0.103113
208.2 0.105575
208.3 0.10805
208.4 0.110539
208.5 0.113043
208.6 0.11556
208.7 0.118092
208.8 0.120637
208.9 0.123197
209.0 0.12577
209.1 0.12872
209.2 0.131686
209.3 0.134667
209.4 0.137665
209.5 0.140679
209.6 0.143709
209.7 0.146755
209.8 0.149817
209.9 0.152896
210.0 0.15599
210.1 0.159386
210.2 0.162798
210.3 0.166228
210.4 0.169674
210.5 0.173136
210.6 0.176616
210.7 0.180112
210.8 0.183625
210.9 0.187154
211.0 0.190701
211.1 0.194434
211.2 0.198183
211.3 0.20195
211.4 0.205734
211.5 0.209535
211.6 0.213352
211.7 0.217187
211.8 0.221039
211.9 0.224907
212.0 0.228793
212.1 0.23264
212.2 0.236503
212.3 0.240382
212.4 0.244275
212.5 0.248184
212.6 0.252109
212.7 0.256048
212.8 0.260004
212.9 0.263974
213.0 0.26796
213.1 0.271703
213.2 0.27546
213.3 0.279229
213.4 0.283013
213.5 0.286809
213.6 0.290619
213.7 0.294442
213.8 0.298279
213.9 0.302129
214.0 0.305992
214.1 0.309426
214.2 0.31287
214.3 0.316325
214.4 0.319791
214.5 0.323268
214.6 0.326756
214.7 0.330254
214.8 0.333764
214.9 0.337284
215.0 0.340815
215.1 0.343794
215.2 0.346781
215.3 0.349777
215.4 0.352781
215.5 0.355794
215.6 0.358814
215.7 0.361844
215.8 0.364882
215.9 0.367928
216.0 0.370982
216.1 0.37334
216.2 0.375704
216.3 0.378072
216.4 0.380446
216.5 0.382826
216.6 0.38521
216.7 0.3876
216.8 0.389995
216.9 0.392395
217.0 0.394801
217.1 0.396559
217.2 0.398321
217.3 0.400086
217.4 0.401854
217.5 0.403625
217.6 0.4054
217.7 0.407177
217.8 0.408958
217.9 0.410741
218.0 0.412528
218.1 0.413767
218.2 0.415007
218.3 0.416249
218.4 0.417492
218.5 0.418738
218.6 0.419985
218.7 0.421234
218.8 0.422485
218.9 0.423737
219.0 0.424991
219.1 0.425771
219.2 0.426551
219.3 0.427332
219.4 0.428114
219.5 0.428897
219.6 0.42968
219.7 0.430464
219.8 0.431248
219.9 0.432034
220.0 0.43282
220.1 0.43319
220.2 0.43356
220.3 0.43393
220.4 0.4343
220.5 0.43467
220.6 0.43504
220.7 0.435411
220.8 0.435781
220.9 0.436152
221.0 0.436522
221.1 0.436659
221.2 0.436796
221.3 0.436933
221.4 0.43707
221.5 0.437206
221.6 0.437342
221.7 0.437478
221.8 0.437613
221.9 0.437748
222.0 0.437883
222.1 0.437817
222.2 0.43775
222.3 0.437682
222.4 0.437614
222.5 0.437546
222.6 0.437478
222.7 0.437409
222.8 0.43734
222.9 0.43727
223.0 0.4372
223.1 0.43704
223.2 0.43688
223.3 0.436719
223.4 0.436558
223.5 0.436397
223.6 0.436235
223.7 0.436073
223.8 0.43591
223.9 0.435747
224.0 0.435583
224.1 0.435323
224.2 0.435063
224.3 0.434802
224.4 0.434541
224.5 0.434279
224.6 0.434017
224.7 0.433755
224.8 0.433492
224.9 0.433229
225.0 0.432966
225.1 0.432587
225.2 0.432207
225.3 0.431827
225.4 0.431447
225.5 0.431067
225.6 0.430687
225.7 0.430306
225.8 0.429924
225.9 0.429543
226.0 0.429161
226.1 0.428741
226.2 0.42832
226.3 0.427899
226.4 0.427477
226.5 0.427056
226.6 0.426634
226.7 0.426211
226.8 0.425788
226.9 0.425365
227.0 0.424941
227.1 0.424453
227.2 0.423965
227.3 0.423476
227.4 0.422986
227.5 0.422497
227.6 0.422007
227.7 0.421517
227.8 0.421027
227.9 0.420536
228.0 0.420045
228.1 0.419529
228.2 0.419013
228.3 0.418497
228.4 0.41798
228.5 0.417463
228.6 0.416945
228.7 0.416427
228.8 0.415909
228.9 0.415391
229.0 0.414872
229.1 0.414314
229.2 0.413756
229.3 0.413197
229.4 0.412639
229.5 0.412079
229.6 0.41152
229.7 0.41096
229.8 0.4104
229.9 0.409839
230.0 0.409278
230.1 0.408681
230.2 0.408084
230.3 0.407486
230.4 0.406888
230.5 0.40629
230.6 0.405691
230.7 0.405092
230.8 0.404493
230.9 0.403893
231.0 0.403293
231.1 0.402626
231.2 0.40196
231.3 0.401293
231.4 0.400626
231.5 0.399959
231.6 0.399291
231.7 0.398624
231.8 0.397956
231.9 0.397288
232.0 0.396619
232.1 0.395899
232.2 0.395178
232.3 0.394458
232.4 0.393737
232.5 0.393017
232.6 0.392296
232.7 0.391575
232.8 0.390854
232.9 0.390133
233.0 0.389411
233.1 0.38863
233.2 0.387848
233.3 0.387067
233.4 0.386285
233.5 0.385504
233.6 0.384722
233.7 0.383941
233.8 0.38316
233.9 0.382379
234.0 0.381598
234.1 0.380744
234.2 0.379892
234.3 0.379039
234.4 0.378187
234.5 0.377335
234.6 0.376483
234.7 0.375632
234.8 0.374781
234.9 0.37393
235.0 0.37308
235.1 0.372167
235.2 0.371255
235.3 0.370343
235.4 0.369432
235.5 0.368521
235.6 0.367611
235.7 0.366701
235.8 0.365793
235.9 0.364884
236.0 0.363977
236.1 0.363036
236.2 0.362096
236.3 0.361157
236.4 0.360218
236.5 0.359281
236.6 0.358344
236.7 0.357408
236.8 0.356472
236.9 0.355538
237.0 0.354604
237.1 0.35363
237.2 0.352656
237.3 0.351684
237.4 0.350713
237.5 0.349742
237.6 0.348772
237.7 0.347804
237.8 0.346836
237.9 0.34587
238.0 0.344904
238.1 0.343903
238.2 0.342903
238.3 0.341904
238.4 0.340906
238.5 0.33991
238.6 0.338914
238.7 0.33792
238.8 0.336926
238.9 0.335934
239.0 0.334943
239.1 0.333921
239.2 0.3329
239.3 0.331881
239.4 0.330862
239.5 0.329845
239.6 0.32883
239.7 0.327815
239.8 0.326802
239.9 0.32579
240.0 0.324779
240.1 0.323753
240.2 0.322729
240.3 0.321706
240.4 0.320684
240.5 0.319663
240.6 0.318644
240.7 0.317626
240.8 0.31661
240.9 0.315595
241.0 0.314581
241.1 0.31353
241.2 0.312481
241.3 0.311433
241.4 0.310387
241.5 0.309343
241.6 0.308299
241.7 0.307258
241.8 0.306218
241.9 0.305179
242.0 0.304142
242.1 0.303086
242.2 0.302031
242.3 0.300978
242.4 0.299926
242.5 0.298876
242.6 0.297828
242.7 0.296781
242.8 0.295736
242.9 0.294692
243.0 0.29365
243.1 0.292621
243.2 0.291593
243.3 0.290566
243.4 0.289541
243.5 0.288518
243.6 0.287496
243.7 0.286475
243.8 0.285457
243.9 0.284439
244.0 0.283424
244.1 0.282367
244.2 0.281312
244.3 0.280259
244.4 0.279207
244.5 0.278158
244.6 0.27711
244.7 0.276064
244.8 0.275019
244.9 0.273976
245.0 0.272936
245.1 0.271906
245.2 0.270878
245.3 0.269852
245.4 0.268828
245.5 0.267806
245.6 0.266785
245.7 0.265765
245.8 0.264748
245.9 0.263732
246.0 0.262718
246.1 0.261704
246.2 0.260692
246.3 0.259682
246.4 0.258673
246.5 0.257666
246.6 0.256661
246.7 0.255658
246.8 0.254656
246.9 0.253656
247.0 0.252658
247.1 0.251644
247.2 0.250632
247.3 0.249623
247.4 0.248615
247.5 0.247608
247.6 0.246604
247.7 0.245601
247.8 0.244601
247.9 0.243602
248.0 0.242605
248.1 0.241627
248.2 0.24065
248.3 0.239675
248.4 0.238703
248.5 0.237731
248.6 0.236762
248.7 0.235794
248.8 0.234828
248.9 0.233864
249.0 0.232901
249.1 0.231936
249.2 0.230973
249.3 0.230012
249.4 0.229052
249.5 0.228094
249.6 0.227138
249.7 0.226184
249.8 0.225231
249.9 0.22428
250.0 0.223331
250.1 0.222361
250.2 0.221392
250.3 0.220425
250.4 0.21946
250.5 0.218497
250.6 0.217536
250.7 0.216577
250.8 0.21562
250.9 0.214664
251.0 0.213711
251.1 0.212765
251.2 0.211821
251.3 0.210878
251.4 0.209938
251.5 0.208999
251.6 0.208062
251.7 0.207128
251.8 0.206195
251.9 0.205263
252.0 0.204334
252.1 0.203393
252.2 0.202454
252.3 0.201517
252.4 0.200582
252.5 0.199649
252.6 0.198718
252.7 0.197789
252.8 0.196862
252.9 0.195936
253.0 0.195013
253.1 0.194123
253.2 0.193234
253.3 0.192348
253.4 0.191463
253.5 0.19058
253.6 0.189698
253.7 0.188818
253.8 0.18794
253.9 0.187064
254.0 0.186189
254.1 0.185264
254.2 0.18434
254.3 0.183419
254.4 0.182499
254.5 0.181582
254.6 0.180667
254.7 0.179753
254.8 0.178842
254.9 0.177933
255.0 0.177025
255.1 0.176131
255.2 0.175238
255.3 0.174348
255.4 0.173459
255.5 0.172572
255.6 0.171687
255.7 0.170804
255.8 0.169923
255.9 0.169044
256.0 0.168167
256.1 0.16727
256.2 0.166375
256.3 0.165482
256.4 0.164591
256.5 0.163703
256.6 0.162816
256.7 0.161931
256.8 0.161048
256.9 0.160168
257.0 0.159289
257.1 0.158406
257.2 0.157524
257.3 0.156645
257.4 0.155767
257.5 0.154892
257.6 0.154018
257.7 0.153147
257.8 0.152277
257.9 0.15141
258.0 0.150545
258.1 0.149672
258.2 0.148801
258.3 0.147933
258.4 0.147066
258.5 0.146202
258.6 0.145339
258.7 0.144479
258.8 0.14362
258.9 0.142764
259.0 0.14191
259.1 0.141045
259.2 0.140183
259.3 0.139323
259.4 0.138465
259.5 0.137609
259.6 0.136755
259.7 0.135904
259.8 0.135054
259.9 0.134206
260.0 0.133361
260.1 0.132512
260.2 0.131666
260.3 0.130821
260.4 0.129979
260.5 0.129139
260.6 0.128301
260.7 0.127465
260.8 0.126631
260.9 0.125799
261.0 0.124969
261.1 0.12412
261.2 0.123273
261.3 0.122428
261.4 0.121585
261.5 0.120745
261.6 0.119906
261.7 0.11907
261.8 0.118236
261.9 0.117404
262.0 0.116574
262.1 0.115747
262.2 0.114922
262.3 0.114099
262.4 0.113278
262.5 0.11246
262.6 0.111643
262.7 0.110829
262.8 0.110016
262.9 0.109206
263.0 0.108398
263.1 0.107589
263.2 0.106781
263.3 0.105975
263.4 0.105172
263.5 0.104371
263.6 0.103572
263.7 0.102776
263.8 0.101981
263.9 0.101189
264.0 0.100399
264.1 0.0996121
264.2 0.0988279
264.3 0.0980459
264.4 0.0972661
264.5 0.0964884
264.6 0.0957129
264.7 0.0949396
264.8 0.0941685
264.9 0.0933996
265.0 0.0926328
265.1 0.0918886
265.2 0.0911464
265.3 0.0904061
265.4 0.0896679
265.5 0.0889315
265.6 0.0881972
265.7 0.0874648
265.8 0.0867344
265.9 0.086006
266.0 0.0852795
266.1 0.0845604
266.2 0.0838433
266.3 0.0831282
266.4 0.082415
266.5 0.0817039
266.6 0.0809947
266.7 0.0802875
266.8 0.0795823
266.9 0.078879
267.0 0.0781778
267.1 0.0775026
267.2 0.0768291
267.3 0.0761574
267.4 0.0754875
267.5 0.0748194
267.6 0.074153
267.7 0.0734884
267.8 0.0728255
267.9 0.0721645
268.0 0.0715052
268.1 0.0708654
268.2 0.0702273
268.3 0.0695908
268.4 0.0689561
268.5 0.068323
268.6 0.0676916
268.7 0.0670619
268.8 0.0664338
268.9 0.0658075
269.0 0.0651828
269.1 0.064588
269.2 0.0639946
269.3 0.0634027
269.4 0.0628122
269.5 0.0622233
269.6 0.0616357
269.7 0.0610497
269.8 0.0604651
269.9 0.0598819
270.0 0.0593003
270.1 0.0587552
270.2 0.0582112
270.3 0.0576684
270.4 0.0571268
270.5 0.0565864
270.6 0.0560471
270.7 0.055509
270.8 0.054972
270.9 0.0544362
271.0 0.0539015
271.1 0.0533979
271.2 0.0528952
271.3 0.0523934
271.4 0.0518927
271.5 0.0513929
271.6 0.0508941
271.7 0.0503963
271.8 0.0498995
271.9 0.0494037
272.0 0.0489088
272.1 0.0484465
272.2 0.047985
272.3 0.0475243
272.4 0.0470644
272.5 0.0466053
272.6 0.0461469
272.7 0.0456893
272.8 0.0452325
272.9 0.0447764
273.0 0.0443212
273.1 0.0438996
273.2 0.0434787
273.3 0.0430582
273.4 0.0426384
273.5 0.0422191
273.6 0.0418003
273.7 0.0413821
273.8 0.0409645
273.9 0.0405475
274.0 0.040131
274.1 0.0397435
274.2 0.0393564
274.3 0.0389698
274.4 0.0385836
274.5 0.0381978
274.6 0.0378124
274.7 0.0374274
274.8 0.0370429
274.9 0.0366588
275.0 0.0362751
275.1 0.0359176
275.2 0.0355605
275.3 0.0352036
275.4 0.0348471
275.5 0.0344909
275.6 0.0341351
275.7 0.0337795
275.8 0.0334243
275.9 0.0330694
276.0 0.0327148
276.1 0.0323841
276.2 0.0320537
276.3 0.0317235
276.4 0.0313936
276.5 0.0310639
276.6 0.0307345
276.7 0.0304053
276.8 0.0300763
276.9 0.0297476
277.0 0.0294191
277.1 0.0291141
277.2 0.0288092
277.3 0.0285045
277.4 0.0282
277.5 0.0278956
277.6 0.0275914
277.7 0.0272873
277.8 0.0269834
277.9 0.0266797
278.0 0.0263761
278.1 0.0260945
278.2 0.0258129
278.3 0.0255315
278.4 0.0252501
278.5 0.0249689
278.6 0.0246877
278.7 0.0244067
278.8 0.0241257
278.9 0.0238448
279.0 0.0235641
279.1 0.0233024
279.2 0.0230408
279.3 0.0227794
279.4 0.022518
279.5 0.0222567
279.6 0.0219954
279.7 0.0217343
279.8 0.0214732
279.9 0.0212123
280.0 0.0209514
280.1 0.0207102
280.2 0.020469
280.3 0.020228
280.4 0.0199869
280.5 0.019746
280.6 0.0195051
280.7 0.0192642
280.8 0.0190234
280.9 0.0187827
281.0 0.018542
281.1 0.0183205
281.2 0.018099
281.3 0.0178776
281.4 0.0176562
281.5 0.0174349
281.6 0.0172136
281.7 0.0169923
281.8 0.0167711
281.9 0.01655
282.0 0.0163288
282.1 0.0161267
282.2 0.0159247
282.3 0.0157227
282.4 0.0155207
282.5 0.0153187
282.6 0.0151168
282.7 0.014915
282.8 0.0147131
282.9 0.0145114
283.0 0.0143096
283.1 0.0141269
283.2 0.0139443
283.3 0.0137616
283.4 0.0135791
283.5 0.0133965
283.6 0.013214
283.7 0.0130315
283.8 0.012849
283.9 0.0126665
284.0 0.0124841
284.1 0.0123213
284.2 0.0121585
284.3 0.0119957
284.4 0.0118329
284.5 0.0116701
284.6 0.0115073
284.7 0.0113445
284.8 0.0111817
284.9 0.0110189
285.0 0.0108561
285.1 0.0107123
285.2 0.0105684
285.3 0.0104245
285.4 0.0102806
285.5 0.0101367
285.6 0.00999268
285.7 0.00984869
285.8 0.00970466
285.9 0.00956062
286.0 0.00941654
286.1 0.00929035
286.2 0.00916412
286.3 0.00903784
286.4 0.00891151
286.5 0.00878514
286.6 0.00865872
286.7 0.00853226
286.8 0.00840575
286.9 0.00827919
287.0 0.00815259
287.1 0.00804633
287.2 0.00793992
287.3 0.00783333
287.4 0.00772659
287.5 0.00761968
287.6 0.0075126
287.7 0.00740537
287.8 0.00729797
287.9 0.0071904
288.0 0.00708267
288.1 0.00699082
288.2 0.00689878
288.3 0.00680657
288.4 0.00671418
288.5 0.00662161
288.6 0.00652886
288.7 0.00643593
288.8 0.00634283
288.9 0.00624955
289.0 0.00615609
289.1 0.00607701
289.2 0.00599774
289.3 0.00591829
289.4 0.00583865
289.5 0.00575883
289.6 0.00567882
289.7 0.00559863
289.8 0.00551825
289.9 0.00543768
290.0 0.00535693
290.1 0.00528968
290.2 0.00522222
290.3 0.00515456
290.4 0.00508669
290.5 0.00501862
290.6 0.00495034
290.7 0.00488186
290.8 0.00481318
290.9 0.00474429
291.0 0.00467519
291.1 0.00461756
291.2 0.00455975
291.3 0.00450176
291.4 0.00444359
291.5 0.00438524
291.6 0.00432671
291.7 0.004268
291.8 0.00420912
291.9 0.00415005
292.0 0.00409081
292.1 0.00404203
292.2 0.0039931
292.3 0.00394402
292.4 0.00389481
292.5 0.00384544
292.6 0.00379593
292.7 0.00374628
292.8 0.00369648
292.9 0.00364653
293.0 0.00359644
293.1 0.00355388
293.2 0.0035112
293.3 0.0034684
293.4 0.00342547
293.5 0.00338243
293.6 0.00333926
293.7 0.00329597
293.8 0.00325255
293.9 0.00320902
294.0 0.00316536
294.1 0.00312824
294.2 0.00309101
294.3 0.00305368
294.4 0.00301625
294.5 0.00297872
294.6 0.00294109
294.7 0.00290336
294.8 0.00286552
294.9 0.00282759
295.0 0.00278955
295.1 0.00275704
295.2 0.00272445
295.3 0.00269178
295.4 0.00265903
295.5 0.00262619
295.6 0.00259328
295.7 0.00256029
295.8 0.00252722
295.9 0.00249407
296.0 0.00246084
296.1 0.00243243
296.2 0.00240396
296.3 0.00237542
296.4 0.00234682
296.5 0.00231816
296.6 0.00228943
296.7 0.00226064
296.8 0.00223178
296.9 0.00220287
297.0 0.00217388
297.1 0.00214907
297.2 0.0021242
297.3 0.00209928
297.4 0.00207431
297.5 0.00204929
297.6 0.00202422
297.7 0.0019991
297.8 0.00197393
297.9 0.00194871
298.0 0.00192343
298.1 0.00190157
298.2 0.00187967
298.3 0.00185773
298.4 0.00183575
298.5 0.00181375
298.6 0.0017917
298.7 0.00176962
298.8 0.0017475
298.9 0.00172535
299.0 0.00170316
299.1 0.00168409
299.2 0.00166499
299.3 0.00164585
299.4 0.00162669
299.5 0.0016075
299.6 0.00158829
299.7 0.00156904
299.8 0.00154977
299.9 0.00153046
300.0 0.00151113
300.1 0.00149436
300.2 0.00147758
300.3 0.00146077
300.4 0.00144393
300.5 0.00142707
300.6 0.00141019
300.7 0.00139328
300.8 0.00137635
300.9 0.0013594
301.0 0.00134242
301.1 0.00132782
301.2 0.00131319
301.3 0.00129854
301.4 0.00128387
301.5 0.00126918
301.6 0.00125448
301.7 0.00123975
301.8 0.001225
301.9 0.00121023
302.0 0.00119544
302.1 0.00118259
302.2 0.00116973
302.3 0.00115685
302.4 0.00114396
302.5 0.00113105
302.6 0.00111812
302.7 0.00110518
302.8 0.00109223
302.9 0.00107926
303.0 0.00106627
303.1 0.001055
303.2 0.00104371
303.3 0.00103241
303.4 0.0010211
303.5 0.00100977
303.6 0.000998436
303.7 0.000987089
303.8 0.000975729
303.9 0.000964358
304.0 0.000952976
304.1 0.000943105
304.2 0.000933224
304.3 0.000923332
304.4 0.000913431
304.5 0.000903519
304.6 0.000893597
304.7 0.000883665
304.8 0.000873722
304.9 0.00086377
305.0 0.000853807
305.1 0.000845068
305.2 0.000836322
305.3 0.00082757
305.4 0.00081881
305.5 0.000810043
305.6 0.000801269
305.7 0.000792489
305.8 0.000783701
305.9 0.000774906
306.0 0.000766104
306.1 0.000758392
306.2 0.000750674
306.3 0.000742951
306.4 0.000735222
306.5 0.000727488
306.6 0.000719749
306.7 0.000712004
306.8 0.000704254
306.9 0.000696498
307.0 0.000688737
307.1 0.000681937
307.2 0.000675133
307.3 0.000668324
307.4 0.00066151
307.5 0.000654692
307.6 0.00064787
307.7 0.000641043
307.8 0.000634211
307.9 0.000627375
308.0 0.000620535
308.1 0.000614513
308.2 0.000608488
308.3 0.00060246
308.4 0.000596429
308.5 0.000590394
308.6 0.000584355
308.7 0.000578313
308.8 0.000572268
308.9 0.00056622
309.0 0.000560168
309.1 0.000554836
309.2 0.000549501
309.3 0.000544163
309.4 0.000538823
309.5 0.00053348
309.6 0.000528135
309.7 0.000522786
309.8 0.000517436
309.9 0.000512082
310.0 0.000506726
310.1 0.000502061
310.2 0.000497394
310.3 0.000492725
310.4 0.000488054
310.5 0.000483381
310.6 0.000478705
310.7 0.000474028
310.8 0.000469348
310.9 0.000464667
311.0 0.000459983
311.1 0.000455823
311.2 0.000451661
311.3 0.000447497
311.4 0.000443332
311.5 0.000439165
311.6 0.000434997
311.7 0.000430828
311.8 0.000426656
311.9 0.000422484
312.0 0.000418309
312.1 0.000414593
312.2 0.000410875
312.3 0.000407156
312.4 0.000403437
312.5 0.000399716
312.6 0.000395994
312.7 0.000392271
312.8 0.000388547
312.9 0.000384821
313.0 0.000381095
313.1 0.000377775
313.2 0.000374453
313.3 0.000371131
313.4 0.000367808
313.5 0.000364484
313.6 0.000361159
313.7 0.000357833
313.8 0.000354507
313.9 0.00035118
314.0 0.000347851
314.1 0.000344878
314.2 0.000341904
314.3 0.000338929
314.4 0.000335954
314.5 0.000332978
314.6 0.000330001
314.7 0.000327024
314.8 0.000324045
314.9 0.000321067
315.0 0.000318087
315.1 0.000315418
315.2 0.000312747
315.3 0.000310077
315.4 0.000307406
315.5 0.000304735
315.6 0.000302063
315.7 0.000299391
315.8 0.000296718
315.9 0.000294045
316.0 0.000291372
316.1 0.000288969
316.2 0.000286566
316.3 0.000284163
316.4 0.00028176
316.5 0.000279356
316.6 0.000276952
316.7 0.000274548
316.8 0.000272143
316.9 0.000269738
317.0 0.000267333
317.1 0.000265167
317.2 0.000263
317.3 0.000260833
317.4 0.000258666
317.5 0.000256498
317.6 0.000254331
317.7 0.000252163
317.8 0.000249995
317.9 0.000247827
318.0 0.000245659
318.1 0.000243656
318.2 0.000241653
318.3 0.00023965
318.4 0.000237648
318.5 0.000235645
318.6 0.000233642
318.7 0.000231638
318.8 0.000229635
318.9 0.000227632
319.0 0.000225629
319.1 0.000223823
319.2 0.000222018
319.3 0.000220212
319.4 0.000218407
319.5 0.000216601
319.6 0.000214796
319.7 0.00021299
319.8 0.000211185
319.9 0.000209379
320.0 0.000207573
320.1 0.000205951
320.2 0.000204328
320.3 0.000202705
320.4 0.000201082
320.5 0.00019946
320.6 0.000197837
320.7 0.000196214
320.8 0.000194592
320.9 0.000192969
321.0 0.000191346
321.1 0.00018987
321.2 0.000188393
321.3 0.000186916
321.4 0.000185439
321.5 0.000183963
321.6 0.000182486
321.7 0.000181009
321.8 0.000179533
321.9 0.000178057
322.0 0.00017658
322.1 0.000175247
322.2 0.000173913
322.3 0.00017258
322.4 0.000171246
322.5 0.000169913
322.6 0.00016858
322.7 0.000167246
322.8 0.000165913
322.9 0.00016458
323.0 0.000163247
323.1 0.000162033
323.2 0.000160818
323.3 0.000159604
323.4 0.00015839
323.5 0.000157176
323.6 0.000155962
323.7 0.000154748
323.8 0.000153534
323.9 0.000152321
324.0 0.000151107
324.1 0.000150008
324.2 0.000148908
324.3 0.000147809
324.4 0.00014671
324.5 0.000145611
324.6 0.000144512
324.7 0.000143413
324.8 0.000142314
324.9 0.000141216
325.0 0.000140117
325.1 0.000139115
325.2 0.000138113
325.3 0.000137112
325.4 0.00013611
325.5 0.000135108
325.6 0.000134107
325.7 0.000133106
325.8 0.000132104
325.9 0.000131103
326.0 0.000130102
326.1 0.000129215
326.2 0.000128329
326.3 0.000127442
326.4 0.000126555
326.5 0.000125669
326.6 0.000124783
326.7 0.000123896
326.8 0.00012301
326.9 0.000122124
327.0 0.000121238
327.1 0.000120432
327.2 0.000119627
327.3 0.000118821
327.4 0.000118016
327.5 0.00011721
327.6 0.000116405
327.7 0.0001156
327.8 0.000114795
327.9 0.00011399
328.0 0.000113185
328.1 0.000112452
328.2 0.00011172
328.3 0.000110988
328.4 0.000110256
328.5 0.000109524
328.6 0.000108792
328.7 0.00010806
328.8 0.000107328
328.9 0.000106597
329.0 0.000105866
329.1 0.000105185
329.2 0.000104505
329.3 0.000103825
329.4 0.000103144
329.5 0.000102464
329.6 0.000101785
329.7 0.000101105
329.8 0.000100425
329.9 9.97458e-05
330.0 9.90665e-05
330.1 9.84484e-05
330.2 9.78304e-05
330.3 9.72126e-05
330.4 9.65949e-05
330.5 9.59773e-05
330.6 9.53599e-05
330.7 9.47426e-05
330.8 9.41255e-05
330.9 9.35085e-05
331.0 9.28917e-05
331.1 9.2315e-05
331.2 9.17385e-05
331.3 9.11621e-05
331.4 9.05858e-05
331.5 9.00097e-05
331.6 8.94336e-05
331.7 8.88578e-05
331.8 8.8282e-05
331.9 8.77064e-05
332.0 8.71309e-05
332.1 8.6607e-05
332.2 8.60831e-05
332.3 8.55594e-05
332.4 8.50358e-05
332.5 8.45123e-05
332.6 8.39889e-05
332.7 8.34657e-05
332.8 8.29426e-05
332.9 8.24195e-05
333.0 8.18967e-05
333.1 8.14122e-05
333.2 8.09278e-05
333.3 8.04436e-05
333.4 7.99595e-05
333.5 7.94755e-05
333.6 7.89916e-05
333.7 7.85079e-05
333.8 7.80243e-05
333.9 7.75409e-05
334.0 7.70575e-05
334.1 7.66079e-05
334.2 7.61583e-05
334.3 7.57089e-05
334.4 7.52596e-05
334.5 7.48104e-05
334.6 7.43614e-05
334.7 7.39125e-05
334.8 7.34637e-05
334.9 7.3015e-05
335.0 7.25665e-05
335.1 7.21683e-05
335.2 7.17703e-05
335.3 7.13724e-05
335.4 7.09746e-05
335.5 7.0577e-05
335.6 7.01794e-05
335.7 6.9782e-05
335.8 6.93847e-05
335.9 6.89875e-05
336.0 6.85905e-05
336.1 6.82218e-05
336.2 6.78532e-05
336.3 6.74848e-05
336.4 6.71164e-05
336.5 6.67482e-05
336.6 6.63801e-05
336.7 6.60121e-05
336.8 6.56442e-05
336.9 6.52764e-05
337.0 6.49088e-05
337.1 6.45689e-05
337.2 6.42291e-05
337.3 6.38894e-05
337.4 6.35498e-05
337.5 6.32104e-05
337.6 6.2871e-05
337.7 6.25318e-05
337.8 6.21926e-05
337.9 6.18536e-05
338.0 6.15147e-05
338.1 6.11983e-05
338.2 6.08819e-05
338.3 6.05656e-05
338.4 6.02495e-05
338.5 5.99335e-05
338.6 5.96175e-05
338.7 5.93017e-05
338.8 5.8986e-05
338.9 5.86704e-05
339.0 5.83549e-05
339.1 5.80607e-05
339.2 5.77666e-05
339.3 5.74726e-05
339.4 5.71788e-05
339.5 5.6885e-05
339.6 5.65914e-05
339.7 5.62979e-05
339.8 5.60045e-05
339.9 5.57112e-05
340.0 5.5418e-05
340.1 5.51418e-05
340.2 5.48657e-05
340.3 5.45897e-05
340.4 5.43138e-05
340.5 5.4038e-05
340.6 5.37624e-05
340.7 5.34868e-05
340.8 5.32113e-05
340.9 5.2936e-05
341.0 5.26608e-05
341.1 5.24076e-05
341.2 5.21545e-05
341.3 5.19015e-05
341.4 5.16486e-05
341.5 5.13958e-05
341.6 5.11431e-05
341.7 5.08906e-05
341.8 5.06381e-05
341.9 5.03857e-05
342.0 5.01335e-05
342.1 4.98915e-05
342.2 4.96497e-05
342.3 4.9408e-05
342.4 4.91664e-05
342.5 4.89249e-05
342.6 4.86835e-05
342.7 4.84423e-05
342.8 4.82011e-05
342.9 4.796e-05
343.0 4.77191e-05
343.1 4.74941e-05
343.2 4.72692e-05
343.3 4.70445e-05
343.4 4.68198e-05
343.5 4.65953e-05
343.6 4.63709e-05
343.7 4.61466e-05
343.8 4.59224e-05
343.9 4.56983e-05
344.0 4.54743e-05
344.1 4.52549e-05
344.2 4.50357e-05
344.3 4.48165e-05
344.4 4.45975e-05
344.5 4.43786e-05
344.6 4.41599e-05
344.7 4.39412e-05
344.8 4.37226e-05
344.9 4.35042e-05
345.0 4.32859e-05
345.1 4.30782e-05
345.2 4.28706e-05
345.3 4.26631e-05
345.4 4.24557e-05
345.5 4.22484e-05
345.6 4.20413e-05
345.7 4.18343e-05
345.8 4.16274e-05
345.9 4.14206e-05
346.0 4.12139e-05
346.1 4.10172e-05
346.2 4.08207e-05
346.3 4.06243e-05
346.4 4.0428e-05
346.5 4.02318e-05
346.6 4.00357e-05
346.7 3.98398e-05
346.8 3.9644e-05
346.9 3.94483e-05
347.0 3.92527e-05
347.1 3.90679e-05
347.2 3.88832e-05
347.3 3.86986e-05
347.4 3.85141e-05
347.5 3.83297e-05
347.6 3.81455e-05
347.7 3.79613e-05
347.8 3.77773e-05
347.9 3.75934e-05
348.0 3.74096e-05
348.1 3.72348e-05
348.2 3.70602e-05
348.3 3.68857e-05
348.4 3.67113e-05
348.5 3.65371e-05
348.6 3.6363e-05
348.7 3.6189e-05
348.8 3.60151e-05
348.9 3.58414e-05
349.0 3.56677e-05
349.1 3.55044e-05
349.2 3.53413e-05
349.3 3.51782e-05
349.4 3.50153e-05
349.5 3.48525e-05
349.6 3.46898e-05
349.7 3.45273e-05
349.8 3.43649e-05
349.9 3.42026e-05
350.0 3.40404e-05
350.1 3.38547e-05
350.2 3.36692e-05
350.3 3.34839e-05
350.4 3.32987e-05
350.5 3.31137e-05
350.6 3.29288e-05
350.7 3.27441e-05
350.8 3.25595e-05
350.9 3.23752e-05
351.0 3.21909e-05
351.1 3.20229e-05
351.2 3.1855e-05
351.3 3.16873e-05
351.4 3.15197e-05
351.5 3.13522e-05
351.6 3.11849e-05
351.7 3.10178e-05
351.8 3.08508e-05
351.9 3.06839e-05
352.0 3.05172e-05
352.1 3.03588e-05
352.2 3.02005e-05
352.3 3.00424e-05
352.4 2.98844e-05
352.5 2.97266e-05
352.6 2.9569e-05
352.7 2.94116e-05
352.8 2.92543e-05
352.9 2.90971e-05
353.0 2.89402e-05
353.1 2.87882e-05
353.2 2.86365e-05
353.3 2.84849e-05
353.4 2.83334e-05
353.5 2.81821e-05
353.6 2.8031e-05
353.7 2.788e-05
353.8 2.77292e-05
353.9 2.75786e-05
354.0 2.74281e-05
354.1 2.73029e-05
354.2 2.71779e-05
354.3 2.7053e-05
354.4 2.69283e-05
354.5 2.68037e-05
354.6 2.66793e-05
354.7 2.65549e-05
354.8 2.64308e-05
354.9 2.63067e-05
355.0 2.61829e-05
355.1 2.60748e-05
355.2 2.59669e-05
355.3 2.58591e-05
355.4 2.57515e-05
355.5 2.56439e-05
355.6 2.55365e-05
355.7 2.54292e-05
355.8 2.5322e-05
355.9 2.5215e-05
356.0 2.5108e-05
356.1 2.49994e-05
356.2 2.4891e-05
356.3 2.47827e-05
356.4 2.46745e-05
356.5 2.45665e-05
356.6 2.44586e-05
356.7 2.43508e-05
356.8 2.42432e-05
356.9 2.41357e-05
357.0 2.40283e-05
357.1 2.39256e-05
357.2 2.38231e-05
357.3 2.37206e-05
357.4 2.36183e-05
357.5 2.35162e-05
357.6 2.34142e-05
357.7 2.33123e-05
357.8 2.32105e-05
357.9 2.31089e-05
358.0 2.30074e-05
358.1 2.29165e-05
358.2 2.28258e-05
358.3 2.27351e-05
358.4 2.26446e-05
358.5 2.25542e-05
358.6 2.24639e-05
358.7 2.23737e-05
358.8 2.22836e-05
358.9 2.21936e-05
359.0 2.21038e-05
359.1 2.20142e-05
359.2 2.19247e-05
359.3 2.18353e-05
359.4 2.1746e-05
359.5 2.16568e-05
359.6 2.15678e-05
359.7 2.14788e-05
359.8 2.139e-05
359.9 2.13013e-05
360.0 2.12127e-05
360.1 2.11259e-05
360.2 2.10392e-05
360.3 2.09526e-05
360.4 2.08661e-05
360.5 2.07797e-05
360.6 2.06934e-05
360.7 2.06072e-05
360.8 2.05211e-05
360.9 2.04352e-05
361.0 2.03493e-05
361.1 2.02744e-05
361.2 2.01996e-05
361.3 2.01249e-05
361.4 2.00503e-05
361.5 1.99758e-05
361.6 1.99013e-05
361.7 1.9827e-05
361.8 1.97527e-05
361.9 1.96785e-05
362.0 1.96044e-05
362.1 1.95327e-05
362.2 1.94611e-05
362.3 1.93896e-05
362.4 1.93181e-05
362.5 1.92467e-05
362.6 1.91754e-05
362.7 1.91042e-05
362.8 1.9033e-05
362.9 1.89619e-05
363.0 1.88908e-05
363.1 1.88269e-05
363.2 1.8763e-05
363.3 1.86992e-05
363.4 1.86354e-05
363.5 1.85716e-05
363.6 1.8508e-05
363.7 1.84443e-05
363.8 1.83807e-05
363.9 1.83172e-05
364.0 1.82537e-05
364.1 1.81966e-05
364.2 1.81396e-05
364.3 1.80826e-05
364.4 1.80256e-05
364.5 1.79687e-05
364.6 1.79118e-05
364.7 1.7855e-05
364.8 1.77982e-05
364.9 1.77414e-05
365.0 1.76847e-05
365.1 1.76365e-05
365.2 1.75884e-05
365.3 1.75403e-05
365.4 1.74922e-05
365.5 1.74441e-05
365.6 1.73961e-05
365.7 1.7348e-05
365.8 1.73e-05
365.9 1.7252e-05
366.0 1.7204e-05
366.1 1.71564e-05
366.2 1.71088e-05
366.3 1.70612e-05
366.4 1.70137e-05
366.5 1.69661e-05
366.6 1.69186e-05
366.7 1.68711e-05
366.8 1.68236e-05
366.9 1.67761e-05
367.0 1.67286e-05
367.1 1.66905e-05
367.2 1.66523e-05
367.3 1.66142e-05
367.4 1.6576e-05
367.5 1.65379e-05
367.6 1.64997e-05
367.7 1.64615e-05
367.8 1.64233e-05
367.9 1.63851e-05
368.0 1.63469e-05
368.1 1.63078e-05
368.2 1.62687e-05
368.3 1.62295e-05
368.4 1.61904e-05
368.5 1.61512e-05
368.6 1.61121e-05
368.7 1.60729e-05
368.8 1.60338e-05
368.9 1.59946e-05
369.0 1.59554e-05
369.1 1.59204e-05
369.2 1.58854e-05
369.3 1.58504e-05
369.4 1.58153e-05
369.5 1.57803e-05
369.6 1.57452e-05
369.7 1.571e-05
369.8 1.56749e-05
369.9 1.56397e-05
370.0 1.56045e-05
370.1 1.55734e-05
370.2 1.55423e-05
370.3 1.55112e-05
370.4 1.54801e-05
370.5 1.5449e-05
370.6 1.54179e-05
370.7 1.53867e-05
370.8 1.53555e-05
370.9 1.53243e-05
371.0 1.52931e-05
371.1 1.52694e-05
371.2 1.52457e-05
371.3 1.52219e-05
371.4 1.51982e-05
371.5 1.51744e-05
371.6 1.51505e-05
371.7 1.51267e-05
371.8 1.51028e-05
371.9 1.50789e-05
372.0 1.5055e-05
372.1 1.50262e-05
372.2 1.49973e-05
372.3 1.49685e-05
372.4 1.49396e-05
372.5 1.49106e-05
372.6 1.48816e-05
372.7 1.48526e-05
372.8 1.48236e-05
372.9 1.47946e-05
373.0 1.47655e-05
373.1 1.47426e-05
373.2 1.47196e-05
373.3 1.46966e-05
373.4 1.46736e-05
373.5 1.46506e-05
373.6 1.46275e-05
373.7 1.46045e-05
373.8 1.45813e-05
373.9 1.45582e-05
374.0 1.4535e-05
374.1 1.45176e-05
374.2 1.45002e-05
374.3 1.44828e-05
374.4 1.44653e-05
374.5 1.44478e-05
374.6 1.44303e-05
374.7 1.44128e-05
374.8 1.43952e-05
374.9 1.43776e-05
375.0 1.436e-05
375.1 1.43374e-05
375.2 1.43147e-05
375.3 1.4292e-05
375.4 1.42693e-05
375.5 1.42465e-05
375.6 1.42237e-05
375.7 1.42009e-05
375.8 1.41781e-05
375.9 1.41552e-05
376.0 1.41322e-05
376.1 1.41102e-05
376.2 1.40881e-05
376.3 1.4066e-05
376.4 1.40438e-05
376.5 1.40216e-05
376.6 1.39994e-05
376.7 1.39771e-05
376.8 1.39548e-05
376.9 1.39325e-05
377.0 1.39101e-05
377.1 1.38875e-05
377.2 1.38648e-05
377.3 1.38421e-05
377.4 1.38194e-05
377.5 1.37966e-05
377.6 1.37738e-05
377.7 1.3751e-05
377.8 1.37281e-05
377.9 1.37052e-05
378.0 1.36822e-05
378.1 1.36645e-05
378.2 1.36468e-05
378.3 1.3629e-05
378.4 1.36112e-05
378.5 1.35934e-05
378.6 1.35756e-05
378.7 1.35577e-05
378.8 1.35398e-05
378.9 1.35218e-05
379.0 1.35038e-05
379.1 1.34858e-05
379.2 1.34676e-05
379.3 1.34495e-05
379.4 1.34313e-05
379.5 1.34131e-05
379.6 1.33949e-05
379.7 1.33766e-05
379.8 1.33583e-05
379.9 1.334e-05
380.0 1.33216e-05
380.1 1.33029e-05
380.2 1.32842e-05
380.3 1.32655e-05
380.4 1.32468e-05
380.5 1.3228e-05
380.6 1.32092e-05
380.7 1.31903e-05
380.8 1.31715e-05
380.9 1.31526e-05
381.0 1.31337e-05
381.1 1.31146e-05
381.2 1.30955e-05
381.3 1.30764e-05
381.4 1.30572e-05
381.5 1.30381e-05
381.6 1.30188e-05
381.7 1.29996e-05
381.8 1.29803e-05
381.9 1.2961e-05
382.0 1.29417e-05
382.1 1.29276e-05
382.2 1.29136e-05
382.3 1.28995e-05
382.4 1.28853e-05
382.5 1.28712e-05
382.6 1.2857e-05
382.7 1.28428e-05
382.8 1.28286e-05
382.9 1.28143e-05
383.0 1.28e-05
383.1 1.27858e-05
383.2 1.27715e-05
383.3 1.27571e-05
383.4 1.27428e-05
383.5 1.27284e-05
383.6 1.2714e-05
383.7 1.26996e-05
383.8 1.26852e-05
383.9 1.26707e-05
384.0 1.26562e-05
384.1 1.26417e-05
384.2 1.26272e-05
384.3 1.26126e-05
384.4 1.25981e-05
384.5 1.25835e-05
384.6 1.25689e-05
384.7 1.25542e-05
384.8 1.25396e-05
384.9 1.25249e-05
385.0 1.25102e-05
385.1 1.24944e-05
385.2 1.24786e-05
385.3 1.24628e-05
385.4 1.2447e-05
385.5 1.24312e-05
385.6 1.24153e-05
385.7 1.23995e-05
385.8 1.23836e-05
385.9 1.23677e-05
386.0 1.23517e-05
386.1 1.23358e-05
386.2 1.23198e-05
386.3 1.23039e-05
386.4 1.22879e-05
386.5 1.22719e-05
386.6 1.22558e-05
386.7 1.22398e-05
386.8 1.22237e-05
386.9 1.22076e-05
387.0 1.21915e-05
387.1 1.21807e-05
387.2 1.217e-05
387.3 1.21592e-05
387.4 1.21484e-05
387.5 1.21375e-05
387.6 1.21267e-05
387.7 1.21158e-05
387.8 1.2105e-05
387.9 1.20941e-05
388.0 1.20832e-05
388.1 1.20777e-05
388.2 1.20721e-05
388.3 1.20666e-05
388.4 1.2061e-05
388.5 1.20555e-05
388.6 1.20499e-05
388.7 1.20443e-05
388.8 1.20388e-05
388.9 1.20332e-05
389.0 1.20275e-05
389.1 1.20164e-05
389.2 1.20052e-05
389.3 1.19941e-05
389.4 1.19829e-05
389.5 1.19717e-05
389.6 1.19604e-05
389.7 1.19492e-05
389.8 1.1938e-05
389.9 1.19267e-05
390.0 1.19154e-05
390.1 1.19091e-05
390.2 1.19028e-05
390.3 1.18965e-05
390.4 1.18901e-05
390.5 1.18838e-05
390.6 1.18774e-05
390.7 1.18711e-05
390.8 1.18647e-05
390.9 1.18583e-05
391.0 1.18519e-05
391.1 1.18456e-05
391.2 1.18392e-05
391.3 1.18328e-05
391.4 1.18264e-05
391.5 1.182e-05
391.6 1.18136e-05
391.7 1.18072e-05
391.8 1.18008e-05
391.9 1.17943e-05
392.0 1.17879e-05
392.1 1.17812e-05
392.2 1.17745e-05
392.3 1.17679e-05
392.4 1.17612e-05
392.5 1.17545e-05
392.6 1.17478e-05
392.7 1.1741e-05
392.8 1.17343e-05
392.9 1.17276e-05
393.0 1.17208e-05
393.1 1.1714e-05
393.2 1.17071e-05
393.3 1.17002e-05
393.4 1.16933e-05
393.5 1.16864e-05
393.6 1.16794e-05
393.7 1.16725e-05
393.8 1.16656e-05
393.9 1.16586e-05
394.0 1.16517e-05
394.1 1.16447e-05
394.2 1.16377e-05
394.3 1.16307e-05
394.4 1.16238e-05
394.5 1.16167e-05
394.6 1.16097e-05
394.7 1.16027e-05
394.8 1.15957e-05
394.9 1.15887e-05
395.0 1.15816e-05
395.1 1.15742e-05
395.2 1.15669e-05
395.3 1.15595e-05
395.4 1.15521e-05
395.5 1.15447e-05
395.6 1.15373e-05
395.7 1.15299e-05
395.8 1.15225e-05
395.9 1.1515e-05
396.0 1.15076e-05
396.1 1.15058e-05
396.2 1.15041e-05
396.3 1.15023e-05
396.4 1.15005e-05
396.5 1.14987e-05
396.6 1.14969e-05
396.7 1.14951e-05
396.8 1.14933e-05
396.9 1.14915e-05
397.0 1.14897e-05
397.1 1.1482e-05
397.2 1.14743e-05
397.3 1.14666e-05
397.4 1.14589e-05
397.5 1.14512e-05
397.6 1.14434e-05
397.7 1.14357e-05
397.8 1.14279e-05
397.9 1.14202e-05
398.0 1.14124e-05
398.1 1.14102e-05
398.2 1.1408e-05
398.3 1.14057e-05
398.4 1.14035e-05
398.5 1.14013e-05
398.6 1.1399e-05
398.7 1.13968e-05
398.8 1.13945e-05
398.9 1.13923e-05
399.0 1.139e-05
399.1 1.13878e-05
399.2 1.13855e-05
399.3 1.13833e-05
399.4 1.1381e-05
399.5 1.13788e-05
399.6 1.13765e-05
399.7 1.13743e-05
399.8 1.1372e-05
399.9 1.13698e-05
400.0 1.13675e-05
400.1 1.1365e-05
400.2 1.13626e-05
400.3 1.13601e-05
400.4 1.13577e-05
400.5 1.13552e-05
400.6 1.13527e-05
400.7 1.13503e-05
400.8 1.13478e-05
400.9 1.13453e-05
401.0 1.13428e-05
401.1 1.13404e-05
401.2 1.13379e-05
401.3 1.13354e-05
401.4 1.13329e-05
401.5 1.13305e-05
401.6 1.1328e-05
401.7 1.13255e-05
401.8 1.1323e-05
401.9 1.13205e-05
402.0 1.1318e-05
402.1 1.13153e-05
402.2 1.13126e-05
402.3 1.13099e-05
402.4 1.13072e-05
402.5 1.13045e-05
402.6 1.13018e-05
402.7 1.12991e-05
402.8 1.12964e-05
402.9 1.12936e-05
403.0 1.12909e-05
403.1 1.1288e-05
403.2 1.12851e-05
403.3 1.12821e-05
403.4 1.12792e-05
403.5 1.12762e-05
403.6 1.12733e-05
403.7 1.12703e-05
403.8 1.12674e-05
403.9 1.12644e-05
404.0 1.12615e-05
404.1 1.12585e-05
404.2 1.12556e-05
404.3 1.12527e-05
404.4 1.12497e-05
404.5 1.12467e-05
404.6 1.12438e-05
404.7 1.12408e-05
404.8 1.12379e-05
404.9 1.12349e-05
405.0 1.12319e-05
405.1 1.12291e-05
405.2 1.12262e-05
405.3 1.12233e-05
405.4 1.12205e-05
405.5 1.12176e-05
405.6 1.12147e-05
405.7 1.12118e-05
405.8 1.12089e-05
405.9 1.1206e-05
406.0 1.12031e-05
406.1 1.12061e-05
406.2 1.1209e-05
406.3 1.1212e-05
406.4 1.12149e-05
406.5 1.12179e-05
406.6 1.12208e-05
406.7 1.12238e-05
406.8 1.12267e-05
406.9 1.12297e-05
407.0 1.12326e-05
407.1 1.12297e-05
407.2 1.12268e-05
407.3 1.12238e-05
407.4 1.12209e-05
407.5 1.12179e-05
407.6 1.12149e-05
407.7 1.1212e-05
407.8 1.1209e-05
407.9 1.12061e-05
408.0 1.12031e-05
408.1 1.12056e-05
408.2 1.12081e-05
408.3 1.12106e-05
408.4 1.12131e-05
408.5 1.12156e-05
408.6 1.12181e-05
408.7 1.12206e-05
408.8 1.12231e-05
408.9 1.12256e-05
409.0 1.12281e-05
409.1 1.12248e-05
409.2 1.12215e-05
409.3 1.12181e-05
409.4 1.12148e-05
409.5 1.12115e-05
409.6 1.12081e-05
409.7 1.12048e-05
409.8 1.12014e-05
409.9 1.11981e-05
410.0 1.11947e-05
410.1 1.11971e-05
410.2 1.11995e-05
410.3 1.12019e-05
410.4 1.12043e-05
410.5 1.12067e-05
410.6 1.12091e-05
410.7 1.12115e-05
410.8 1.12139e-05
410.9 1.12163e-05
411.0 1.12187e-05
411.1 1.1221e-05
411.2 1.12233e-05
411.3 1.12256e-05
411.4 1.12279e-05
411.5 1.12302e-05
411.6 1.12324e-05
411.7 1.12347e-05
411.8 1.1237e-05
411.9 1.12393e-05
412.0 1.12416e-05
412.1 1.12439e-05
412.2 1.12462e-05
412.3 1.12485e-05
412.4 1.12508e-05
412.5 1.12531e-05
412.6 1.12554e-05
412.7 1.12577e-05
412.8 1.126e-05
412.9 1.12623e-05
413.0 1.12646e-05
413.1 1.12668e-05
413.2 1.1269e-05
413.3 1.12713e-05
413.4 1.12735e-05
413.5 1.12757e-05
413.6 1.12779e-05
413.7 1.12802e-05
413.8 1.12824e-05
413.9 1.12846e-05
414.0 1.12868e-05
414.1 1.12831e-05
414.2 1.12794e-05
414.3 1.12757e-05
414.4 1.1272e-05
414.5 1.12682e-05
414.6 1.12645e-05
414.7 1.12608e-05
414.8 1.12571e-05
414.9 1.12533e-05
415.0 1.12496e-05
415.1 1.12518e-05
415.2 1.1254e-05
415.3 1.12562e-05
415.4 1.12584e-05
415.5 1.12606e-05
415.6 1.12628e-05
415.7 1.1265e-05
415.8 1.12672e-05
415.9 1.12694e-05
416.0 1.12716e-05
416.1 1.12737e-05
416.2 1.12758e-05
416.3 1.12779e-05
416.4 1.12801e-05
416.5 1.12822e-05
416.6 1.12843e-05
416.7 1.12864e-05
416.8 1.12885e-05
416.9 1.12906e-05
417.0 1.12927e-05
417.1 1.12948e-05
417.2 1.12969e-05
417.3 1.1299e-05
417.4 1.13011e-05
417.5 1.13033e-05
417.6 1.13054e-05
417.7 1.13075e-05
417.8 1.13096e-05
417.9 1.13117e-05
418.0 1.13138e-05
418.1 1.13099e-05
418.2 1.13061e-05
418.3 1.13022e-05
418.4 1.12984e-05
418.5 1.12945e-05
418.6 1.12906e-05
418.7 1.12868e-05
418.8 1.12829e-05
418.9 1.1279e-05
419.0 1.12751e-05
419.1 1.1277e-05
419.2 1.12789e-05
419.3 1.12808e-05
419.4 1.12827e-05
419.5 1.12846e-05
419.6 1.12865e-05
419.7 1.12883e-05
419.8 1.12902e-05
419.9 1.12921e-05
420.0 1.1294e-05
420.1 1.12959e-05
420.2 1.12978e-05
420.3 1.12997e-05
420.4 1.13016e-05
420.5 1.13035e-05
420.6 1.13054e-05
420.7 1.13073e-05
420.8 1.13092e-05
420.9 1.13111e-05
421.0 1.1313e-05
421.1 1.13208e-05
421.2 1.13286e-05
421.3 1.13365e-05
421.4 1.13443e-05
421.5 1.13522e-05
421.6 1.136e-05
421.7 1.13679e-05
421.8 1.13757e-05
421.9 1.13836e-05
422.0 1.13914e-05
422.1 1.13932e-05
422.2 1.13949e-05
422.3 1.13967e-05
422.4 1.13984e-05
422.5 1.14001e-05
422.6 1.14019e-05
422.7 1.14036e-05
422.8 1.14054e-05
422.9 1.14071e-05
423.0 1.14088e-05
423.1 1.14106e-05
423.2 1.14123e-05
423.3 1.14141e-05
423.4 1.14158e-05
423.5 1.14176e-05
423.6 1.14193e-05
423.7 1.14211e-05
423.8 1.14228e-05
423.9 1.14246e-05
424.0 1.14263e-05
424.1 1.14281e-05
424.2 1.14299e-05
424.3 1.14317e-05
424.4 1.14334e-05
424.5 1.14352e-05
424.6 1.1437e-05
424.7 1.14387e-05
424.8 1.14405e-05
424.9 1.14423e-05
425.0 1.14441e-05
425.1 1.14519e-05
425.2 1.14597e-05
425.3 1.14676e-05
425.4 1.14754e-05
425.5 1.14832e-05
425.6 1.14911e-05
425.7 1.14989e-05
425.8 1.15068e-05
425.9 1.15146e-05
426.0 1.15225e-05
426.1 1.15243e-05
426.2 1.15261e-05
426.3 1.15279e-05
426.4 1.15298e-05
426.5 1.15316e-05
426.6 1.15334e-05
426.7 1.15352e-05
426.8 1.15371e-05
426.9 1.15389e-05
427.0 1.15407e-05
427.1 1.15485e-05
427.2 1.15563e-05
427.3 1.1564e-05
427.4 1.15718e-05
427.5 1.15796e-05
427.6 1.15873e-05
427.7 1.15951e-05
427.8 1.16029e-05
427.9 1.16107e-05
428.0 1.16185e-05
428.1 1.16261e-05
428.2 1.16338e-05
428.3 1.16415e-05
428.4 1.16492e-05
428.5 1.16569e-05
428.6 1.16646e-05
428.7 1.16723e-05
428.8 1.16799e-05
428.9 1.16876e-05
429.0 1.16953e-05
429.1 1.1703e-05
429.2 1.17108e-05
429.3 1.17185e-05
429.4 1.17262e-05
429.5 1.17339e-05
429.6 1.17416e-05
429.7 1.17493e-05
429.8 1.1757e-05
429.9 1.17648e-05
430.0 1.17725e-05
430.1 1.17802e-05
430.2 1.17879e-05
430.3 1.17956e-05
430.4 1.18033e-05
430.5 1.18111e-05
430.6 1.18188e-05
430.7 1.18265e-05
430.8 1.18342e-05
430.9 1.18419e-05
431.0 1.18497e-05
431.1 1.18574e-05
431.2 1.18651e-05
431.3 1.18728e-05
431.4 1.18805e-05
431.5 1.18882e-05
431.6 1.1896e-05
431.7 1.19037e-05
431.8 1.19114e-05
431.9 1.19191e-05
432.0 1.19269e-05
432.1 1.19346e-05
432.2 1.19423e-05
432.3 1.19501e-05
432.4 1.19578e-05
432.5 1.19656e-05
432.6 1.19733e-05
432.7 1.1981e-05
432.8 1.19888e-05
432.9 1.19965e-05
433.0 1.20043e-05
433.1 1.2012e-05
433.2 1.20197e-05
433.3 1.20274e-05
433.4 1.20351e-05
433.5 1.20428e-05
433.6 1.20505e-05
433.7 1.20582e-05
433.8 1.2066e-05
433.9 1.20737e-05
434.0 1.20814e-05
434.1 1.20891e-05
434.2 1.20967e-05
434.3 1.21044e-05
434.4 1.21121e-05
434.5 1.21197e-05
434.6 1.21274e-05
434.7 1.21351e-05
434.8 1.21427e-05
434.9 1.21504e-05
435.0 1.21581e-05
435.1 1.21658e-05
435.2 1.21735e-05
435.3 1.21812e-05
435.4 1.21889e-05
435.5 1.21966e-05
435.6 1.22043e-05
435.7 1.2212e-05
435.8 1.22197e-05
435.9 1.22274e-05
436.0 1.22351e-05
436.1 1.22488e-05
436.2 1.22626e-05
436.3 1.22763e-05
436.4 1.22901e-05
436.5 1.23039e-05
436.6 1.23176e-05
436.7 1.23314e-05
436.8 1.23452e-05
436.9 1.2359e-05
437.0 1.23727e-05
437.1 1.23803e-05
437.2 1.23878e-05
437.3 1.23954e-05
437.4 1.24029e-05
437.5 1.24105e-05
437.6 1.2418e-05
437.7 1.24256e-05
437.8 1.24331e-05
437.9 1.24407e-05
438.0 1.24483e-05
438.1 1.24558e-05
438.2 1.24634e-05
438.3 1.2471e-05
438.4 1.24785e-05
438.5 1.24861e-05
438.6 1.24937e-05
438.7 1.25013e-05
438.8 1.25088e-05
438.9 1.25164e-05
439.0 1.2524e-05
439.1 1.25377e-05
439.2 1.25514e-05
439.3 1.25652e-05
439.4 1.25789e-05
439.5 1.25926e-05
439.6 1.26064e-05
439.7 1.26201e-05
439.8 1.26338e-05
439.9 1.26476e-05
440.0 1.26613e-05
440.1 1.26689e-05
440.2 1.26765e-05
440.3 1.26841e-05
440.4 1.26917e-05
440.5 1.26993e-05
440.6 1.2707e-05
440.7 1.27146e-05
440.8 1.27222e-05
440.9 1.27298e-05
441.0 1.27374e-05
441.1 1.2745e-05
441.2 1.27526e-05
441.3 1.27603e-05
441.4 1.27679e-05
441.5 1.27755e-05
441.6 1.27831e-05
441.7 1.27908e-05
441.8 1.27984e-05
441.9 1.2806e-05
442.0 1.28137e-05
442.1 1.28274e-05
442.2 1.28412e-05
442.3 1.28549e-05
442.4 1.28687e-05
442.5 1.28824e-05
442.6 1.28962e-05
442.7 1.291e-05
442.8 1.29237e-05
442.9 1.29375e-05
443.0 1.29513e-05
443.1 1.29587e-05
443.2 1.2966e-05
443.3 1.29734e-05
443.4 1.29808e-05
443.5 1.29882e-05
443.6 1.29956e-05
443.7 1.3003e-05
443.8 1.30104e-05
443.9 1.30178e-05
444.0 1.30252e-05
444.1 1.30326e-05
444.2 1.304e-05
444.3 1.30474e-05
444.4 1.30548e-05
444.5 1.30622e-05
444.6 1.30696e-05
444.7 1.3077e-05
444.8 1.30844e-05
444.9 1.30918e-05
445.0 1.30992e-05
445.1 1.31066e-05
445.2 1.3114e-05
445.3 1.31215e-05
445.4 1.31289e-05
445.5 1.31363e-05
445.6 1.31437e-05
445.7 1.31512e-05
445.8 1.31586e-05
445.9 1.3166e-05
446.0 1.31734e-05
446.1 1.31811e-05
446.2 1.31887e-05
446.3 1.31964e-05
446.4 1.3204e-05
446.5 1.32117e-05
446.6 1.32193e-05
446.7 1.3227e-05
446.8 1.32346e-05
446.9 1.32423e-05
447.0 1.325e-05
447.1 1.32576e-05
447.2 1.32653e-05
447.3 1.3273e-05
447.4 1.32806e-05
447.5 1.32883e-05
447.6 1.3296e-05
447.7 1.33037e-05
447.8 1.33113e-05
447.9 1.3319e-05
448.0 1.33267e-05
448.1 1.33344e-05
448.2 1.33421e-05
448.3 1.33498e-05
448.4 1.33575e-05
448.5 1.33652e-05
448.6 1.33729e-05
448.7 1.33806e-05
448.8 1.33883e-05
448.9 1.3396e-05
449.0 1.34037e-05
449.1 1.34111e-05
449.2 1.34186e-05
449.3 1.3426e-05
449.4 1.34334e-05
449.5 1.34409e-05
449.6 1.34483e-05
449.7 1.34558e-05
449.8 1.34632e-05
449.9 1.34707e-05
450.0 1.34781e-05
450.1 1.34855e-05
450.2 1.34929e-05
450.3 1.35003e-05
450.4 1.35077e-05
450.5 1.35152e-05
450.6 1.35226e-05
450.7 1.353e-05
450.8 1.35374e-05
450.9 1.35448e-05
451.0 1.35522e-05
451.1 1.35596e-05
451.2 1.3567e-05
451.3 1.35745e-05
451.4 1.35819e-05
451.5 1.35893e-05
451.6 1.35967e-05
451.7 1.36042e-05
451.8 1.36116e-05
451.9 1.3619e-05
452.0 1.36264e-05
452.1 1.36339e-05
452.2 1.36414e-05
452.3 1.36489e-05
452.4 1.36564e-05
452.5 1.36639e-05
452.6 1.36714e-05
452.7 1.36789e-05
452.8 1.36864e-05
452.9 1.36939e-05
453.0 1.37014e-05
453.1 1.37152e-05
453.2 1.3729e-05
453.3 1.37428e-05
453.4 1.37566e-05
453.5 1.37704e-05
453.6 1.37842e-05
453.7 1.3798e-05
453.8 1.38118e-05
453.9 1.38256e-05
454.0 1.38394e-05
454.1 1.3847e-05
454.2 1.38546e-05
454.3 1.38622e-05
454.4 1.38698e-05
454.5 1.38774e-05
454.6 1.3885e-05
454.7 1.38926e-05
454.8 1.39002e-05
454.9 1.39078e-05
455.0 1.39154e-05
455.1 1.3923e-05
455.2 1.39306e-05
455.3 1.39382e-05
455.4 1.39457e-05
455.5 1.39533e-05
455.6 1.39609e-05
455.7 1.39685e-05
455.8 1.39761e-05
455.9 1.39837e-05
456.0 1.39913e-05
456.1 1.39989e-05
456.2 1.40064e-05
456.3 1.40139e-05
456.4 1.40215e-05
456.5 1.4029e-05
456.6 1.40365e-05
456.7 1.40441e-05
456.8 1.40516e-05
456.9 1.40592e-05
457.0 1.40667e-05
457.1 1.40743e-05
457.2 1.40818e-05
457.3 1.40894e-05
457.4 1.40969e-05
457.5 1.41045e-05
457.6 1.4112e-05
457.7 1.41196e-05
457.8 1.41272e-05
457.9 1.41347e-05
458.0 1.41423e-05
458.1 1.41499e-05
458.2 1.41574e-05
458.3 1.4165e-05
458.4 1.41726e-05
458.5 1.41801e-05
458.6 1.41877e-05
458.7 1.41953e-05
458.8 1.42029e-05
458.9 1.42105e-05
459.0 1.4218e-05
459.1 1.42256e-05
459.2 1.42331e-05
459.3 1.42406e-05
459.4 1.42481e-05
459.5 1.42557e-05
459.6 1.42632e-05
459.7 1.42707e-05
459.8 1.42782e-05
459.9 1.42858e-05
460.0 1.42933e-05
460.1 1.42945e-05
460.2 1.42958e-05
460.3 1.42971e-05
460.4 1.42983e-05
460.5 1.42996e-05
460.6 1.43008e-05
460.7 1.43021e-05
460.8 1.43033e-05
460.9 1.43046e-05
461.0 1.43058e-05
461.1 1.43133e-05
461.2 1.43209e-05
461.3 1.43284e-05
461.4 1.4336e-05
461.5 1.43435e-05
461.6 1.4351e-05
461.7 1.43586e-05
461.8 1.43661e-05
461.9 1.43737e-05
462.0 1.43812e-05
462.1 1.43825e-05
462.2 1.43838e-05
462.3 1.4385e-05
462.4 1.43863e-05
462.5 1.43876e-05
462.6 1.43889e-05
462.7 1.43902e-05
462.8 1.43915e-05
462.9 1.43927e-05
463.0 1.4394e-05
463.1 1.44016e-05
463.2 1.44092e-05
463.3 1.44168e-05
463.4 1.44244e-05
463.5 1.4432e-05
463.6 1.44396e-05
463.7 1.44472e-05
463.8 1.44548e-05
463.9 1.44624e-05
464.0 1.447e-05
464.1 1.44713e-05
464.2 1.44726e-05
464.3 1.44739e-05
464.4 1.44753e-05
464.5 1.44766e-05
464.6 1.44779e-05
464.7 1.44792e-05
464.8 1.44805e-05
464.9 1.44819e-05
465.0 1.44832e-05
465.1 1.44845e-05
465.2 1.44858e-05
465.3 1.44871e-05
465.4 1.44885e-05
465.5 1.44898e-05
465.6 1.44911e-05
465.7 1.44924e-05
465.8 1.44938e-05
465.9 1.44951e-05
466.0 1.44964e-05
466.1 1.44974e-05
466.2 1.44983e-05
466.3 1.44993e-05
466.4 1.45002e-05
466.5 1.45012e-05
466.6 1.45022e-05
466.7 1.45031e-05
466.8 1.45041e-05
466.9 1.4505e-05
467.0 1.4506e-05
467.1 1.45069e-05
467.2 1.45078e-05
467.3 1.45087e-05
467.4 1.45097e-05
467.5 1.45106e-05
467.6 1.45115e-05
467.7 1.45124e-05
467.8 1.45133e-05
467.9 1.45142e-05
468.0 1.45152e-05
468.1 1.45161e-05
468.2 1.4517e-05
468.3 1.45179e-05
468.4 1.45189e-05
468.5 1.45198e-05
468.6 1.45207e-05
468.7 1.45216e-05
468.8 1.45225e-05
468.9 1.45235e-05
469.0 1.45244e-05
469.1 1.45254e-05
469.2 1.45264e-05
469.3 1.45274e-05
469.4 1.45285e-05
469.5 1.45295e-05
469.6 1.45305e-05
469.7 1.45315e-05
469.8 1.45325e-05
469.9 1.45336e-05
470.0 1.45346e-05
470.1 1.45357e-05
470.2 1.45369e-05
470.3 1.45381e-05
470.4 1.45392e-05
470.5 1.45404e-05
470.6 1.45416e-05
470.7 1.45427e-05
470.8 1.45439e-05
470.9 1.45451e-05
471.0 1.45462e-05
471.1 1.45474e-05
471.2 1.45486e-05
471.3 1.45497e-05
471.4 1.45509e-05
471.5 1.45521e-05
471.6 1.45533e-05
471.7 1.45544e-05
471.8 1.45556e-05
471.9 1.45568e-05
472.0 1.45579e-05
472.1 1.45528e-05
472.2 1.45476e-05
472.3 1.45425e-05
472.4 1.45373e-05
472.5 1.45322e-05
472.6 1.4527e-05
472.7 1.45219e-05
472.8 1.45167e-05
472.9 1.45115e-05
473.0 1.45064e-05
473.1 1.4507e-05
473.2 1.45077e-05
473.3 1.45083e-05
473.4 1.4509e-05
473.5 1.45097e-05
473.6 1.45103e-05
473.7 1.4511e-05
473.8 1.45116e-05
473.9 1.45123e-05
474.0 1.4513e-05
474.1 1.45072e-05
474.2 1.45014e-05
474.3 1.44956e-05
474.4 1.44897e-05
474.5 1.44839e-05
474.6 1.44781e-05
474.7 1.44723e-05
474.8 1.44665e-05
474.9 1.44607e-05
475.0 1.44549e-05
475.1 1.44554e-05
475.2 1.4456e-05
475.3 1.44565e-05
475.4 1.4457e-05
475.5 1.44575e-05
475.6 1.44581e-05
475.7 1.44586e-05
475.8 1.44591e-05
475.9 1.44596e-05
476.0 1.44602e-05
476.1 1.44544e-05
476.2 1.44486e-05
476.3 1.44429e-05
476.4 1.44371e-05
476.5 1.44313e-05
476.6 1.44256e-05
476.7 1.44198e-05
476.8 1.4414e-05
476.9 1.44083e-05
477.0 1.44025e-05
477.1 1.43972e-05
477.2 1.43919e-05
477.3 1.43866e-05
477.4 1.43813e-05
477.5 1.4376e-05
477.6 1.43707e-05
477.7 1.43653e-05
477.8 1.436e-05
477.9 1.43547e-05
478.0 1.43494e-05
478.1 1.43441e-05
478.2 1.43388e-05
478.3 1.43335e-05
478.4 1.43281e-05
478.5 1.43228e-05
478.6 1.43175e-05
478.7 1.43122e-05
478.8 1.43069e-05
478.9 1.43016e-05
479.0 1.42962e-05
479.1 1.42909e-05
479.2 1.42856e-05
479.3 1.42803e-05
479.4 1.4275e-05
479.5 1.42696e-05
479.6 1.42643e-05
479.7 1.4259e-05
479.8 1.42537e-05
479.9 1.42484e-05
480.0 1.4243e-05
480.1 1.42376e-05
480.2 1.42322e-05
480.3 1.42268e-05
480.4 1.42214e-05
480.5 1.4216e-05
480.6 1.42106e-05
480.7 1.42051e-05
480.8 1.41997e-05
480.9 1.41943e-05
481.0 1.41889e-05
481.1 1.4177e-05
481.2 1.41651e-05
481.3 1.41531e-05
481.4 1.41412e-05
481.5 1.41293e-05
481.6 1.41174e-05
481.7 1.41054e-05
481.8 1.40935e-05
481.9 1.40816e-05
482.0 1.40697e-05
482.1 1.40641e-05
482.2 1.40585e-05
482.3 1.4053e-05
482.4 1.40474e-05
482.5 1.40418e-05
482.6 1.40363e-05
482.7 1.40307e-05
482.8 1.40252e-05
482.9 1.40196e-05
483.0 1.4014e-05
483.1 1.40085e-05
483.2 1.40029e-05
483.3 1.39973e-05
483.4 1.39918e-05
483.5 1.39862e-05
483.6 1.39806e-05
483.7 1.39751e-05
483.8 1.39695e-05
483.9 1.39639e-05
484.0 1.39583e-05
484.1 1.39464e-05
484.2 1.39345e-05
484.3 1.39225e-05
484.4 1.39106e-05
484.5 1.38986e-05
484.6 1.38867e-05
484.7 1.38747e-05
484.8 1.38628e-05
484.9 1.38508e-05
485.0 1.38389e-05
485.1 1.38269e-05
485.2 1.3815e-05
485.3 1.3803e-05
485.4 1.37911e-05
485.5 1.37791e-05
485.6 1.37671e-05
485.7 1.37552e-05
485.8 1.37432e-05
485.9 1.37313e-05
486.0 1.37193e-05
486.1 1.37137e-05
486.2 1.37081e-05
486.3 1.37026e-05
486.4 1.3697e-05
486.5 1.36914e-05
486.6 1.36858e-05
486.7 1.36802e-05
486.8 1.36746e-05
486.9 1.36691e-05
487.0 1.36635e-05
487.1 1.36515e-05
487.2 1.36395e-05
487.3 1.36276e-05
487.4 1.36156e-05
487.5 1.36036e-05
487.6 1.35916e-05
487.7 1.35797e-05
487.8 1.35677e-05
487.9 1.35557e-05
488.0 1.35437e-05
488.1 1.35317e-05
488.2 1.35197e-05
488.3 1.35077e-05
488.4 1.34958e-05
488.5 1.34838e-05
488.6 1.34718e-05
488.7 1.34598e-05
488.8 1.34478e-05
488.9 1.34358e-05
489.0 1.34238e-05
489.1 1.34118e-05
489.2 1.33998e-05
489.3 1.33878e-05
489.4 1.33758e-05
489.5 1.33638e-05
489.6 1.33518e-05
489.7 1.33398e-05
489.8 1.33278e-05
489.9 1.33158e-05
490.0 1.33037e-05
490.1 1.32853e-05
490.2 1.32669e-05
490.3 1.32485e-05
490.4 1.32301e-05
490.5 1.32117e-05
490.6 1.31933e-05
490.7 1.31749e-05
490.8 1.31564e-05
490.9 1.3138e-05
491.0 1.31196e-05
491.1 1.31076e-05
491.2 1.30955e-05
491.3 1.30835e-05
491.4 1.30715e-05
491.5 1.30594e-05
491.6 1.30474e-05
491.7 1.30354e-05
491.8 1.30233e-05
491.9 1.30113e-05
492.0 1.29993e-05
492.1 1.29872e-05
492.2 1.29751e-05
492.3 1.2963e-05
492.4 1.29509e-05
492.5 1.29387e-05
492.6 1.29266e-05
492.7 1.29145e-05
492.8 1.29024e-05
492.9 1.28903e-05
493.0 1.28782e-05
493.1 1.28661e-05
493.2 1.2854e-05
493.3 1.28418e-05
493.4 1.28297e-05
493.5 1.28176e-05
493.6 1.28055e-05
493.7 1.27934e-05
493.8 1.27812e-05
493.9 1.27691e-05
494.0 1.2757e-05
494.1 1.27385e-05
494.2 1.27199e-05
494.3 1.27014e-05
494.4 1.26828e-05
494.5 1.26643e-05
494.6 1.26458e-05
494.7 1.26272e-05
494.8 1.26087e-05
494.9 1.25901e-05
495.0 1.25716e-05
495.1 1.25594e-05
495.2 1.25473e-05
495.3 1.25351e-05
495.4 1.2523e-05
495.5 1.25108e-05
495.6 1.24987e-05
495.7 1.24866e-05
495.8 1.24744e-05
495.9 1.24623e-05
496.0 1.24501e-05
496.1 1.24315e-05
496.2 1.24129e-05
496.3 1.23943e-05
496.4 1.23757e-05
496.5 1.23571e-05
496.6 1.23385e-05
496.7 1.23199e-05
496.8 1.23013e-05
496.9 1.22827e-05
497.0 1.22641e-05
497.1 1.22455e-05
497.2 1.22269e-05
497.3 1.22083e-05
497.4 1.21896e-05
497.5 1.2171e-05
497.6 1.21524e-05
497.7 1.21338e-05
497.8 1.21152e-05
497.9 1.20965e-05
498.0 1.20779e-05
498.1 1.20657e-05
498.2 1.20535e-05
498.3 1.20413e-05
498.4 1.20291e-05
498.5 1.20169e-05
498.6 1.20047e-05
498.7 1.19925e-05
498.8 1.19802e-05
498.9 1.1968e-05
499.0 1.19558e-05
499.1 1.19372e-05
499.2 1.19185e-05
499.3 1.18999e-05
499.4 1.18812e-05
499.5 1.18625e-05
499.6 1.18439e-05
499.7 1.18252e-05
499.8 1.18065e-05
499.9 1.17879e-05
500.0 1.17692e-05
500.1 1.17504e-05
500.2 1.17316e-05
500.3 1.17129e-05
500.4 1.16941e-05
500.5 1.16753e-05
500.6 1.16565e-05
500.7 1.16377e-05
500.8 1.16189e-05
500.9 1.16001e-05
501.0 1.15813e-05
501.1 1.1569e-05
501.2 1.15566e-05
501.3 1.15443e-05
501.4 1.15319e-05
501.5 1.15195e-05
501.6 1.15072e-05
501.7 1.14948e-05
501.8 1.14825e-05
501.9 1.14701e-05
502.0 1.14577e-05
502.1 1.14389e-05
502.2 1.14201e-05
502.3 1.14013e-05
502.4 1.13825e-05
502.5 1.13637e-05
502.6 1.13449e-05
502.7 1.13261e-05
502.8 1.13072e-05
502.9 1.12884e-05
503.0 1.12696e-05
503.1 1.12572e-05
503.2 1.12448e-05
503.3 1.12325e-05
503.4 1.12201e-05
503.5 1.12077e-05
503.6 1.11953e-05
503.7 1.11829e-05
503.8 1.11705e-05
503.9 1.11581e-05
504.0 1.11457e-05
504.1 1.11271e-05
504.2 1.11084e-05
504.3 1.10897e-05
504.4 1.1071e-05
504.5 1.10523e-05
504.6 1.10337e-05
504.7 1.1015e-05
504.8 1.09963e-05
504.9 1.09776e-05
505.0 1.09589e-05
505.1 1.09402e-05
505.2 1.09215e-05
505.3 1.09028e-05
505.4 1.08841e-05
505.5 1.08654e-05
505.6 1.08467e-05
505.7 1.08279e-05
505.8 1.08092e-05
505.9 1.07905e-05
506.0 1.07718e-05
506.1 1.07531e-05
506.2 1.07344e-05
506.3 1.07156e-05
506.4 1.06969e-05
506.5 1.06782e-05
506.6 1.06595e-05
506.7 1.06407e-05
506.8 1.0622e-05
506.9 1.06033e-05
507.0 1.05845e-05
507.1 1.05658e-05
507.2 1.0547e-05
507.3 1.05283e-05
507.4 1.05095e-05
507.5 1.04908e-05
507.6 1.0472e-05
507.7 1.04533e-05
507.8 1.04345e-05
507.9 1.04158e-05
508.0 1.0397e-05
508.1 1.0378e-05
508.2 1.03591e-05
508.3 1.03401e-05
508.4 1.03211e-05
508.5 1.03022e-05
508.6 1.02832e-05
508.7 1.02642e-05
508.8 1.02452e-05
508.9 1.02262e-05
509.0 1.02073e-05
509.1 1.01883e-05
509.2 1.01692e-05
509.3 1.01502e-05
509.4 1.01312e-05
509.5 1.01122e-05
509.6 1.00932e-05
509.7 1.00742e-05
509.8 1.00552e-05
509.9 1.00362e-05
510.0 1.00172e-05
510.1 9.99813e-06
510.2 9.97911e-06
510.3 9.96009e-06
510.4 9.94106e-06
510.5 9.92203e-06
510.6 9.903e-06
510.7 9.88397e-06
510.8 9.86494e-06
510.9 9.84591e-06
511.0 9.82688e-06
511.1 9.80784e-06
511.2 9.78881e-06
511.3 9.76977e-06
511.4 9.75073e-06
511.5 9.73169e-06
511.6 9.71265e-06
511.7 9.69361e-06
511.8 9.67456e-06
511.9 9.65552e-06
512.0 9.63647e-06
512.1 9.61748e-06
512.2 9.59848e-06
512.3 9.57949e-06
512.4 9.56049e-06
512.5 9.54149e-06
512.6 9.52249e-06
512.7 9.50348e-06
512.8 9.48448e-06
512.9 9.46547e-06
513.0 9.44646e-06
513.1 9.42748e-06
513.2 9.4085e-06
513.3 9.38952e-06
513.4 9.37053e-06
513.5 9.35154e-06
513.6 9.33255e-06
513.7 9.31356e-06
513.8 9.29457e-06
513.9 9.27557e-06
514.0 9.25658e-06
514.1 9.23758e-06
514.2 9.21858e-06
514.3 9.19958e-06
514.4 9.18057e-06
514.5 9.16157e-06
514.6 9.14256e-06
514.7 9.12355e-06
514.8 9.10454e-06
514.9 9.08553e-06
515.0 9.06651e-06
515.1 9.05398e-06
515.2 9.04144e-06
515.3 9.0289e-06
515.4 9.01636e-06
515.5 9.00382e-06
515.6 8.99127e-06
515.7 8.97873e-06
515.8 8.96618e-06
515.9 8.95364e-06
516.0 8.94109e-06
516.1 8.92204e-06
516.2 8.90299e-06
516.3 8.88393e-06
516.4 8.86488e-06
516.5 8.84582e-06
516.6 8.82676e-06
516.7 8.8077e-06
516.8 8.78864e-06
516.9 8.76958e-06
517.0 8.75051e-06
517.1 8.73141e-06
517.2 8.71231e-06
517.3 8.6932e-06
517.4 8.6741e-06
517.5 8.65499e-06
517.6 8.63588e-06
517.7 8.61677e-06
517.8 8.59766e-06
517.9 8.57855e-06
518.0 8.55943e-06
518.1 8.54032e-06
518.2 8.5212e-06
518.3 8.50208e-06
518.4 8.48296e-06
518.5 8.46384e-06
518.6 8.44471e-06
518.7 8.42559e-06
518.8 8.40646e-06
518.9 8.38733e-06
519.0 8.3682e-06
519.1 8.34907e-06
519.2 8.32994e-06
519.3 8.31081e-06
519.4 8.29167e-06
519.5 8.27253e-06
519.6 8.25339e-06
519.7 8.23425e-06
519.8 8.21511e-06
519.9 8.19597e-06
520.0 8.17682e-06
520.1 8.15767e-06
520.2 8.13853e-06
520.3 8.11938e-06
520.4 8.10022e-06
520.5 8.08107e-06
520.6 8.06192e-06
520.7 8.04276e-06
520.8 8.0236e-06
520.9 8.00444e-06
521.0 7.98528e-06
521.1 7.96611e-06
521.2 7.94693e-06
521.3 7.92776e-06
521.4 7.90858e-06
521.5 7.8894e-06
521.6 7.87021e-06
521.7 7.85103e-06
521.8 7.83185e-06
521.9 7.81266e-06
522.0 7.79347e-06
522.1 7.77429e-06
522.2 7.7551e-06
522.3 7.73591e-06
522.4 7.71672e-06
522.5 7.69752e-06
522.6 7.67833e-06
522.7 7.65913e-06
522.8 7.63994e-06
522.9 7.62074e-06
523.0 7.60154e-06
523.1 7.58233e-06
523.2 7.56313e-06
523.3 7.54392e-06
523.4 7.52472e-06
523.5 7.50551e-06
523.6 7.4863e-06
523.7 7.46709e-06
523.8 7.44787e-06
523.9 7.42866e-06
524.0 7.40944e-06
524.1 7.39672e-06
524.2 7.384e-06
524.3 7.37128e-06
524.4 7.35856e-06
524.5 7.34584e-06
524.6 7.33312e-06
524.7 7.3204e-06
524.8 7.30767e-06
524.9 7.29494e-06
525.0 7.28222e-06
525.1 7.26294e-06
525.2 7.24366e-06
525.3 7.22438e-06
525.4 7.20509e-06
525.5 7.18581e-06
525.6 7.16652e-06
525.7 7.14724e-06
525.8 7.12795e-06
525.9 7.10866e-06
526.0 7.08937e-06
526.1 7.07004e-06
526.2 7.0507e-06
526.3 7.03136e-06
526.4 7.01203e-06
526.5 6.99269e-06
526.6 6.97335e-06
526.7 6.95401e-06
526.8 6.93466e-06
526.9 6.91532e-06
527.0 6.89598e-06
527.1 6.88312e-06
527.2 6.87026e-06
527.3 6.8574e-06
527.4 6.84454e-06
527.5 6.83167e-06
527.6 6.81881e-06
527.7 6.80595e-06
527.8 6.79308e-06
527.9 6.78022e-06
528.0 6.76735e-06
528.1 6.75446e-06
528.2 6.74156e-06
528.3 6.72867e-06
528.4 6.71578e-06
528.5 6.70288e-06
528.6 6.68998e-06
528.7 6.67709e-06
528.8 6.66419e-06
528.9 6.65129e-06
529.0 6.63839e-06
529.1 6.62548e-06
529.2 6.61257e-06
529.3 6.59965e-06
529.4 6.58674e-06
529.5 6.57382e-06
529.6 6.56091e-06
529.7 6.54799e-06
529.8 6.53507e-06
529.9 6.52216e-06
530.0 6.50924e-06
530.1 6.49002e-06
530.2 6.4708e-06
530.3 6.45157e-06
530.4 6.43235e-06
530.5 6.41312e-06
530.6 6.39389e-06
530.7 6.37466e-06
530.8 6.35542e-06
530.9 6.33619e-06
531.0 6.31695e-06
531.1 6.30422e-06
531.2 6.2915e-06
531.3 6.27877e-06
531.4 6.26604e-06
531.5 6.25331e-06
531.6 6.24057e-06
531.7 6.22784e-06
531.8 6.2151e-06
531.9 6.20237e-06
532.0 6.18963e-06
532.1 6.17689e-06
532.2 6.16415e-06
532.3 6.15141e-06
532.4 6.13867e-06
532.5 6.12593e-06
532.6 6.11318e-06
532.7 6.10044e-06
532.8 6.08769e-06
532.9 6.07494e-06
533.0 6.0622e-06
533.1 6.04944e-06
533.2 6.03669e-06
533.3 6.02393e-06
533.4 6.01118e-06
533.5 5.99842e-06
533.6 5.98566e-06
533.7 5.9729e-06
533.8 5.96014e-06
533.9 5.94737e-06
534.0 5.93461e-06
534.1 5.92183e-06
534.2 5.90904e-06
534.3 5.89625e-06
534.4 5.88346e-06
534.5 5.87067e-06
534.6 5.85788e-06
534.7 5.84509e-06
534.8 5.8323e-06
534.9 5.8195e-06
535.0 5.80671e-06
535.1 5.79389e-06
535.2 5.78108e-06
535.3 5.76826e-06
535.4 5.75545e-06
535.5 5.74263e-06
535.6 5.72981e-06
535.7 5.71699e-06
535.8 5.70417e-06
535.9 5.69135e-06
536.0 5.67852e-06
536.1 5.6657e-06
536.2 5.65287e-06
536.3 5.64005e-06
536.4 5.62722e-06
536.5 5.61439e-06
536.6 5.60156e-06
536.7 5.58873e-06
536.8 5.5759e-06
536.9 5.56306e-06
537.0 5.55023e-06
537.1 5.54392e-06
537.2 5.53761e-06
537.3 5.53131e-06
537.4 5.525e-06
537.5 5.51869e-06
537.6 5.51238e-06
537.7 5.50607e-06
537.8 5.49976e-06
537.9 5.49345e-06
538.0 5.48714e-06
538.1 5.4743e-06
538.2 5.46145e-06
538.3 5.4486e-06
538.4 5.43575e-06
538.5 5.4229e-06
538.6 5.41005e-06
538.7 5.3972e-06
538.8 5.38435e-06
538.9 5.3715e-06
539.0 5.35864e-06
539.1 5.34573e-06
539.2 5.33281e-06
539.3 5.31989e-06
539.4 5.30697e-06
539.5 5.29405e-06
539.6 5.28113e-06
539.7 5.26821e-06
539.8 5.25529e-06
539.9 5.24236e-06
540.0 5.22944e-06
540.1 5.21651e-06
540.2 5.20357e-06
540.3 5.19064e-06
540.4 5.1777e-06
540.5 5.16476e-06
540.6 5.15183e-06
540.7 5.13889e-06
540.8 5.12595e-06
540.9 5.11301e-06
541.0 5.10007e-06
541.1 5.08712e-06
541.2 5.07418e-06
541.3 5.06123e-06
541.4 5.04828e-06
541.5 5.03533e-06
541.6 5.02239e-06
541.7 5.00944e-06
541.8 4.99649e-06
541.9 4.98353e-06
542.0 4.97058e-06
542.1 4.95763e-06
542.2 4.94467e-06
542.3 4.93171e-06
542.4 4.91875e-06
542.5 4.90579e-06
542.6 4.89284e-06
542.7 4.87988e-06
542.8 4.86691e-06
542.9 4.85395e-06
543.0 4.84099e-06
543.1 4.82803e-06
543.2 4.81507e-06
543.3 4.80211e-06
543.4 4.78915e-06
543.5 4.77619e-06
543.6 4.76323e-06
543.7 4.75027e-06
543.8 4.73731e-06
543.9 4.72434e-06
544.0 4.71138e-06
544.1 4.69845e-06
544.2 4.68552e-06
544.3 4.67259e-06
544.4 4.65966e-06
544.5 4.64673e-06
544.6 4.6338e-06
544.7 4.62086e-06
544.8 4.60793e-06
544.9 4.595e-06
545.0 4.58206e-06
545.1 4.56912e-06
545.2 4.55619e-06
545.3 4.54325e-06
545.4 4.53031e-06
545.5 4.51737e-06
545.6 4.50443e-06
545.7 4.49148e-06
545.8 4.47854e-06
545.9 4.4656e-06
546.0 4.45265e-06
546.1 4.43971e-06
546.2 4.42677e-06
546.3 4.41382e-06
546.4 4.40087e-06
546.5 4.38793e-06
546.6 4.37498e-06
546.7 4.36203e-06
546.8 4.34908e-06
546.9 4.33613e-06
547.0 4.32318e-06
547.1 4.31023e-06
547.2 4.29727e-06
547.3 4.28432e-06
547.4 4.27136e-06
547.5 4.25841e-06
547.6 4.24545e-06
547.7 4.23249e-06
547.8 4.21953e-06
547.9 4.20657e-06
548.0 4.19361e-06
548.1 4.18714e-06
548.2 4.18066e-06
548.3 4.17418e-06
548.4 4.16771e-06
548.5 4.16123e-06
548.6 4.15475e-06
548.7 4.14827e-06
548.8 4.14179e-06
548.9 4.13532e-06
549.0 4.12884e-06
549.1 4.11566e-06
549.2 4.10249e-06
549.3 4.08932e-06
549.4 4.07615e-06
549.5 4.06298e-06
549.6 4.04981e-06
549.7 4.03664e-06
549.8 4.02347e-06
549.9 4.0103e-06
550.0 3.99713e-06
550.1 3.99044e-06
550.2 3.98374e-06
550.3 3.97705e-06
550.4 3.97036e-06
550.5 3.96367e-06
550.6 3.95698e-06
550.7 3.95029e-06
550.8 3.9436e-06
550.9 3.93692e-06
551.0 3.93023e-06
551.1 3.91688e-06
551.2 3.90353e-06
551.3 3.89018e-06
551.4 3.87684e-06
551.5 3.86349e-06
551.6 3.85015e-06
551.7 3.83681e-06
551.8 3.82347e-06
551.9 3.81013e-06
552.0 3.7968e-06
552.1 3.78985e-06
552.2 3.7829e-06
552.3 3.77595e-06
552.4 3.76901e-06
552.5 3.76206e-06
552.6 3.75512e-06
552.7 3.74818e-06
552.8 3.74124e-06
552.9 3.7343e-06
553.0 3.72736e-06
553.1 3.72076e-06
553.2 3.71416e-06
553.3 3.70756e-06
553.4 3.70097e-06
553.5 3.69437e-06
553.6 3.68777e-06
553.7 3.68117e-06
553.8 3.67458e-06
553.9 3.66798e-06
554.0 3.66138e-06
554.1 3.6487e-06
554.2 3.63602e-06
554.3 3.62333e-06
554.4 3.61064e-06
554.5 3.59795e-06
554.6 3.58525e-06
554.7 3.57255e-06
554.8 3.55985e-06
554.9 3.54715e-06
555.0 3.53444e-06
555.1 3.52823e-06
555.2 3.52202e-06
555.3 3.51581e-06
555.4 3.5096e-06
555.5 3.50339e-06
555.6 3.49718e-06
555.7 3.49096e-06
555.8 3.48475e-06
555.9 3.47853e-06
556.0 3.47231e-06
556.1 3.46606e-06
556.2 3.4598e-06
556.3 3.45355e-06
556.4 3.44729e-06
556.5 3.44103e-06
556.6 3.43477e-06
556.7 3.42851e-06
556.8 3.42225e-06
556.9 3.41599e-06
557.0 3.40972e-06
557.1 3.39687e-06
557.2 3.38402e-06
557.3 3.37116e-06
557.4 3.3583e-06
557.5 3.34544e-06
557.6 3.33258e-06
557.7 3.31972e-06
557.8 3.30685e-06
557.9 3.29398e-06
558.0 3.28111e-06
558.1 3.27464e-06
558.2 3.26817e-06
558.3 3.2617e-06
558.4 3.25523e-06
558.5 3.24876e-06
558.6 3.24229e-06
558.7 3.23581e-06
558.8 3.22934e-06
558.9 3.22287e-06
559.0 3.21639e-06
559.1 3.20976e-06
559.2 3.20312e-06
559.3 3.19649e-06
559.4 3.18985e-06
559.5 3.18322e-06
559.6 3.17658e-06
559.7 3.16995e-06
559.8 3.16331e-06
559.9 3.15668e-06
560.0 3.15004e-06
560.1 3.14338e-06
560.2 3.13672e-06
560.3 3.13005e-06
560.4 3.12339e-06
560.5 3.11673e-06
560.6 3.11006e-06
560.7 3.1034e-06
560.8 3.09674e-06
560.9 3.09008e-06
561.0 3.08342e-06
561.1 3.07672e-06
561.2 3.07003e-06
561.3 3.06333e-06
561.4 3.05664e-06
561.5 3.04994e-06
561.6 3.04325e-06
561.7 3.03656e-06
561.8 3.02987e-06
561.9 3.02317e-06
562.0 3.01648e-06
562.1 3.00975e-06
562.2 3.00301e-06
562.3 2.99628e-06
562.4 2.98955e-06
562.5 2.98282e-06
562.6 2.97609e-06
562.7 2.96936e-06
562.8 2.96263e-06
562.9 2.9559e-06
563.0 2.94917e-06
563.1 2.94256e-06
563.2 2.93595e-06
563.3 2.92934e-06
563.4 2.92273e-06
563.5 2.91613e-06
563.6 2.90952e-06
563.7 2.90291e-06
563.8 2.8963e-06
563.9 2.88969e-06
564.0 2.88308e-06
564.1 2.8767e-06
564.2 2.87032e-06
564.3 2.86393e-06
564.4 2.85755e-06
564.5 2.85116e-06
564.6 2.84477e-06
564.7 2.83839e-06
564.8 2.832e-06
564.9 2.82561e-06
565.0 2.81922e-06
565.1 2.81282e-06
565.2 2.80643e-06
565.3 2.80003e-06
565.4 2.79364e-06
565.5 2.78724e-06
565.6 2.78084e-06
565.7 2.77444e-06
565.8 2.76804e-06
565.9 2.76164e-06
566.0 2.75524e-06
566.1 2.74884e-06
566.2 2.74243e-06
566.3 2.73603e-06
566.4 2.72962e-06
566.5 2.72321e-06
566.6 2.7168e-06
566.7 2.71039e-06
566.8 2.70398e-06
566.9 2.69757e-06
567.0 2.69116e-06
567.1 2.68475e-06
567.2 2.67833e-06
567.3 2.67191e-06
567.4 2.6655e-06
567.5 2.65908e-06
567.6 2.65266e-06
567.7 2.64624e-06
567.8 2.63982e-06
567.9 2.6334e-06
568.0 2.62698e-06
568.1 2.62048e-06
568.2 2.61399e-06
568.3 2.6075e-06
568.4 2.60101e-06
568.5 2.59451e-06
568.6 2.58802e-06
568.7 2.58153e-06
568.8 2.57503e-06
568.9 2.56854e-06
569.0 2.56204e-06
569.1 2.55539e-06
569.2 2.54873e-06
569.3 2.54207e-06
569.4 2.53542e-06
569.5 2.52876e-06
569.6 2.52211e-06
569.7 2.51545e-06
569.8 2.5088e-06
569.9 2.50214e-06
570.0 2.49549e-06
570.1 2.48882e-06
570.2 2.48215e-06
570.3 2.47548e-06
570.4 2.46881e-06
570.5 2.46214e-06
570.6 2.45547e-06
570.7 2.44881e-06
570.8 2.44214e-06
570.9 2.43547e-06
571.0 2.42881e-06
571.1 2.42212e-06
571.2 2.41543e-06
571.3 2.40875e-06
571.4 2.40207e-06
571.5 2.39538e-06
571.6 2.3887e-06
571.7 2.38202e-06
571.8 2.37534e-06
571.9 2.36866e-06
572.0 2.36198e-06
572.1 2.36184e-06
572.2 2.3617e-06
572.3 2.36156e-06
572.4 2.36142e-06
572.5 2.36128e-06
572.6 2.36114e-06
572.7 2.361e-06
572.8 2.36086e-06
572.9 2.36072e-06
573.0 2.36058e-06
573.1 2.35386e-06
573.2 2.34714e-06
573.3 2.34042e-06
573.4 2.3337e-06
573.5 2.32698e-06
573.6 2.32026e-06
573.7 2.31355e-06
573.8 2.30683e-06
573.9 2.30012e-06
574.0 2.2934e-06
574.1 2.28673e-06
574.2 2.28006e-06
574.3 2.27339e-06
574.4 2.26672e-06
574.5 2.26005e-06
574.6 2.25338e-06
574.7 2.24671e-06
574.8 2.24004e-06
574.9 2.23338e-06
575.0 2.22671e-06
575.1 2.22003e-06
575.2 2.21335e-06
575.3 2.20667e-06
575.4 2.19999e-06
575.5 2.19331e-06
575.6 2.18663e-06
575.7 2.17996e-06
575.8 2.17328e-06
575.9 2.16661e-06
576.0 2.15993e-06
576.1 2.15324e-06
576.2 2.14655e-06
576.3 2.13986e-06
576.4 2.13318e-06
576.5 2.12649e-06
576.6 2.1198e-06
576.7 2.11312e-06
576.8 2.10643e-06
576.9 2.09975e-06
577.0 2.09307e-06
577.1 2.09291e-06
577.2 2.09275e-06
577.3 2.09259e-06
577.4 2.09243e-06
577.5 2.09227e-06
577.6 2.09211e-06
577.7 2.09195e-06
577.8 2.09179e-06
577.9 2.09163e-06
578.0 2.09148e-06
578.1 2.08476e-06
578.2 2.07805e-06
578.3 2.07134e-06
578.4 2.06463e-06
578.5 2.05792e-06
578.6 2.05121e-06
578.7 2.0445e-06
578.8 2.03779e-06
578.9 2.03109e-06
579.0 2.02438e-06
579.1 2.01793e-06
579.2 2.01148e-06
579.3 2.00502e-06
579.4 1.99857e-06
579.5 1.99211e-06
579.6 1.98566e-06
579.7 1.9792e-06
579.8 1.97275e-06
579.9 1.96629e-06
580.0 1.95983e-06
580.1 1.96007e-06
580.2 1.9603e-06
580.3 1.96054e-06
580.4 1.96077e-06
580.5 1.96101e-06
580.6 1.96124e-06
580.7 1.96148e-06
580.8 1.96171e-06
580.9 1.96195e-06
581.0 1.96218e-06
581.1 1.95586e-06
581.2 1.94954e-06
581.3 1.94322e-06
581.4 1.93689e-06
581.5 1.93057e-06
581.6 1.92424e-06
581.7 1.91791e-06
581.8 1.91158e-06
581.9 1.90525e-06
582.0 1.89891e-06
582.1 1.89912e-06
582.2 1.89932e-06
582.3 1.89952e-06
582.4 1.89972e-06
582.5 1.89992e-06
582.6 1.90012e-06
582.7 1.90033e-06
582.8 1.90053e-06
582.9 1.90073e-06
583.0 1.90093e-06
583.1 1.89456e-06
583.2 1.8882e-06
583.3 1.88183e-06
583.4 1.87546e-06
583.5 1.86909e-06
583.6 1.86272e-06
583.7 1.85635e-06
583.8 1.84997e-06
583.9 1.8436e-06
584.0 1.83722e-06
584.1 1.8308e-06
584.2 1.82439e-06
584.3 1.81797e-06
584.4 1.81155e-06
584.5 1.80513e-06
584.6 1.79871e-06
584.7 1.79229e-06
584.8 1.78587e-06
584.9 1.77944e-06
585.0 1.77302e-06
585.1 1.77305e-06
585.2 1.77308e-06
585.3 1.77311e-06
585.4 1.77314e-06
585.5 1.77317e-06
585.6 1.7732e-06
585.7 1.77323e-06
585.8 1.77326e-06
585.9 1.77329e-06
586.0 1.77332e-06
586.1 1.76679e-06
586.2 1.76025e-06
586.3 1.75371e-06
586.4 1.74718e-06
586.5 1.74064e-06
586.6 1.7341e-06
586.7 1.72756e-06
586.8 1.72102e-06
586.9 1.71448e-06
587.0 1.70795e-06
587.1 1.70797e-06
587.2 1.708e-06
587.3 1.70803e-06
587.4 1.70806e-06
587.5 1.70809e-06
587.6 1.70812e-06
587.7 1.70815e-06
587.8 1.70818e-06
587.9 1.70821e-06
588.0 1.70824e-06
588.1 1.7017e-06
588.2 1.69516e-06
588.3 1.68862e-06
588.4 1.68208e-06
588.5 1.67554e-06
588.6 1.669e-06
588.7 1.66245e-06
588.8 1.65591e-06
588.9 1.64937e-06
589.0 1.64283e-06
589.1 1.64286e-06
589.2 1.64288e-06
589.3 1.64291e-06
589.4 1.64294e-06
589.5 1.64297e-06
589.6 1.643e-06
589.7 1.64303e-06
589.8 1.64306e-06
589.9 1.64309e-06
590.0 1.64311e-06
590.1 1.63649e-06
590.2 1.62987e-06
590.3 1.62326e-06
590.4 1.61664e-06
590.5 1.61002e-06
590.6 1.6034e-06
590.7 1.59678e-06
590.8 1.59016e-06
590.9 1.58355e-06
591.0 1.57693e-06
591.1 1.57683e-06
591.2 1.57672e-06
591.3 1.57662e-06
591.4 1.57651e-06
591.5 1.57641e-06
591.6 1.57631e-06
591.7 1.5762e-06
591.8 1.5761e-06
591.9 1.576e-06
592.0 1.57589e-06
592.1 1.56921e-06
592.2 1.56253e-06
592.3 1.55585e-06
592.4 1.54917e-06
592.5 1.5425e-06
592.6 1.53582e-06
592.7 1.52914e-06
592.8 1.52247e-06
592.9 1.51579e-06
593.0 1.50912e-06
593.1 1.509e-06
593.2 1.50888e-06
593.3 1.50875e-06
593.4 1.50863e-06
593.5 1.50851e-06
593.6 1.50839e-06
593.7 1.50827e-06
593.8 1.50814e-06
593.9 1.50802e-06
594.0 1.5079e-06
594.1 1.50121e-06
594.2 1.49452e-06
594.3 1.48783e-06
594.4 1.48114e-06
594.5 1.47445e-06
594.6 1.46777e-06
594.7 1.46108e-06
594.8 1.4544e-06
594.9 1.44772e-06
595.0 1.44104e-06
595.1 1.4409e-06
595.2 1.44075e-06
595.3 1.44061e-06
595.4 1.44047e-06
595.5 1.44032e-06
595.6 1.44018e-06
595.7 1.44004e-06
595.8 1.43989e-06
595.9 1.43975e-06
596.0 1.43961e-06
596.1 1.43296e-06
596.2 1.42631e-06
596.3 1.41967e-06
596.4 1.41303e-06
596.5 1.40638e-06
596.6 1.39974e-06
596.7 1.3931e-06
596.8 1.38646e-06
596.9 1.37983e-06
597.0 1.37319e-06
597.1 1.37309e-06
597.2 1.37299e-06
597.3 1.37289e-06
597.4 1.37279e-06
597.5 1.37269e-06
597.6 1.37259e-06
597.7 1.37249e-06
597.8 1.37239e-06
597.9 1.37229e-06
598.0 1.37219e-06
598.1 1.36555e-06
598.2 1.35892e-06
598.3 1.35228e-06
598.4 1.34564e-06
598.5 1.339e-06
598.6 1.33237e-06
598.7 1.32573e-06
598.8 1.3191e-06
598.9 1.31247e-06
599.0 1.30584e-06
599.1 1.30573e-06
599.2 1.30562e-06
599.3 1.30551e-06
599.4 1.3054e-06
599.5 1.3053e-06
599.6 1.30519e-06
599.7 1.30508e-06
599.8 1.30497e-06
599.9 1.30486e-06
600.0 1.30475e-06
600.1 1.30464e-06
600.2 1.30452e-06
600.3 1.30441e-06
600.4 1.30429e-06
600.5 1.30418e-06
600.6 1.30406e-06
600.7 1.30394e-06
600.8 1.30383e-06
600.9 1.30371e-06
601.0 1.3036e-06
601.1 1.29697e-06
601.2 1.29034e-06
601.3 1.28372e-06
601.4 1.2771e-06
601.5 1.27047e-06
601.6 1.26385e-06
601.7 1.25723e-06
601.8 1.25061e-06
601.9 1.24399e-06
602.0 1.23738e-06
602.1 1.23738e-06
602.2 1.23739e-06
602.3 1.2374e-06
602.4 1.23741e-06
602.5 1.23741e-06
602.6 1.23742e-06
602.7 1.23743e-06
602.8 1.23744e-06
602.9 1.23744e-06
603.0 1.23745e-06
603.1 1.23746e-06
603.2 1.23747e-06
603.3 1.23747e-06
603.4 1.23748e-06
603.5 1.23749e-06
603.6 1.2375e-06
603.7 1.2375e-06
603.8 1.23751e-06
603.9 1.23752e-06
604.0 1.23753e-06
604.1 1.23102e-06
604.2 1.22451e-06
604.3 1.21801e-06
604.4 1.2115e-06
604.5 1.205e-06
604.6 1.19849e-06
604.7 1.19198e-06
604.8 1.18548e-06
604.9 1.17897e-06
605.0 1.17246e-06
605.1 1.17247e-06
605.2 1.17248e-06
605.3 1.17249e-06
605.4 1.17249e-06
605.5 1.1725e-06
605.6 1.17251e-06
605.7 1.17251e-06
605.8 1.17252e-06
605.9 1.17253e-06
606.0 1.17254e-06
606.1 1.17254e-06
606.2 1.17255e-06
606.3 1.17256e-06
606.4 1.17257e-06
606.5 1.17257e-06
606.6 1.17258e-06
606.7 1.17259e-06
606.8 1.1726e-06
606.9 1.1726e-06
607.0 1.17261e-06
607.1 1.16609e-06
607.2 1.15957e-06
607.3 1.15305e-06
607.4 1.14653e-06
607.5 1.14001e-06
607.6 1.1335e-06
607.7 1.12698e-06
607.8 1.12046e-06
607.9 1.11394e-06
608.0 1.10742e-06
608.1 1.10737e-06
608.2 1.10732e-06
608.3 1.10727e-06
608.4 1.10722e-06
608.5 1.10717e-06
608.6 1.10712e-06
608.7 1.10706e-06
608.8 1.10701e-06
608.9 1.10696e-06
609.0 1.10691e-06
609.1 1.10686e-06
609.2 1.10681e-06
609.3 1.10675e-06
609.4 1.1067e-06
609.5 1.10665e-06
609.6 1.1066e-06
609.7 1.10654e-06
609.8 1.10649e-06
609.9 1.10644e-06
610.0 1.10638e-06
610.1 1.09982e-06
610.2 1.09326e-06
610.3 1.0867e-06
610.4 1.08014e-06
610.5 1.07358e-06
610.6 1.06702e-06
610.7 1.06046e-06
610.8 1.0539e-06
610.9 1.04734e-06
611.0 1.04079e-06
611.1 1.04073e-06
611.2 1.04068e-06
611.3 1.04062e-06
611.4 1.04057e-06
611.5 1.04052e-06
611.6 1.04046e-06
611.7 1.04041e-06
611.8 1.04036e-06
611.9 1.0403e-06
612.0 1.04025e-06
612.1 1.04019e-06
612.2 1.04014e-06
612.3 1.04008e-06
612.4 1.04003e-06
612.5 1.03997e-06
612.6 1.03992e-06
612.7 1.03986e-06
612.8 1.03981e-06
612.9 1.03975e-06
613.0 1.03969e-06
613.1 1.03313e-06
613.2 1.02656e-06
613.3 1.01999e-06
613.4 1.01342e-06
613.5 1.00686e-06
613.6 1.0003e-06
613.7 9.93732e-07
613.8 9.8717e-07
613.9 9.80608e-07
614.0 9.74047e-07
614.1 9.73926e-07
614.2 9.73805e-07
614.3 9.73684e-07
614.4 9.73563e-07
614.5 9.73442e-07
614.6 9.73321e-07
614.7 9.732e-07
614.8 9.73079e-07
614.9 9.72958e-07
615.0 9.72837e-07
615.1 9.72709e-07
615.2 9.72581e-07
615.3 9.72453e-07
615.4 9.72325e-07
615.5 9.72196e-07
615.6 9.72068e-07
615.7 9.7194e-07
615.8 9.71812e-07
615.9 9.71684e-07
616.0 9.71556e-07
616.1 9.7142e-07
616.2 9.71285e-07
616.3 9.71149e-07
616.4 9.71014e-07
616.5 9.70878e-07
616.6 9.70742e-07
616.7 9.70607e-07
616.8 9.70471e-07
616.9 9.70336e-07
617.0 9.702e-07
617.1 9.6359e-07
617.2 9.56982e-07
617.3 9.50375e-07
617.4 9.43771e-07
617.5 9.37168e-07
617.6 9.30568e-07
617.7 9.23969e-07
617.8 9.17372e-07
617.9 9.10777e-07
618.0 9.04184e-07
618.1 9.04043e-07
618.2 9.03902e-07
618.3 9.03761e-07
618.4 9.03619e-07
618.5 9.03478e-07
618.6 9.03337e-07
618.7 9.03196e-07
618.8 9.03054e-07
618.9 9.02913e-07
619.0 9.02772e-07
619.1 9.02638e-07
619.2 9.02504e-07
619.3 9.02371e-07
619.4 9.02237e-07
619.5 9.02103e-07
619.6 9.0197e-07
619.7 9.01836e-07
619.8 9.01702e-07
619.9 9.01568e-07
620.0 9.01435e-07
620.1 8.94998e-07
620.2 8.8856e-07
620.3 8.82123e-07
620.4 8.75686e-07
620.5 8.69249e-07
620.6 8.62812e-07
620.7 8.56374e-07
620.8 8.49937e-07
620.9 8.435e-07
621.0 8.37062e-07
621.1 8.37064e-07
621.2 8.37065e-07
621.3 8.37066e-07
621.4 8.37068e-07
621.5 8.37069e-07
621.6 8.37071e-07
621.7 8.37072e-07
621.8 8.37074e-07
621.9 8.37075e-07
622.0 8.37076e-07
622.1 8.37078e-07
622.2 8.37079e-07
622.3 8.3708e-07
622.4 8.37082e-07
622.5 8.37083e-07
622.6 8.37084e-07
622.7 8.37086e-07
622.8 8.37087e-07
622.9 8.37088e-07
623.0 8.3709e-07
623.1 8.37091e-07
623.2 8.37093e-07
623.3 8.37094e-07
623.4 8.37096e-07
623.5 8.37097e-07
623.6 8.37099e-07
623.7 8.371e-07
623.8 8.37102e-07
623.9 8.37104e-07
624.0 8.37105e-07
624.1 8.37107e-07
624.2 8.37108e-07
624.3 8.3711e-07
624.4 8.37111e-07
624.5 8.37113e-07
624.6 8.37114e-07
624.7 8.37116e-07
624.8 8.37118e-07
624.9 8.37119e-07
625.0 8.37121e-07
625.1 8.30683e-07
625.2 8.24245e-07
625.3 8.17807e-07
625.4 8.11369e-07
625.5 8.04931e-07
625.6 7.98493e-07
625.7 7.92054e-07
625.8 7.85616e-07
625.9 7.79178e-07
626.0 7.7274e-07
626.1 7.72581e-07
626.2 7.72421e-07
626.3 7.72262e-07
626.4 7.72102e-07
626.5 7.71943e-07
626.6 7.71783e-07
626.7 7.71624e-07
626.8 7.71464e-07
626.9 7.71305e-07
627.0 7.71145e-07
627.1 7.70932e-07
627.2 7.7072e-07
627.3 7.70507e-07
627.4 7.70294e-07
627.5 7.70081e-07
627.6 7.69869e-07
627.7 7.69656e-07
627.8 7.69443e-07
627.9 7.6923e-07
628.0 7.69018e-07
628.1 7.68789e-07
628.2 7.68561e-07
628.3 7.68332e-07
628.4 7.68104e-07
628.5 7.67875e-07
628.6 7.67647e-07
628.7 7.67418e-07
628.8 7.6719e-07
628.9 7.66961e-07
629.0 7.66733e-07
629.1 7.66488e-07
629.2 7.66242e-07
629.3 7.65997e-07
629.4 7.65752e-07
629.5 7.65506e-07
629.6 7.65261e-07
629.7 7.65016e-07
629.8 7.64771e-07
629.9 7.64525e-07
630.0 7.6428e-07
630.1 7.5765e-07
630.2 7.51025e-07
630.3 7.44404e-07
630.4 7.37787e-07
630.5 7.31175e-07
630.6 7.24567e-07
630.7 7.17963e-07
630.8 7.11364e-07
630.9 7.04769e-07
631.0 6.98179e-07
631.1 6.9792e-07
631.2 6.97661e-07
631.3 6.97403e-07
631.4 6.97144e-07
631.5 6.96885e-07
631.6 6.96626e-07
631.7 6.96368e-07
631.8 6.96109e-07
631.9 6.9585e-07
632.0 6.95592e-07
632.1 6.95389e-07
632.2 6.95187e-07
632.3 6.94985e-07
632.4 6.94783e-07
632.5 6.94581e-07
632.6 6.94379e-07
632.7 6.94176e-07
632.8 6.93974e-07
632.9 6.93772e-07
633.0 6.9357e-07
633.1 6.93473e-07
633.2 6.93376e-07
633.3 6.93279e-07
633.4 6.93182e-07
633.5 6.93085e-07
633.6 6.92988e-07
633.7 6.92891e-07
633.8 6.92794e-07
633.9 6.92697e-07
634.0 6.926e-07
634.1 6.925e-07
634.2 6.924e-07
634.3 6.92301e-07
634.4 6.92201e-07
634.5 6.92101e-07
634.6 6.92002e-07
634.7 6.91902e-07
634.8 6.91802e-07
634.9 6.91703e-07
635.0 6.91603e-07
635.1 6.85215e-07
635.2 6.78828e-07
635.3 6.72443e-07
635.4 6.6606e-07
635.5 6.59679e-07
635.6 6.533e-07
635.7 6.46923e-07
635.8 6.40547e-07
635.9 6.34174e-07
636.0 6.27802e-07
636.1 6.27707e-07
636.2 6.27612e-07
636.3 6.27516e-07
636.4 6.27421e-07
636.5 6.27326e-07
636.6 6.27231e-07
636.7 6.27136e-07
636.8 6.2704e-07
636.9 6.26945e-07
637.0 6.2685e-07
637.1 6.26752e-07
637.2 6.26655e-07
637.3 6.26557e-07
637.4 6.26459e-07
637.5 6.26362e-07
637.6 6.26264e-07
637.7 6.26166e-07
637.8 6.26068e-07
637.9 6.25971e-07
638.0 6.25873e-07
638.1 6.25773e-07
638.2 6.25673e-07
638.3 6.25573e-07
638.4 6.25473e-07
638.5 6.25372e-07
638.6 6.25272e-07
638.7 6.25172e-07
638.8 6.25072e-07
638.9 6.24972e-07
639.0 6.24872e-07
639.1 6.24772e-07
639.2 6.24671e-07
639.3 6.24571e-07
639.4 6.2447e-07
639.5 6.2437e-07
639.6 6.2427e-07
639.7 6.24169e-07
639.8 6.24069e-07
639.9 6.23968e-07
640.0 6.23868e-07
640.1 6.23765e-07
640.2 6.23663e-07
640.3 6.2356e-07
640.4 6.23457e-07
640.5 6.23354e-07
640.6 6.23252e-07
640.7 6.23149e-07
640.8 6.23046e-07
640.9 6.22944e-07
641.0 6.22841e-07
641.1 6.22736e-07
641.2 6.22631e-07
641.3 6.22526e-07
641.4 6.22421e-07
641.5 6.22315e-07
641.6 6.2221e-07
641.7 6.22105e-07
641.8 6.22e-07
641.9 6.21895e-07
642.0 6.2179e-07
642.1 6.15466e-07
642.2 6.09143e-07
642.3 6.02823e-07
642.4 5.96505e-07
642.5 5.90189e-07
642.6 5.83876e-07
642.7 5.77564e-07
642.8 5.71255e-07
642.9 5.64948e-07
643.0 5.58643e-07
643.1 5.58544e-07
643.2 5.58444e-07
643.3 5.58345e-07
643.4 5.58246e-07
643.5 5.58147e-07
643.6 5.58048e-07
643.7 5.57949e-07
643.8 5.5785e-07
643.9 5.57751e-07
644.0 5.57652e-07
644.1 5.5755e-07
644.2 5.57448e-07
644.3 5.57347e-07
644.4 5.57245e-07
644.5 5.57144e-07
644.6 5.57042e-07
644.7 5.5694e-07
644.8 5.56839e-07
644.9 5.56737e-07
645.0 5.56636e-07
645.1 5.56532e-07
645.2 5.56428e-07
645.3 5.56324e-07
645.4 5.56221e-07
645.5 5.56117e-07
645.6 5.56013e-07
645.7 5.55909e-07
645.8 5.55805e-07
645.9 5.55702e-07
646.0 5.55598e-07
646.1 5.55492e-07
646.2 5.55385e-07
646.3 5.55279e-07
646.4 5.55173e-07
646.5 5.55066e-07
646.6 5.5496e-07
646.7 5.54854e-07
646.8 5.54748e-07
646.9 5.54641e-07
647.0 5.54535e-07
647.1 5.54426e-07
647.2 5.54318e-07
647.3 5.54209e-07
647.4 5.54101e-07
647.5 5.53992e-07
647.6 5.53884e-07
647.7 5.53775e-07
647.8 5.53667e-07
647.9 5.53558e-07
648.0 5.5345e-07
648.1 5.53339e-07
648.2 5.53227e-07
648.3 5.53116e-07
648.4 5.53005e-07
648.5 5.52894e-07
648.6 5.52783e-07
648.7 5.52672e-07
648.8 5.52561e-07
648.9 5.5245e-07
649.0 5.52339e-07
649.1 5.52226e-07
649.2 5.52112e-07
649.3 5.51999e-07
649.4 5.51885e-07
649.5 5.51772e-07
649.6 5.51658e-07
649.7 5.51545e-07
649.8 5.51431e-07
649.9 5.51318e-07
650.0 5.51204e-07
650.1 5.44965e-07
650.2 5.38728e-07
650.3 5.32494e-07
650.4 5.26262e-07
650.5 5.20033e-07
650.6 5.13807e-07
650.7 5.07583e-07
650.8 5.01362e-07
650.9 4.95143e-07
651.0 4.88927e-07
651.1 4.88822e-07
651.2 4.88716e-07
651.3 4.88611e-07
651.4 4.88505e-07
651.5 4.884e-07
651.6 4.88294e-07
651.7 4.88189e-07
651.8 4.88083e-07
651.9 4.87978e-07
652.0 4.87872e-07
652.1 4.87803e-07
652.2 4.87735e-07
652.3 4.87666e-07
652.4 4.87598e-07
652.5 4.87529e-07
652.6 4.87461e-07
652.7 4.87392e-07
652.8 4.87324e-07
652.9 4.87255e-07
653.0 4.87186e-07
653.1 4.87176e-07
653.2 4.87165e-07
653.3 4.87155e-07
653.4 4.87144e-07
653.5 4.87134e-07
653.6 4.87123e-07
653.7 4.87112e-07
653.8 4.87102e-07
653.9 4.87091e-07
654.0 4.87081e-07
654.1 4.8707e-07
654.2 4.8706e-07
654.3 4.87049e-07
654.4 4.87039e-07
654.5 4.87028e-07
654.6 4.87017e-07
654.7 4.87007e-07
654.8 4.86996e-07
654.9 4.86986e-07
655.0 4.86975e-07
655.1 4.86965e-07
655.2 4.86954e-07
655.3 4.86944e-07
655.4 4.86933e-07
655.5 4.86922e-07
655.6 4.86912e-07
655.7 4.86901e-07
655.8 4.86891e-07
655.9 4.8688e-07
656.0 4.8687e-07
656.1 4.86859e-07
656.2 4.86848e-07
656.3 4.86838e-07
656.4 4.86827e-07
656.5 4.86817e-07
656.6 4.86806e-07
656.7 4.86796e-07
656.8 4.86785e-07
656.9 4.86775e-07
657.0 4.86764e-07
657.1 4.86753e-07
657.2 4.86743e-07
657.3 4.86732e-07
657.4 4.86722e-07
657.5 4.86711e-07
657.6 4.86701e-07
657.7 4.8669e-07
657.8 4.8668e-07
657.9 4.86669e-07
658.0 4.86658e-07
658.1 4.86648e-07
658.2 4.86637e-07
658.3 4.86627e-07
658.4 4.86616e-07
658.5 4.86606e-07
658.6 4.86596e-07
658.7 4.86585e-07
658.8 4.86575e-07
658.9 4.86564e-07
659.0 4.86554e-07
659.1 4.86495e-07
659.2 4.86437e-07
659.3 4.86379e-07
659.4 4.8632e-07
659.5 4.86262e-07
659.6 4.86204e-07
659.7 4.86145e-07
659.8 4.86087e-07
659.9 4.86029e-07
660.0 4.8597e-07
660.1 4.79789e-07
660.2 4.73611e-07
660.3 4.67435e-07
660.4 4.61262e-07
660.5 4.55091e-07
660.6 4.48924e-07
660.7 4.42759e-07
660.8 4.36596e-07
660.9 4.30437e-07
661.0 4.2428e-07
661.1 4.24183e-07
661.2 4.24087e-07
661.3 4.23991e-07
661.4 4.23895e-07
661.5 4.23798e-07
661.6 4.23702e-07
661.7 4.23606e-07
661.8 4.23509e-07
661.9 4.23413e-07
662.0 4.23317e-07
662.1 4.23218e-07
662.2 4.2312e-07
662.3 4.23022e-07
662.4 4.22923e-07
662.5 4.22825e-07
662.6 4.22726e-07
662.7 4.22628e-07
662.8 4.2253e-07
662.9 4.22431e-07
663.0 4.22333e-07
663.1 4.22233e-07
663.2 4.22132e-07
663.3 4.22032e-07
663.4 4.21932e-07
663.5 4.21831e-07
663.6 4.21731e-07
663.7 4.2163e-07
663.8 4.2153e-07
663.9 4.2143e-07
664.0 4.21329e-07
664.1 4.21227e-07
664.2 4.21124e-07
664.3 4.21022e-07
664.4 4.2092e-07
664.5 4.20817e-07
664.6 4.20715e-07
664.7 4.20612e-07
664.8 4.2051e-07
664.9 4.20408e-07
665.0 4.20305e-07
665.1 4.20201e-07
665.2 4.20096e-07
665.3 4.19992e-07
665.4 4.19887e-07
665.5 4.19783e-07
665.6 4.19678e-07
665.7 4.19574e-07
665.8 4.19469e-07
665.9 4.19365e-07
666.0 4.1926e-07
666.1 4.19154e-07
666.2 4.19048e-07
666.3 4.18941e-07
666.4 4.18835e-07
666.5 4.18729e-07
666.6 4.18623e-07
666.7 4.18516e-07
666.8 4.1841e-07
666.9 4.18304e-07
667.0 4.18197e-07
667.1 4.1809e-07
667.2 4.17982e-07
667.3 4.17875e-07
667.4 4.17767e-07
667.5 4.1766e-07
667.6 4.17552e-07
667.7 4.17445e-07
667.8 4.17337e-07
667.9 4.1723e-07
668.0 4.17122e-07
668.1 4.17013e-07
668.2 4.16903e-07
668.3 4.16793e-07
668.4 4.16683e-07
668.5 4.16573e-07
668.6 4.16464e-07
668.7 4.16354e-07
668.8 4.16244e-07
668.9 4.16134e-07
669.0 4.16025e-07
669.1 4.15913e-07
669.2 4.15801e-07
669.3 4.15689e-07
669.4 4.15577e-07
669.5 4.15465e-07
669.6 4.15354e-07
669.7 4.15242e-07
669.8 4.1513e-07
669.9 4.15018e-07
670.0 4.14906e-07
670.1 4.14792e-07
670.2 4.14678e-07
670.3 4.14564e-07
670.4 4.1445e-07
670.5 4.14336e-07
670.6 4.14221e-07
670.7 4.14107e-07
670.8 4.13993e-07
670.9 4.13879e-07
671.0 4.13765e-07
671.1 4.13649e-07
671.2 4.13532e-07
671.3 4.13416e-07
671.4 4.13299e-07
671.5 4.13183e-07
671.6 4.13067e-07
671.7 4.1295e-07
671.8 4.12834e-07
671.9 4.12717e-07
672.0 4.12601e-07
672.1 4.0659e-07
672.2 4.00582e-07
672.3 3.94577e-07
672.4 3.88576e-07
672.5 3.82579e-07
672.6 3.76584e-07
672.7 3.70593e-07
672.8 3.64606e-07
672.9 3.58622e-07
673.0 3.52641e-07
673.1 3.52538e-07
673.2 3.52434e-07
673.3 3.52331e-07
673.4 3.52227e-07
673.5 3.52124e-07
673.6 3.52021e-07
673.7 3.51917e-07
673.8 3.51814e-07
673.9 3.51711e-07
674.0 3.51607e-07
674.1 3.51503e-07
674.2 3.51399e-07
674.3 3.51296e-07
674.4 3.51192e-07
674.5 3.51088e-07
674.6 3.50984e-07
674.7 3.5088e-07
674.8 3.50776e-07
674.9 3.50672e-07
675.0 3.50569e-07
675.1 3.50463e-07
675.2 3.50357e-07
675.3 3.50251e-07
675.4 3.50145e-07
675.5 3.50039e-07
675.6 3.49934e-07
675.7 3.49828e-07
675.8 3.49722e-07
675.9 3.49616e-07
676.0 3.4951e-07
676.1 3.49402e-07
676.2 3.49294e-07
676.3 3.49187e-07
676.4 3.49079e-07
676.5 3.48971e-07
676.6 3.48863e-07
676.7 3.48755e-07
676.8 3.48647e-07
676.9 3.48539e-07
677.0 3.48431e-07
677.1 3.48322e-07
677.2 3.48212e-07
677.3 3.48102e-07
677.4 3.47992e-07
677.5 3.47882e-07
677.6 3.47772e-07
677.7 3.47662e-07
677.8 3.47553e-07
677.9 3.47443e-07
678.0 3.47333e-07
678.1 3.47221e-07
678.2 3.47109e-07
678.3 3.46997e-07
678.4 3.46885e-07
678.5 3.46774e-07
678.6 3.46662e-07
678.7 3.4655e-07
678.8 3.46438e-07
678.9 3.46326e-07
679.0 3.46214e-07
679.1 3.461e-07
679.2 3.45987e-07
679.3 3.45873e-07
679.4 3.45759e-07
679.5 3.45645e-07
679.6 3.45531e-07
679.7 3.45417e-07
679.8 3.45303e-07
679.9 3.45189e-07
680.0 3.45075e-07
680.1 3.44959e-07
680.2 3.44843e-07
680.3 3.44727e-07
680.4 3.44611e-07
680.5 3.44495e-07
680.6 3.44379e-07
680.7 3.44263e-07
680.8 3.44147e-07
680.9 3.44031e-07
681.0 3.43915e-07
681.1 3.43881e-07
681.2 3.43848e-07
681.3 3.43815e-07
681.4 3.43782e-07
681.5 3.43749e-07
681.6 3.43716e-07
681.7 3.43683e-07
681.8 3.4365e-07
681.9 3.43617e-07
682.0 3.43583e-07
682.1 3.43571e-07
682.2 3.43559e-07
682.3 3.43547e-07
682.4 3.43535e-07
682.5 3.43523e-07
682.6 3.43511e-07
682.7 3.43499e-07
682.8 3.43487e-07
682.9 3.43475e-07
683.0 3.43463e-07
683.1 3.43451e-07
683.2 3.43439e-07
683.3 3.43427e-07
683.4 3.43415e-07
683.5 3.43403e-07
683.6 3.43391e-07
683.7 3.43379e-07
683.8 3.43367e-07
683.9 3.43355e-07
684.0 3.43343e-07
684.1 3.43331e-07
684.2 3.4332e-07
684.3 3.43308e-07
684.4 3.43296e-07
684.5 3.43284e-07
684.6 3.43272e-07
684.7 3.4326e-07
684.8 3.43248e-07
684.9 3.43236e-07
685.0 3.43224e-07
685.1 3.43212e-07
685.2 3.432e-07
685.3 3.43188e-07
685.4 3.43176e-07
685.5 3.43164e-07
685.6 3.43152e-07
685.7 3.4314e-07
685.8 3.43128e-07
685.9 3.43116e-07
686.0 3.43104e-07
686.1 3.43092e-07
686.2 3.4308e-07
686.3 3.43068e-07
686.4 3.43056e-07
686.5 3.43044e-07
686.6 3.43032e-07
686.7 3.4302e-07
686.8 3.43008e-07
686.9 3.42996e-07
687.0 3.42984e-07
687.1 3.42972e-07
687.2 3.4296e-07
687.3 3.42948e-07
687.4 3.42936e-07
687.5 3.42924e-07
687.6 3.42912e-07
687.7 3.429e-07
687.8 3.42888e-07
687.9 3.42877e-07
688.0 3.42865e-07
688.1 3.42853e-07
688.2 3.42841e-07
688.3 3.42829e-07
688.4 3.42817e-07
688.5 3.42805e-07
688.6 3.42793e-07
688.7 3.42781e-07
688.8 3.42769e-07
688.9 3.42757e-07
689.0 3.42745e-07
689.1 3.37021e-07
689.2 3.31297e-07
689.3 3.25574e-07
689.4 3.19851e-07
689.5 3.14128e-07
689.6 3.08406e-07
689.7 3.02684e-07
689.8 2.96963e-07
689.9 2.91242e-07
690.0 2.85521e-07
690.1 2.85511e-07
690.2 2.85501e-07
690.3 2.85491e-07
690.4 2.85481e-07
690.5 2.85471e-07
690.6 2.85461e-07
690.7 2.85451e-07
690.8 2.85441e-07
690.9 2.85431e-07
691.0 2.85421e-07
691.1 2.85411e-07
691.2 2.85401e-07
691.3 2.85391e-07
691.4 2.85381e-07
691.5 2.85371e-07
691.6 2.85361e-07
691.7 2.85351e-07
691.8 2.85341e-07
691.9 2.85331e-07
692.0 2.85322e-07
692.1 2.85312e-07
692.2 2.85302e-07
692.3 2.85292e-07
692.4 2.85282e-07
692.5 2.85272e-07
692.6 2.85262e-07
692.7 2.85252e-07
692.8 2.85242e-07
692.9 2.85232e-07
693.0 2.85222e-07
693.1 2.85212e-07
693.2 2.85202e-07
693.3 2.85192e-07
693.4 2.85182e-07
693.5 2.85172e-07
693.6 2.85162e-07
693.7 2.85152e-07
693.8 2.85142e-07
693.9 2.85132e-07
694.0 2.85122e-07
694.1 2.85112e-07
694.2 2.85102e-07
694.3 2.85092e-07
694.4 2.85082e-07
694.5 2.85072e-07
694.6 2.85062e-07
694.7 2.85052e-07
694.8 2.85042e-07
694.9 2.85032e-07
695.0 2.85023e-07
695.1 2.85013e-07
695.2 2.85003e-07
695.3 2.84993e-07
695.4 2.84983e-07
695.5 2.84973e-07
695.6 2.84963e-07
695.7 2.84953e-07
695.8 2.84943e-07
695.9 2.84933e-07
696.0 2.84923e-07
696.1 2.84871e-07
696.2 2.84819e-07
696.3 2.84767e-07
696.4 2.84715e-07
696.5 2.84663e-07
696.6 2.84612e-07
696.7 2.8456e-07
696.8 2.84508e-07
696.9 2.84456e-07
697.0 2.84404e-07
697.1 2.84309e-07
697.2 2.84214e-07
697.3 2.84119e-07
697.4 2.84024e-07
697.5 2.83929e-07
697.6 2.83834e-07
697.7 2.83739e-07
697.8 2.83644e-07
697.9 2.83549e-07
698.0 2.83454e-07
698.1 2.83357e-07
698.2 2.8326e-07
698.3 2.83164e-07
698.4 2.83067e-07
698.5 2.8297e-07
698.6 2.82874e-07
698.7 2.82777e-07
698.8 2.8268e-07
698.9 2.82584e-07
699.0 2.82487e-07
699.1 2.82389e-07
699.2 2.82291e-07
699.3 2.82193e-07
699.4 2.82094e-07
699.5 2.81996e-07
699.6 2.81898e-07
699.7 2.818e-07
699.8 2.81702e-07
699.9 2.81604e-07
700.0 2.81506e-07
700.1 2.81406e-07
700.2 2.81306e-07
700.3 2.81206e-07
700.4 2.81106e-07
700.5 2.81007e-07
700.6 2.80907e-07
700.7 2.80807e-07
700.8 2.80707e-07
700.9 2.80607e-07
701.0 2.80507e-07
701.1 2.80406e-07
701.2 2.80305e-07
701.3 2.80203e-07
701.4 2.80102e-07
701.5 2.80001e-07
701.6 2.79899e-07
701.7 2.79798e-07
701.8 2.79697e-07
701.9 2.79595e-07
702.0 2.79494e-07
702.1 2.79391e-07
702.2 2.79288e-07
702.3 2.79185e-07
702.4 2.79082e-07
702.5 2.78979e-07
702.6 2.78876e-07
702.7 2.78773e-07
702.8 2.7867e-07
702.9 2.78567e-07
703.0 2.78464e-07
703.1 2.78359e-07
703.2 2.78255e-07
703.3 2.7815e-07
703.4 2.78045e-07
703.5 2.7794e-07
703.6 2.77836e-07
703.7 2.77731e-07
703.8 2.77626e-07
703.9 2.77522e-07
704.0 2.77417e-07
704.1 2.77311e-07
704.2 2.77206e-07
704.3 2.771e-07
704.4 2.76995e-07
704.5 2.76889e-07
704.6 2.76784e-07
704.7 2.76678e-07
704.8 2.76573e-07
704.9 2.76467e-07
705.0 2.76361e-07
705.1 2.76255e-07
705.2 2.76148e-07
705.3 2.76042e-07
705.4 2.75935e-07
705.5 2.75829e-07
705.6 2.75722e-07
705.7 2.75616e-07
705.8 2.75509e-07
705.9 2.75403e-07
706.0 2.75296e-07
706.1 2.75188e-07
706.2 2.7508e-07
706.3 2.74972e-07
706.4 2.74864e-07
706.5 2.74756e-07
706.6 2.74648e-07
706.7 2.7454e-07
706.8 2.74432e-07
706.9 2.74324e-07
707.0 2.74215e-07
707.1 2.74106e-07
707.2 2.73996e-07
707.3 2.73886e-07
707.4 2.73776e-07
707.5 2.73666e-07
707.6 2.73556e-07
707.7 2.73446e-07
707.8 2.73336e-07
707.9 2.73226e-07
708.0 2.73116e-07
708.1 2.73004e-07
708.2 2.72893e-07
708.3 2.72781e-07
708.4 2.7267e-07
708.5 2.72558e-07
708.6 2.72446e-07
708.7 2.72335e-07
708.8 2.72223e-07
708.9 2.72112e-07
709.0 2.72e-07
709.1 2.71887e-07
709.2 2.71773e-07
709.3 2.7166e-07
709.4 2.71547e-07
709.5 2.71433e-07
709.6 2.7132e-07
709.7 2.71207e-07
709.8 2.71093e-07
709.9 2.7098e-07
710.0 2.70866e-07
710.1 2.65336e-07
710.2 2.59811e-07
710.3 2.5429e-07
710.4 2.48773e-07
710.5 2.43261e-07
710.6 2.37754e-07
710.7 2.32252e-07
710.8 2.26754e-07
710.9 2.2126e-07
711.0 2.15772e-07
711.1 2.15678e-07
711.2 2.15584e-07
711.3 2.15491e-07
711.4 2.15397e-07
711.5 2.15304e-07
711.6 2.1521e-07
711.7 2.15116e-07
711.8 2.15023e-07
711.9 2.14929e-07
712.0 2.14836e-07
712.1 2.14775e-07
712.2 2.14714e-07
712.3 2.14653e-07
712.4 2.14593e-07
712.5 2.14532e-07
712.6 2.14471e-07
712.7 2.1441e-07
712.8 2.1435e-07
712.9 2.14289e-07
713.0 2.14228e-07
713.1 2.14218e-07
713.2 2.14208e-07
713.3 2.14199e-07
713.4 2.14189e-07
713.5 2.14179e-07
713.6 2.14169e-07
713.7 2.1416e-07
713.8 2.1415e-07
713.9 2.1414e-07
714.0 2.1413e-07
714.1 2.14121e-07
714.2 2.14111e-07
714.3 2.14101e-07
714.4 2.14091e-07
714.5 2.14082e-07
714.6 2.14072e-07
714.7 2.14062e-07
714.8 2.14052e-07
714.9 2.14043e-07
715.0 2.14033e-07
715.1 2.14023e-07
715.2 2.14013e-07
715.3 2.14004e-07
715.4 2.13994e-07
715.5 2.13984e-07
715.6 2.13974e-07
715.7 2.13964e-07
715.8 2.13955e-07
715.9 2.13945e-07
716.0 2.13935e-07
716.1 2.13925e-07
716.2 2.13916e-07
716.3 2.13906e-07
716.4 2.13896e-07
716.5 2.13886e-07
716.6 2.13877e-07
716.7 2.13867e-07
716.8 2.13857e-07
716.9 2.13847e-07
717.0 2.13838e-07
717.1 2.13828e-07
717.2 2.13818e-07
717.3 2.13808e-07
717.4 2.13799e-07
717.5 2.13789e-07
717.6 2.13779e-07
717.7 2.1377e-07
717.8 2.1376e-07
717.9 2.1375e-07
718.0 2.1374e-07
718.1 2.13731e-07
718.2 2.13721e-07
718.3 2.13711e-07
718.4 2.13701e-07
718.5 2.13692e-07
718.6 2.13682e-07
718.7 2.13672e-07
718.8 2.13662e-07
718.9 2.13653e-07
719.0 2.13643e-07
719.1 2.13633e-07
719.2 2.13623e-07
719.3 2.13614e-07
719.4 2.13604e-07
719.5 2.13594e-07
719.6 2.13585e-07
719.7 2.13575e-07
719.8 2.13565e-07
719.9 2.13556e-07
720.0 2.13546e-07
720.1 2.1352e-07
720.2 2.13494e-07
720.3 2.13468e-07
720.4 2.13441e-07
720.5 2.13415e-07
720.6 2.13389e-07
720.7 2.13363e-07
720.8 2.13337e-07
720.9 2.13311e-07
721.0 2.13284e-07
721.1 2.13192e-07
721.2 2.13099e-07
721.3 2.13006e-07
721.4 2.12913e-07
721.5 2.1282e-07
721.6 2.12727e-07
721.7 2.12634e-07
721.8 2.12541e-07
721.9 2.12448e-07
722.0 2.12356e-07
722.1 2.12261e-07
722.2 2.12167e-07
722.3 2.12073e-07
722.4 2.11979e-07
722.5 2.11884e-07
722.6 2.1179e-07
722.7 2.11696e-07
722.8 2.11602e-07
722.9 2.11507e-07
723.0 2.11413e-07
723.1 2.11318e-07
723.2 2.11222e-07
723.3 2.11126e-07
723.4 2.11031e-07
723.5 2.10935e-07
723.6 2.1084e-07
723.7 2.10744e-07
723.8 2.10648e-07
723.9 2.10553e-07
724.0 2.10457e-07
724.1 2.1036e-07
724.2 2.10263e-07
724.3 2.10166e-07
724.4 2.10069e-07
724.5 2.09972e-07
724.6 2.09875e-07
724.7 2.09778e-07
724.8 2.09681e-07
724.9 2.09584e-07
725.0 2.09487e-07
725.1 2.09389e-07
725.2 2.0929e-07
725.3 2.09192e-07
725.4 2.09094e-07
725.5 2.08995e-07
725.6 2.08897e-07
725.7 2.08799e-07
725.8 2.087e-07
725.9 2.08602e-07
726.0 2.08504e-07
726.1 2.08404e-07
726.2 2.08304e-07
726.3 2.08204e-07
726.4 2.08104e-07
726.5 2.08005e-07
726.6 2.07905e-07
726.7 2.07805e-07
726.8 2.07705e-07
726.9 2.07605e-07
727.0 2.07506e-07
727.1 2.07404e-07
727.2 2.07303e-07
727.3 2.07202e-07
727.4 2.07101e-07
727.5 2.06999e-07
727.6 2.06898e-07
727.7 2.06797e-07
727.8 2.06696e-07
727.9 2.06594e-07
728.0 2.06493e-07
728.1 2.06391e-07
728.2 2.06288e-07
728.3 2.06185e-07
728.4 2.06082e-07
728.5 2.0598e-07
728.6 2.05877e-07
728.7 2.05774e-07
728.8 2.05672e-07
728.9 2.05569e-07
729.0 2.05466e-07
729.1 2.05428e-07
729.2 2.0539e-07
729.3 2.05352e-07
729.4 2.05314e-07
729.5 2.05275e-07
729.6 2.05237e-07
729.7 2.05199e-07
729.8 2.05161e-07
729.9 2.05123e-07
730.0 2.05084e-07
730.1 2.05074e-07
730.2 2.05064e-07
730.3 2.05054e-07
730.4 2.05044e-07
730.5 2.05034e-07
730.6 2.05024e-07
730.7 2.05014e-07
730.8 2.05004e-07
730.9 2.04994e-07
731.0 2.04984e-07
731.1 2.04973e-07
731.2 2.04963e-07
731.3 2.04953e-07
731.4 2.04943e-07
731.5 2.04933e-07
731.6 2.04923e-07
731.7 2.04912e-07
731.8 2.04902e-07
731.9 2.04892e-07
732.0 2.04882e-07
732.1 2.04872e-07
732.2 2.04862e-07
732.3 2.04852e-07
732.4 2.04842e-07
732.5 2.04832e-07
732.6 2.04822e-07
732.7 2.04811e-07
732.8 2.04801e-07
732.9 2.04791e-07
733.0 2.04781e-07
733.1 2.04771e-07
733.2 2.04761e-07
733.3 2.04751e-07
733.4 2.04741e-07
733.5 2.04731e-07
733.6 2.0472e-07
733.7 2.0471e-07
733.8 2.047e-07
733.9 2.0469e-07
734.0 2.0468e-07
734.1 2.0467e-07
734.2 2.0466e-07
734.3 2.0465e-07
734.4 2.0464e-07
734.5 2.0463e-07
734.6 2.0462e-07
734.7 2.04609e-07
734.8 2.04599e-07
734.9 2.04589e-07
735.0 2.04579e-07
735.1 2.04569e-07
735.2 2.04559e-07
735.3 2.04549e-07
735.4 2.04539e-07
735.5 2.04529e-07
735.6 2.04519e-07
735.7 2.04509e-07
735.8 2.04499e-07
735.9 2.04488e-07
736.0 2.04478e-07
736.1 2.04468e-07
736.2 2.04458e-07
736.3 2.04448e-07
736.4 2.04438e-07
736.5 2.04428e-07
736.6 2.04418e-07
736.7 2.04408e-07
736.8 2.04398e-07
736.9 2.04388e-07
737.0 2.04378e-07
737.1 2.04368e-07
737.2 2.04358e-07
737.3 2.04348e-07
737.4 2.04338e-07
737.5 2.04328e-07
737.6 2.04318e-07
737.7 2.04308e-07
737.8 2.04298e-07
737.9 2.04288e-07
738.0 2.04278e-07
738.1 2.04177e-07
738.2 2.04076e-07
738.3 2.03976e-07
738.4 2.03875e-07
738.5 2.03774e-07
738.6 2.03674e-07
738.7 2.03573e-07
738.8 2.03472e-07
738.9 2.03371e-07
739.0 2.03271e-07
739.1 2.03169e-07
739.2 2.03067e-07
739.3 2.02965e-07
739.4 2.02863e-07
739.5 2.02761e-07
739.6 2.02659e-07
739.7 2.02557e-07
739.8 2.02455e-07
739.9 2.02353e-07
740.0 2.02251e-07
740.1 2.02148e-07
740.2 2.02044e-07
740.3 2.01941e-07
740.4 2.01838e-07
740.5 2.01734e-07
740.6 2.01631e-07
740.7 2.01527e-07
740.8 2.01424e-07
740.9 2.01321e-07
741.0 2.01217e-07
741.1 2.01112e-07
741.2 2.01008e-07
741.3 2.00903e-07
741.4 2.00798e-07
741.5 2.00694e-07
741.6 2.00589e-07
741.7 2.00484e-07
741.8 2.00379e-07
741.9 2.00275e-07
742.0 2.0017e-07
742.1 1.95062e-07
742.2 1.8996e-07
742.3 1.84863e-07
742.4 1.79771e-07
742.5 1.74684e-07
742.6 1.69603e-07
742.7 1.64527e-07
742.8 1.59457e-07
742.9 1.54391e-07
743.0 1.49331e-07
743.1 1.49251e-07
743.2 1.4917e-07
743.3 1.49089e-07
743.4 1.49009e-07
743.5 1.48928e-07
743.6 1.48847e-07
743.7 1.48767e-07
743.8 1.48686e-07
743.9 1.48605e-07
744.0 1.48525e-07
744.1 1.48443e-07
744.2 1.48361e-07
744.3 1.4828e-07
744.4 1.48198e-07
744.5 1.48116e-07
744.6 1.48034e-07
744.7 1.47953e-07
744.8 1.47871e-07
744.9 1.47789e-07
745.0 1.47708e-07
745.1 1.47625e-07
745.2 1.47542e-07
745.3 1.47459e-07
745.4 1.47376e-07
745.5 1.47294e-07
745.6 1.47211e-07
745.7 1.47128e-07
745.8 1.47045e-07
745.9 1.46962e-07
746.0 1.46879e-07
746.1 1.46803e-07
746.2 1.46727e-07
746.3 1.46651e-07
746.4 1.46574e-07
746.5 1.46498e-07
746.6 1.46422e-07
746.7 1.46346e-07
746.8 1.4627e-07
746.9 1.46193e-07
747.0 1.46117e-07
747.1 1.4611e-07
747.2 1.46102e-07
747.3 1.46094e-07
747.4 1.46087e-07
747.5 1.46079e-07
747.6 1.46072e-07
747.7 1.46064e-07
747.8 1.46056e-07
747.9 1.46049e-07
748.0 1.46041e-07
748.1 1.46034e-07
748.2 1.46026e-07
748.3 1.46019e-07
748.4 1.46011e-07
748.5 1.46004e-07
748.6 1.45996e-07
748.7 1.45988e-07
748.8 1.45981e-07
748.9 1.45973e-07
749.0 1.45966e-07
749.1 1.45958e-07
749.2 1.45951e-07
749.3 1.45943e-07
749.4 1.45936e-07
749.5 1.45928e-07
749.6 1.45921e-07
749.7 1.45913e-07
749.8 1.45905e-07
749.9 1.45898e-07
750.0 1.4589e-07
750.1 1.45883e-07
750.2 1.45875e-07
750.3 1.45868e-07
750.4 1.4586e-07
750.5 1.45853e-07
750.6 1.45845e-07
750.7 1.45838e-07
750.8 1.4583e-07
750.9 1.45823e-07
751.0 1.45815e-07
751.1 1.45808e-07
751.2 1.458e-07
751.3 1.45793e-07
751.4 1.45785e-07
751.5 1.45778e-07
751.6 1.4577e-07
751.7 1.45763e-07
751.8 1.45755e-07
751.9 1.45748e-07
752.0 1.4574e-07
752.1 1.45732e-07
752.2 1.45725e-07
752.3 1.45717e-07
752.4 1.4571e-07
752.5 1.45702e-07
752.6 1.45695e-07
752.7 1.45687e-07
752.8 1.4568e-07
752.9 1.45672e-07
753.0 1.45665e-07
753.1 1.50512e-07
753.2 1.5536e-07
753.3 1.60206e-07
753.4 1.65053e-07
753.5 1.69898e-07
753.6 1.74744e-07
753.7 1.79588e-07
753.8 1.84433e-07
753.9 1.89276e-07
754.0 1.9412e-07
754.1 1.9411e-07
754.2 1.941e-07
754.3 1.9409e-07
754.4 1.9408e-07
754.5 1.9407e-07
754.6 1.9406e-07
754.7 1.9405e-07
754.8 1.9404e-07
754.9 1.9403e-07
755.0 1.9402e-07
755.1 1.9401e-07
755.2 1.94e-07
755.3 1.9399e-07
755.4 1.9398e-07
755.5 1.9397e-07
755.6 1.9396e-07
755.7 1.9395e-07
755.8 1.9394e-07
755.9 1.9393e-07
756.0 1.9392e-07
756.1 1.93811e-07
756.2 1.93702e-07
756.3 1.93592e-07
756.4 1.93483e-07
756.5 1.93373e-07
756.6 1.93264e-07
756.7 1.93155e-07
756.8 1.93045e-07
756.9 1.92936e-07
757.0 1.92826e-07
757.1 1.92716e-07
757.2 1.92605e-07
757.3 1.92494e-07
757.4 1.92384e-07
757.5 1.92273e-07
757.6 1.92162e-07
757.7 1.92051e-07
757.8 1.91941e-07
757.9 1.9183e-07
758.0 1.91719e-07
758.1 1.91607e-07
758.2 1.91495e-07
758.3 1.91383e-07
758.4 1.91271e-07
758.5 1.91159e-07
758.6 1.91046e-07
758.7 1.90934e-07
758.8 1.90822e-07
758.9 1.9071e-07
759.0 1.90598e-07
759.1 1.90485e-07
759.2 1.90371e-07
759.3 1.90258e-07
759.4 1.90144e-07
759.5 1.90031e-07
759.6 1.89917e-07
759.7 1.89804e-07
759.8 1.8969e-07
759.9 1.89577e-07
760.0 1.89464e-07
760.1 1.89349e-07
760.2 1.89234e-07
760.3 1.89119e-07
760.4 1.89004e-07
760.5 1.8889e-07
760.6 1.88775e-07
760.7 1.8866e-07
760.8 1.88545e-07
760.9 1.8843e-07
761.0 1.88316e-07
761.1 1.88199e-07
761.2 1.88083e-07
761.3 1.87967e-07
761.4 1.87851e-07
761.5 1.87734e-07
761.6 1.87618e-07
761.7 1.87502e-07
761.8 1.87386e-07
761.9 1.87269e-07
762.0 1.87153e-07
762.1 1.87036e-07
762.2 1.86918e-07
762.3 1.868e-07
762.4 1.86682e-07
762.5 1.86565e-07
762.6 1.86447e-07
762.7 1.86329e-07
762.8 1.86212e-07
762.9 1.86094e-07
763.0 1.85976e-07
763.1 1.85857e-07
763.2 1.85738e-07
763.3 1.85619e-07
763.4 1.855e-07
763.5 1.85381e-07
763.6 1.85262e-07
763.7 1.85143e-07
763.8 1.85024e-07
763.9 1.84905e-07
764.0 1.84786e-07
764.1 1.84665e-07
764.2 1.84545e-07
764.3 1.84424e-07
764.4 1.84304e-07
764.5 1.84183e-07
764.6 1.84062e-07
764.7 1.83942e-07
764.8 1.83821e-07
764.9 1.83701e-07
765.0 1.8358e-07
765.1 1.83537e-07
765.2 1.83493e-07
765.3 1.83449e-07
765.4 1.83406e-07
765.5 1.83362e-07
765.6 1.83319e-07
765.7 1.83275e-07
765.8 1.83231e-07
765.9 1.83188e-07
766.0 1.83144e-07
766.1 1.83134e-07
766.2 1.83123e-07
766.3 1.83113e-07
766.4 1.83103e-07
766.5 1.83093e-07
766.6 1.83082e-07
766.7 1.83072e-07
766.8 1.83062e-07
766.9 1.83051e-07
767.0 1.83041e-07
767.1 1.83031e-07
767.2 1.83021e-07
767.3 1.8301e-07
767.4 1.83e-07
767.5 1.8299e-07
767.6 1.8298e-07
767.7 1.8297e-07
767.8 1.82959e-07
767.9 1.82949e-07
768.0 1.82939e-07
768.1 1.82929e-07
768.2 1.82918e-07
768.3 1.82908e-07
768.4 1.82898e-07
768.5 1.82887e-07
768.6 1.82877e-07
768.7 1.82867e-07
768.8 1.82857e-07
768.9 1.82846e-07
769.0 1.82836e-07
769.1 1.87396e-07
769.2 1.91956e-07
769.3 1.96516e-07
769.4 2.01075e-07
769.5 2.05633e-07
769.6 2.10191e-07
769.7 2.14748e-07
769.8 2.19305e-07
769.9 2.23861e-07
770.0 2.28417e-07
770.1 2.28404e-07
770.2 2.28391e-07
770.3 2.28379e-07
770.4 2.28366e-07
770.5 2.28353e-07
770.6 2.2834e-07
770.7 2.28327e-07
770.8 2.28315e-07
770.9 2.28302e-07
771.0 2.28289e-07
771.1 2.28276e-07
771.2 2.28264e-07
771.3 2.28251e-07
771.4 2.28238e-07
771.5 2.28225e-07
771.6 2.28213e-07
771.7 2.282e-07
771.8 2.28187e-07
771.9 2.28174e-07
772.0 2.28161e-07
772.1 2.28149e-07
772.2 2.28136e-07
772.3 2.28123e-07
772.4 2.28111e-07
772.5 2.28098e-07
772.6 2.28085e-07
772.7 2.28073e-07
772.8 2.2806e-07
772.9 2.28047e-07
773.0 2.28035e-07
773.1 2.28022e-07
773.2 2.28009e-07
773.3 2.27996e-07
773.4 2.27984e-07
773.5 2.27971e-07
773.6 2.27958e-07
773.7 2.27945e-07
773.8 2.27932e-07
773.9 2.2792e-07
774.0 2.27907e-07
774.1 2.27881e-07
774.2 2.27855e-07
774.3 2.27829e-07
774.4 2.27803e-07
774.5 2.27777e-07
774.6 2.27751e-07
774.7 2.27725e-07
774.8 2.27699e-07
774.9 2.27673e-07
775.0 2.27647e-07
775.1 2.27502e-07
775.2 2.27356e-07
775.3 2.27211e-07
775.4 2.27065e-07
775.5 2.2692e-07
775.6 2.26774e-07
775.7 2.26629e-07
775.8 2.26483e-07
775.9 2.26338e-07
776.0 2.26192e-07
776.1 2.26045e-07
776.2 2.25898e-07
776.3 2.2575e-07
776.4 2.25603e-07
776.5 2.25456e-07
776.6 2.25309e-07
776.7 2.25162e-07
776.8 2.25014e-07
776.9 2.24867e-07
777.0 2.2472e-07
777.1 2.24571e-07
777.2 2.24422e-07
777.3 2.24273e-07
777.4 2.24124e-07
777.5 2.23975e-07
777.6 2.23827e-07
777.7 2.23678e-07
777.8 2.23529e-07
777.9 2.2338e-07
778.0 2.23231e-07
778.1 2.2308e-07
778.2 2.2293e-07
778.3 2.22779e-07
778.4 2.22629e-07
778.5 2.22478e-07
778.6 2.22328e-07
778.7 2.22177e-07
778.8 2.22027e-07
778.9 2.21876e-07
779.0 2.21725e-07
779.1 2.21573e-07
779.2 2.21421e-07
779.3 2.21269e-07
779.4 2.21116e-07
779.5 2.20964e-07
779.6 2.20812e-07
779.7 2.20659e-07
779.8 2.20507e-07
779.9 2.20355e-07
780.0 2.20202e-07
780.1 2.20048e-07
780.2 2.19894e-07
780.3 2.1974e-07
780.4 2.19586e-07
780.5 2.19432e-07
780.6 2.19278e-07
780.7 2.19124e-07
780.8 2.1897e-07
780.9 2.18816e-07
781.0 2.18662e-07
781.1 2.18507e-07
781.2 2.18351e-07
781.3 2.18195e-07
781.4 2.18039e-07
781.5 2.17883e-07
781.6 2.17728e-07
781.7 2.17572e-07
781.8 2.17416e-07
781.9 2.1726e-07
782.0 2.17105e-07
782.1 2.21286e-07
782.2 2.25461e-07
782.3 2.2963e-07
782.4 2.33792e-07
782.5 2.37949e-07
782.6 2.42099e-07
782.7 2.46242e-07
782.8 2.5038e-07
782.9 2.54511e-07
783.0 2.58635e-07
783.1 2.58444e-07
783.2 2.58253e-07
783.3 2.58062e-07
783.4 2.57871e-07
783.5 2.5768e-07
783.6 2.57488e-07
783.7 2.57297e-07
783.8 2.57106e-07
783.9 2.56915e-07
784.0 2.56724e-07
784.1 2.56584e-07
784.2 2.56445e-07
784.3 2.56305e-07
784.4 2.56166e-07
784.5 2.56026e-07
784.6 2.55886e-07
784.7 2.55747e-07
784.8 2.55607e-07
784.9 2.55468e-07
785.0 2.55328e-07
785.1 2.55313e-07
785.2 2.55299e-07
785.3 2.55284e-07
785.4 2.55269e-07
785.5 2.55254e-07
785.6 2.55239e-07
785.7 2.55224e-07
785.8 2.5521e-07
785.9 2.55195e-07
786.0 2.5518e-07
786.1 2.55165e-07
786.2 2.5515e-07
786.3 2.55135e-07
786.4 2.5512e-07
786.5 2.55106e-07
786.6 2.55091e-07
786.7 2.55076e-07
786.8 2.55061e-07
786.9 2.55046e-07
787.0 2.55031e-07
787.1 2.55016e-07
787.2 2.55002e-07
787.3 2.54987e-07
787.4 2.54972e-07
787.5 2.54957e-07
787.6 2.54942e-07
787.7 2.54927e-07
787.8 2.54913e-07
787.9 2.54898e-07
788.0 2.54883e-07
788.1 2.54868e-07
788.2 2.54853e-07
788.3 2.54839e-07
788.4 2.54824e-07
788.5 2.54809e-07
788.6 2.54794e-07
788.7 2.54779e-07
788.8 2.54764e-07
788.9 2.5475e-07
789.0 2.54735e-07
789.1 2.5472e-07
789.2 2.54705e-07
789.3 2.5469e-07
789.4 2.54676e-07
789.5 2.54661e-07
789.6 2.54646e-07
789.7 2.54631e-07
789.8 2.54616e-07
789.9 2.54601e-07
790.0 2.54587e-07
790.1 2.54572e-07
790.2 2.54557e-07
790.3 2.54542e-07
790.4 2.54528e-07
790.5 2.54513e-07
790.6 2.54498e-07
790.7 2.54483e-07
790.8 2.54469e-07
790.9 2.54454e-07
791.0 2.54439e-07
791.1 2.54424e-07
791.2 2.5441e-07
791.3 2.54395e-07
791.4 2.5438e-07
791.5 2.54366e-07
791.6 2.54351e-07
791.7 2.54336e-07
791.8 2.54321e-07
791.9 2.54307e-07
792.0 2.54292e-07
792.1 2.54277e-07
792.2 2.54263e-07
792.3 2.54248e-07
792.4 2.54233e-07
792.5 2.54219e-07
792.6 2.54204e-07
792.7 2.54189e-07
792.8 2.54174e-07
792.9 2.5416e-07
793.0 2.54145e-07
793.1 2.58366e-07
793.2 2.62586e-07
793.3 2.66806e-07
793.4 2.71025e-07
793.5 2.75244e-07
793.6 2.79462e-07
793.7 2.8368e-07
793.8 2.87897e-07
793.9 2.92114e-07
794.0 2.9633e-07
794.1 2.96273e-07
794.2 2.96217e-07
794.3 2.9616e-07
794.4 2.96103e-07
794.5 2.96046e-07
794.6 2.95989e-07
794.7 2.95932e-07
794.8 2.95876e-07
794.9 2.95819e-07
795.0 2.95762e-07
795.1 2.95545e-07
795.2 2.95327e-07
795.3 2.9511e-07
795.4 2.94893e-07
795.5 2.94676e-07
795.6 2.94459e-07
795.7 2.94241e-07
795.8 2.94024e-07
795.9 2.93807e-07
796.0 2.9359e-07
796.1 2.9337e-07
796.2 2.93151e-07
796.3 2.92931e-07
796.4 2.92712e-07
796.5 2.92493e-07
796.6 2.92273e-07
796.7 2.92054e-07
796.8 2.91834e-07
796.9 2.91615e-07
797.0 2.91395e-07
797.1 2.91173e-07
797.2 2.90952e-07
797.3 2.9073e-07
797.4 2.90508e-07
797.5 2.90286e-07
797.6 2.90064e-07
797.7 2.89842e-07
797.8 2.89621e-07
797.9 2.89399e-07
798.0 2.89177e-07
798.1 2.88953e-07
798.2 2.88729e-07
798.3 2.88505e-07
798.4 2.88281e-07
798.5 2.88057e-07
798.6 2.87833e-07
798.7 2.87609e-07
798.8 2.87384e-07
798.9 2.8716e-07
799.0 2.86936e-07
799.1 2.8671e-07
799.2 2.86483e-07
799.3 2.86257e-07
799.4 2.8603e-07
799.5 2.85804e-07
799.6 2.85577e-07
799.7 2.85351e-07
799.8 2.85124e-07
799.9 2.84898e-07
800.0 2.84671e-07
800.1 2.84442e-07
800.2 2.84213e-07
800.3 2.83984e-07
800.4 2.83755e-07
800.5 2.83527e-07
800.6 2.83298e-07
800.7 2.83069e-07
800.8 2.8284e-07
800.9 2.82611e-07
801.0 2.82382e-07
801.1 2.82151e-07
801.2 2.8192e-07
801.3 2.81688e-07
801.4 2.81457e-07
801.5 2.81226e-07
801.6 2.80995e-07
801.7 2.80764e-07
801.8 2.80532e-07
801.9 2.80301e-07
802.0 2.8007e-07
802.1 2.83834e-07
802.2 2.87591e-07
802.3 2.91342e-07
802.4 2.95086e-07
802.5 2.98824e-07
802.6 3.02554e-07
802.7 3.06278e-07
802.8 3.09996e-07
802.9 3.13706e-07
803.0 3.1741e-07
803.1 3.17141e-07
803.2 3.16871e-07
803.3 3.16601e-07
803.4 3.16331e-07
803.5 3.16061e-07
803.6 3.15791e-07
803.7 3.15522e-07
803.8 3.15252e-07
803.9 3.14982e-07
804.0 3.14712e-07
804.1 3.14439e-07
804.2 3.14167e-07
804.3 3.13894e-07
804.4 3.13621e-07
804.5 3.13349e-07
804.6 3.13076e-07
804.7 3.12804e-07
804.8 3.12531e-07
804.9 3.12258e-07
805.0 3.11986e-07
805.1 3.11941e-07
805.2 3.11896e-07
805.3 3.11851e-07
805.4 3.11807e-07
805.5 3.11762e-07
805.6 3.11717e-07
805.7 3.11673e-07
805.8 3.11628e-07
805.9 3.11583e-07
806.0 3.11538e-07
806.1 3.11519e-07
806.2 3.115e-07
806.3 3.11481e-07
806.4 3.11462e-07
806.5 3.11443e-07
806.6 3.11424e-07
806.7 3.11405e-07
806.8 3.11385e-07
806.9 3.11366e-07
807.0 3.11347e-07
807.1 3.1522e-07
807.2 3.19092e-07
807.3 3.22963e-07
807.4 3.26834e-07
807.5 3.30705e-07
807.6 3.34575e-07
807.7 3.38445e-07
807.8 3.42314e-07
807.9 3.46182e-07
808.0 3.50051e-07
808.1 3.50029e-07
808.2 3.50008e-07
808.3 3.49986e-07
808.4 3.49965e-07
808.5 3.49943e-07
808.6 3.49922e-07
808.7 3.49901e-07
808.8 3.49879e-07
808.9 3.49858e-07
809.0 3.49836e-07
809.1 3.49815e-07
809.2 3.49793e-07
809.3 3.49772e-07
809.4 3.4975e-07
809.5 3.49729e-07
809.6 3.49707e-07
809.7 3.49686e-07
809.8 3.49664e-07
809.9 3.49643e-07
810.0 3.49621e-07
810.1 3.496e-07
810.2 3.49578e-07
810.3 3.49557e-07
810.4 3.49536e-07
810.5 3.49514e-07
810.6 3.49493e-07
810.7 3.49471e-07
810.8 3.4945e-07
810.9 3.49428e-07
811.0 3.49407e-07
811.1 3.49386e-07
811.2 3.49364e-07
811.3 3.49343e-07
811.4 3.49322e-07
811.5 3.493e-07
811.6 3.49279e-07
811.7 3.49258e-07
811.8 3.49236e-07
811.9 3.49215e-07
812.0 3.49194e-07
812.1 3.53052e-07
812.2 3.5691e-07
812.3 3.60767e-07
812.4 3.64624e-07
812.5 3.68481e-07
812.6 3.72337e-07
812.7 3.76192e-07
812.8 3.80047e-07
812.9 3.83902e-07
813.0 3.87756e-07
813.1 3.87732e-07
813.2 3.87709e-07
813.3 3.87685e-07
813.4 3.87661e-07
813.5 3.87638e-07
813.6 3.87614e-07
813.7 3.8759e-07
813.8 3.87566e-07
813.9 3.87543e-07
814.0 3.87519e-07
814.1 3.87495e-07
814.2 3.87472e-07
814.3 3.87448e-07
814.4 3.87425e-07
814.5 3.87401e-07
814.6 3.87377e-07
814.7 3.87354e-07
814.8 3.8733e-07
814.9 3.87307e-07
815.0 3.87283e-07
815.1 3.87169e-07
815.2 3.87055e-07
815.3 3.86941e-07
815.4 3.86827e-07
815.5 3.86713e-07
815.6 3.86599e-07
815.7 3.86485e-07
815.8 3.86371e-07
815.9 3.86257e-07
816.0 3.86143e-07
816.1 3.89674e-07
816.2 3.93199e-07
816.3 3.96717e-07
816.4 4.00228e-07
816.5 4.03733e-07
816.6 4.07231e-07
816.7 4.10723e-07
816.8 4.14208e-07
816.9 4.17687e-07
817.0 4.21159e-07
817.1 4.20796e-07
817.2 4.20433e-07
817.3 4.2007e-07
817.4 4.19707e-07
817.5 4.19344e-07
817.6 4.18981e-07
817.7 4.18617e-07
817.8 4.18254e-07
817.9 4.17891e-07
818.0 4.17528e-07
818.1 4.17161e-07
818.2 4.16795e-07
818.3 4.16428e-07
818.4 4.16061e-07
818.5 4.15694e-07
818.6 4.15328e-07
818.7 4.14961e-07
818.8 4.14594e-07
818.9 4.14227e-07
819.0 4.13861e-07
819.1 4.13491e-07
819.2 4.1312e-07
819.3 4.1275e-07
819.4 4.1238e-07
819.5 4.1201e-07
819.6 4.1164e-07
819.7 4.1127e-07
819.8 4.10899e-07
819.9 4.10529e-07
820.0 4.10159e-07
820.1 4.13511e-07
820.2 4.16855e-07
820.3 4.20193e-07
820.4 4.23525e-07
820.5 4.26849e-07
820.6 4.30167e-07
820.7 4.33477e-07
820.8 4.36781e-07
820.9 4.40078e-07
821.0 4.43369e-07
821.1 4.42957e-07
821.2 4.42545e-07
821.3 4.42134e-07
821.4 4.41722e-07
821.5 4.4131e-07
821.6 4.40898e-07
821.7 4.40487e-07
821.8 4.40075e-07
821.9 4.39663e-07
822.0 4.39252e-07
822.1 4.38836e-07
822.2 4.38421e-07
822.3 4.38005e-07
822.4 4.3759e-07
822.5 4.37174e-07
822.6 4.36759e-07
822.7 4.36344e-07
822.8 4.35928e-07
822.9 4.35513e-07
823.0 4.35097e-07
823.1 4.34678e-07
823.2 4.34258e-07
823.3 4.33838e-07
823.4 4.33419e-07
823.5 4.32999e-07
823.6 4.32579e-07
823.7 4.3216e-07
823.8 4.3174e-07
823.9 4.3132e-07
824.0 4.30901e-07
824.1 4.34065e-07
824.2 4.37221e-07
824.3 4.40371e-07
824.4 4.43514e-07
824.5 4.46649e-07
824.6 4.49778e-07
824.7 4.52899e-07
824.8 4.56014e-07
824.9 4.59121e-07
825.0 4.62221e-07
825.1 4.61758e-07
825.2 4.61295e-07
825.3 4.60832e-07
825.4 4.60368e-07
825.5 4.59905e-07
825.6 4.59442e-07
825.7 4.58978e-07
825.8 4.58515e-07
825.9 4.58052e-07
826.0 4.57588e-07
826.1 4.57246e-07
826.2 4.56903e-07
826.3 4.56561e-07
826.4 4.56218e-07
826.5 4.55876e-07
826.6 4.55533e-07
826.7 4.5519e-07
826.8 4.54848e-07
826.9 4.54505e-07
827.0 4.54163e-07
827.1 4.57499e-07
827.2 4.60832e-07
827.3 4.64163e-07
827.4 4.67491e-07
827.5 4.70817e-07
827.6 4.74141e-07
827.7 4.77462e-07
827.8 4.80781e-07
827.9 4.84097e-07
828.0 4.87411e-07
828.1 4.87243e-07
828.2 4.87074e-07
828.3 4.86905e-07
828.4 4.86736e-07
828.5 4.86567e-07
828.6 4.86398e-07
828.7 4.8623e-07
828.8 4.86061e-07
828.9 4.85892e-07
829.0 4.85723e-07
829.1 4.85554e-07
829.2 4.85385e-07
829.3 4.85216e-07
829.4 4.85047e-07
829.5 4.84878e-07
829.6 4.84709e-07
829.7 4.8454e-07
829.8 4.84371e-07
829.9 4.84202e-07
830.0 4.84033e-07
830.1 4.8732e-07
830.2 4.90604e-07
830.3 4.93886e-07
830.4 4.97165e-07
830.5 5.00442e-07
830.6 5.03717e-07
830.7 5.06989e-07
830.8 5.10258e-07
830.9 5.13526e-07
831.0 5.1679e-07
831.1 5.16609e-07
831.2 5.16427e-07
831.3 5.16245e-07
831.4 5.16063e-07
831.5 5.15881e-07
831.6 5.157e-07
831.7 5.15518e-07
831.8 5.15336e-07
831.9 5.15154e-07
832.0 5.14972e-07
832.1 5.14791e-07
832.2 5.14609e-07
832.3 5.14427e-07
832.4 5.14245e-07
832.5 5.14063e-07
832.6 5.13881e-07
832.7 5.13699e-07
832.8 5.13517e-07
832.9 5.13335e-07
833.0 5.13153e-07
833.1 5.1639e-07
833.2 5.19625e-07
833.3 5.22858e-07
833.4 5.26088e-07
833.5 5.29316e-07
833.6 5.32541e-07
833.7 5.35764e-07
833.8 5.38984e-07
833.9 5.42202e-07
834.0 5.45418e-07
834.1 5.45223e-07
834.2 5.45028e-07
834.3 5.44833e-07
834.4 5.44638e-07
834.5 5.44443e-07
834.6 5.44248e-07
834.7 5.44053e-07
834.8 5.43859e-07
834.9 5.43664e-07
835.0 5.43469e-07
835.1 5.43274e-07
835.2 5.43079e-07
835.3 5.42884e-07
835.4 5.42689e-07
835.5 5.42494e-07
835.6 5.42299e-07
835.7 5.42104e-07
835.8 5.41908e-07
835.9 5.41713e-07
836.0 5.41518e-07
836.1 5.44706e-07
836.2 5.47892e-07
836.3 5.51075e-07
836.4 5.54255e-07
836.5 5.57434e-07
836.6 5.60609e-07
836.7 5.63782e-07
836.8 5.66953e-07
836.9 5.70122e-07
837.0 5.73288e-07
837.1 5.7308e-07
837.2 5.72872e-07
837.3 5.72664e-07
837.4 5.72456e-07
837.5 5.72248e-07
837.6 5.7204e-07
837.7 5.71832e-07
837.8 5.71624e-07
837.9 5.71416e-07
838.0 5.71208e-07
838.1 5.71e-07
838.2 5.70792e-07
838.3 5.70583e-07
838.4 5.70375e-07
838.5 5.70166e-07
838.6 5.69958e-07
838.7 5.6975e-07
838.8 5.69541e-07
838.9 5.69333e-07
839.0 5.69124e-07
839.1 5.72262e-07
839.2 5.75398e-07
839.3 5.78531e-07
839.4 5.81662e-07
839.5 5.84791e-07
839.6 5.87916e-07
839.7 5.9104e-07
839.8 5.94161e-07
839.9 5.97279e-07
840.0 6.00395e-07
840.1 6.00174e-07
840.2 5.99953e-07
840.3 5.99732e-07
840.4 5.99511e-07
840.5 5.99289e-07
840.6 5.99068e-07
840.7 5.98847e-07
840.8 5.98626e-07
840.9 5.98404e-07
841.0 5.98183e-07
841.1 6.01284e-07
841.2 6.04382e-07
841.3 6.07477e-07
841.4 6.1057e-07
841.5 6.13661e-07
841.6 6.16749e-07
841.7 6.19835e-07
841.8 6.22918e-07
841.9 6.25998e-07
842.0 6.29077e-07
842.1 6.28843e-07
842.2 6.28609e-07
842.3 6.28374e-07
842.4 6.2814e-07
842.5 6.27906e-07
842.6 6.27672e-07
842.7 6.27438e-07
842.8 6.27204e-07
842.9 6.2697e-07
843.0 6.26736e-07
843.1 6.26501e-07
843.2 6.26267e-07
843.3 6.26033e-07
843.4 6.25798e-07
843.5 6.25564e-07
843.6 6.25329e-07
843.7 6.25095e-07
843.8 6.2486e-07
843.9 6.24626e-07
844.0 6.24391e-07
844.1 6.27441e-07
844.2 6.30489e-07
844.3 6.33534e-07
844.4 6.36577e-07
844.5 6.39618e-07
844.6 6.42655e-07
844.7 6.45691e-07
844.8 6.48724e-07
844.9 6.51754e-07
845.0 6.54782e-07
845.1 6.54534e-07
845.2 6.54287e-07
845.3 6.54039e-07
845.4 6.53792e-07
845.5 6.53544e-07
845.6 6.53296e-07
845.7 6.53049e-07
845.8 6.52801e-07
845.9 6.52554e-07
846.0 6.52306e-07
846.1 6.55318e-07
846.2 6.58328e-07
846.3 6.61335e-07
846.4 6.6434e-07
846.5 6.67343e-07
846.6 6.70343e-07
846.7 6.7334e-07
846.8 6.76335e-07
846.9 6.79327e-07
847.0 6.82317e-07
847.1 6.82056e-07
847.2 6.81796e-07
847.3 6.81535e-07
847.4 6.81274e-07
847.5 6.81013e-07
847.6 6.80752e-07
847.7 6.80492e-07
847.8 6.80231e-07
847.9 6.7997e-07
848.0 6.79709e-07
848.1 6.82683e-07
848.2 6.85655e-07
848.3 6.88624e-07
848.4 6.91591e-07
848.5 6.94555e-07
848.6 6.97517e-07
848.7 7.00476e-07
848.8 7.03433e-07
848.9 7.06388e-07
849.0 7.09339e-07
849.1 7.09065e-07
849.2 7.08792e-07
849.3 7.08518e-07
849.4 7.08244e-07
849.5 7.0797e-07
849.6 7.07696e-07
849.7 7.07422e-07
849.8 7.07148e-07
849.9 7.06874e-07
850.0 7.066e-07
850.1 7.09537e-07
850.2 7.1247e-07
850.3 7.15402e-07
850.4 7.1833e-07
850.5 7.21257e-07
850.6 7.2418e-07
850.7 7.27102e-07
850.8 7.3002e-07
850.9 7.32937e-07
851.0 7.3585e-07
851.1 7.35563e-07
851.2 7.35276e-07
851.3 7.34989e-07
851.4 7.34701e-07
851.5 7.34414e-07
851.6 7.34127e-07
851.7 7.3384e-07
851.8 7.33552e-07
851.9 7.33265e-07
852.0 7.32978e-07
852.1 7.3269e-07
852.2 7.32402e-07
852.3 7.32114e-07
852.4 7.31826e-07
852.5 7.31538e-07
852.6 7.3125e-07
852.7 7.30962e-07
852.8 7.30674e-07
852.9 7.30386e-07
853.0 7.30098e-07
853.1 7.32983e-07
853.2 7.35866e-07
853.3 7.38746e-07
853.4 7.41624e-07
853.5 7.44499e-07
853.6 7.47371e-07
853.7 7.50242e-07
853.8 7.53109e-07
853.9 7.55974e-07
854.0 7.58837e-07
854.1 7.58536e-07
854.2 7.58234e-07
854.3 7.57933e-07
854.4 7.57632e-07
854.5 7.57331e-07
854.6 7.5703e-07
854.7 7.56728e-07
854.8 7.56427e-07
854.9 7.56126e-07
855.0 7.55825e-07
855.1 7.55523e-07
855.2 7.55221e-07
855.3 7.5492e-07
855.4 7.54618e-07
855.5 7.54316e-07
855.6 7.54015e-07
855.7 7.53713e-07
855.8 7.53411e-07
855.9 7.5311e-07
856.0 7.52808e-07
856.1 7.55641e-07
856.2 7.58472e-07
856.3 7.613e-07
856.4 7.64126e-07
856.5 7.66949e-07
856.6 7.6977e-07
856.7 7.72588e-07
856.8 7.75404e-07
856.9 7.78217e-07
857.0 7.81027e-07
857.1 7.80712e-07
857.2 7.80397e-07
857.3 7.80082e-07
857.4 7.79767e-07
857.5 7.79452e-07
857.6 7.79137e-07
857.7 7.78822e-07
857.8 7.78507e-07
857.9 7.78192e-07
858.0 7.77877e-07
858.1 7.77562e-07
858.2 7.77246e-07
858.3 7.76931e-07
858.4 7.76615e-07
858.5 7.763e-07
858.6 7.75984e-07
858.7 7.75669e-07
858.8 7.75353e-07
858.9 7.75038e-07
859.0 7.74723e-07
859.1 7.77504e-07
859.2 7.80283e-07
859.3 7.8306e-07
859.4 7.85834e-07
859.5 7.88605e-07
859.6 7.91374e-07
859.7 7.94141e-07
859.8 7.96905e-07
859.9 7.99666e-07
860.0 8.02425e-07
860.1 8.02096e-07
860.2 8.01767e-07
860.3 8.01438e-07
860.4 8.01108e-07
860.5 8.00779e-07
860.6 8.0045e-07
860.7 8.00121e-07
860.8 7.99792e-07
860.9 7.99463e-07
861.0 7.99133e-07
861.1 7.98804e-07
861.2 7.98475e-07
861.3 7.98145e-07
861.4 7.97816e-07
861.5 7.97486e-07
861.6 7.97157e-07
861.7 7.96827e-07
861.8 7.96498e-07
861.9 7.96169e-07
862.0 7.95839e-07
862.1 7.98569e-07
862.2 8.01296e-07
862.3 8.0402e-07
862.4 8.06742e-07
862.5 8.09461e-07
862.6 8.12178e-07
862.7 8.14892e-07
862.8 8.17604e-07
862.9 8.20313e-07
863.0 8.23019e-07
863.1 8.22676e-07
863.2 8.22333e-07
863.3 8.21989e-07
863.4 8.21646e-07
863.5 8.21302e-07
863.6 8.20959e-07
863.7 8.20615e-07
863.8 8.20272e-07
863.9 8.19928e-07
864.0 8.19585e-07
864.1 8.22276e-07
864.2 8.24964e-07
864.3 8.2765e-07
864.4 8.30333e-07
864.5 8.33014e-07
864.6 8.35692e-07
864.7 8.38367e-07
864.8 8.4104e-07
864.9 8.43711e-07
865.0 8.46378e-07
865.1 8.46021e-07
865.2 8.45664e-07
865.3 8.45307e-07
865.4 8.44949e-07
865.5 8.44592e-07
865.6 8.44235e-07
865.7 8.43877e-07
865.8 8.4352e-07
865.9 8.43163e-07
866.0 8.42806e-07
866.1 8.42448e-07
866.2 8.42091e-07
866.3 8.41734e-07
866.4 8.41376e-07
866.5 8.41019e-07
866.6 8.40662e-07
866.7 8.40305e-07
866.8 8.39947e-07
866.9 8.3959e-07
867.0 8.39233e-07
867.1 8.4187e-07
867.2 8.44505e-07
867.3 8.47138e-07
867.4 8.49768e-07
867.5 8.52395e-07
867.6 8.5502e-07
867.7 8.57642e-07
867.8 8.60262e-07
867.9 8.62879e-07
868.0 8.65493e-07
868.1 8.65122e-07
868.2 8.64751e-07
868.3 8.6438e-07
868.4 8.64009e-07
868.5 8.63637e-07
868.6 8.63266e-07
868.7 8.62895e-07
868.8 8.62524e-07
868.9 8.62153e-07
869.0 8.61781e-07
869.1 8.6438e-07
869.2 8.66975e-07
869.3 8.69569e-07
869.4 8.72159e-07
869.5 8.74747e-07
869.6 8.77333e-07
869.7 8.79916e-07
869.8 8.82496e-07
869.9 8.85074e-07
870.0 8.87649e-07
870.1 8.87264e-07
870.2 8.86879e-07
870.3 8.86493e-07
870.4 8.86108e-07
870.5 8.85723e-07
870.6 8.85338e-07
870.7 8.84953e-07
870.8 8.84567e-07
870.9 8.84182e-07
871.0 8.83797e-07
871.1 8.86356e-07
871.2 8.88912e-07
871.3 8.91465e-07
871.4 8.94016e-07
871.5 8.96564e-07
871.6 8.9911e-07
871.7 9.01653e-07
871.8 9.04194e-07
871.9 9.06732e-07
872.0 9.09267e-07
872.1 9.08868e-07
872.2 9.08469e-07
872.3 9.08069e-07
872.4 9.0767e-07
872.5 9.07271e-07
872.6 9.06872e-07
872.7 9.06472e-07
872.8 9.06073e-07
872.9 9.05674e-07
873.0 9.05274e-07
873.1 9.04875e-07
873.2 9.04475e-07
873.3 9.04076e-07
873.4 9.03676e-07
873.5 9.03276e-07
873.6 9.02877e-07
873.7 9.02477e-07
873.8 9.02078e-07
873.9 9.01678e-07
874.0 9.01279e-07
874.1 9.03784e-07
874.2 9.06287e-07
874.3 9.08787e-07
874.4 9.11285e-07
874.5 9.1378e-07
874.6 9.16273e-07
874.7 9.18763e-07
874.8 9.2125e-07
874.9 9.23735e-07
875.0 9.26218e-07
875.1 9.25804e-07
875.2 9.25389e-07
875.3 9.24975e-07
875.4 9.24561e-07
875.5 9.24147e-07
875.6 9.23733e-07
875.7 9.23319e-07
875.8 9.22905e-07
875.9 9.22491e-07
876.0 9.22077e-07
876.1 9.24543e-07
876.2 9.27006e-07
876.3 9.29466e-07
876.4 9.31924e-07
876.5 9.3438e-07
876.6 9.36833e-07
876.7 9.39283e-07
876.8 9.41731e-07
876.9 9.44176e-07
877.0 9.46618e-07
877.1 9.4619e-07
877.2 9.45762e-07
877.3 9.45334e-07
877.4 9.44906e-07
877.5 9.44478e-07
877.6 9.4405e-07
877.7 9.43622e-07
877.8 9.43194e-07
877.9 9.42766e-07
878.0 9.42338e-07
878.1 9.44763e-07
878.2 9.47186e-07
878.3 9.49606e-07
878.4 9.52024e-07
878.5 9.54438e-07
878.6 9.56851e-07
878.7 9.5926e-07
878.8 9.61667e-07
878.9 9.64072e-07
879.0 9.66474e-07
879.1 9.66032e-07
879.2 9.6559e-07
879.3 9.65148e-07
879.4 9.64706e-07
879.5 9.64264e-07
879.6 9.63822e-07
879.7 9.6338e-07
879.8 9.62938e-07
879.9 9.62496e-07
880.0 9.62054e-07
880.1 9.64439e-07
880.2 9.66821e-07
880.3 9.69201e-07
880.4 9.71578e-07
880.5 9.73952e-07
880.6 9.76324e-07
880.7 9.78693e-07
880.8 9.8106e-07
880.9 9.83424e-07
881.0 9.85785e-07
881.1 9.85329e-07
881.2 9.84873e-07
881.3 9.84416e-07
881.4 9.8396e-07
881.5 9.83503e-07
881.6 9.83047e-07
881.7 9.82591e-07
881.8 9.82134e-07
881.9 9.81678e-07
882.0 9.81222e-07
882.1 9.83567e-07
882.2 9.85909e-07
882.3 9.88249e-07
882.4 9.90586e-07
882.5 9.92921e-07
882.6 9.95253e-07
882.7 9.97582e-07
882.8 9.99909e-07
882.9 1.00223e-06
883.0 1.00455e-06
883.1 1.00408e-06
883.2 1.00361e-06
883.3 1.00314e-06
883.4 1.00267e-06
883.5 1.0022e-06
883.6 1.00173e-06
883.7 1.00126e-06
883.8 1.00078e-06
883.9 1.00031e-06
884.0 9.99842e-07
884.1 1.00215e-06
884.2 1.00445e-06
884.3 1.00675e-06
884.4 1.00904e-06
884.5 1.01134e-06
884.6 1.01363e-06
884.7 1.01592e-06
884.8 1.0182e-06
884.9 1.02049e-06
885.0 1.02277e-06
885.1 1.02228e-06
885.2 1.0218e-06
885.3 1.02131e-06
885.4 1.02083e-06
885.5 1.02034e-06
885.6 1.01986e-06
885.7 1.01937e-06
885.8 1.01889e-06
885.9 1.0184e-06
886.0 1.01791e-06
886.1 1.02018e-06
886.2 1.02244e-06
886.3 1.0247e-06
886.4 1.02695e-06
886.5 1.02921e-06
886.6 1.03146e-06
886.7 1.0337e-06
886.8 1.03595e-06
886.9 1.03819e-06
887.0 1.04043e-06
887.1 1.03993e-06
887.2 1.03943e-06
887.3 1.03893e-06
887.4 1.03843e-06
887.5 1.03793e-06
887.6 1.03743e-06
887.7 1.03693e-06
887.8 1.03643e-06
887.9 1.03594e-06
888.0 1.03544e-06
888.1 1.03766e-06
888.2 1.03988e-06
888.3 1.0421e-06
888.4 1.04431e-06
888.5 1.04652e-06
888.6 1.04873e-06
888.7 1.05094e-06
888.8 1.05314e-06
888.9 1.05534e-06
889.0 1.05754e-06
889.1 1.05703e-06
889.2 1.05652e-06
889.3 1.056e-06
889.4 1.05549e-06
889.5 1.05497e-06
889.6 1.05446e-06
889.7 1.05395e-06
889.8 1.05343e-06
889.9 1.05292e-06
890.0 1.0524e-06
890.1 1.05458e-06
890.2 1.05676e-06
890.3 1.05894e-06
890.4 1.06111e-06
890.5 1.06328e-06
890.6 1.06545e-06
890.7 1.06762e-06
890.8 1.06978e-06
890.9 1.07194e-06
891.0 1.0741e-06
891.1 1.07357e-06
891.2 1.07304e-06
891.3 1.07251e-06
891.4 1.07198e-06
891.5 1.07145e-06
891.6 1.07092e-06
891.7 1.0704e-06
891.8 1.06987e-06
891.9 1.06934e-06
892.0 1.06881e-06
892.1 1.07095e-06
892.2 1.07309e-06
892.3 1.07522e-06
892.4 1.07736e-06
892.5 1.07949e-06
892.6 1.08161e-06
892.7 1.08374e-06
892.8 1.08586e-06
892.9 1.08798e-06
893.0 1.0901e-06
893.1 1.08956e-06
893.2 1.08901e-06
893.3 1.08847e-06
893.4 1.08792e-06
893.5 1.08738e-06
893.6 1.08683e-06
893.7 1.08629e-06
893.8 1.08574e-06
893.9 1.0852e-06
894.0 1.08466e-06
894.1 1.08675e-06
894.2 1.08885e-06
894.3 1.09095e-06
894.4 1.09304e-06
894.5 1.09513e-06
894.6 1.09721e-06
894.7 1.0993e-06
894.8 1.10138e-06
894.9 1.10346e-06
895.0 1.10553e-06
895.1 1.10497e-06
895.2 1.10441e-06
895.3 1.10386e-06
895.4 1.1033e-06
895.5 1.10274e-06
895.6 1.10218e-06
895.7 1.10162e-06
895.8 1.10106e-06
895.9 1.1005e-06
896.0 1.09994e-06
896.1 1.102e-06
896.2 1.10405e-06
896.3 1.10611e-06
896.4 1.10816e-06
896.5 1.1102e-06
896.6 1.11225e-06
896.7 1.11429e-06
896.8 1.11633e-06
896.9 1.11837e-06
897.0 1.1204e-06
897.1 1.12243e-06
897.2 1.12446e-06
897.3 1.12648e-06
897.4 1.12851e-06
897.5 1.13053e-06
897.6 1.13254e-06
897.7 1.13456e-06
897.8 1.13657e-06
897.9 1.13858e-06
898.0 1.14059e-06
898.1 1.14e-06
898.2 1.13941e-06
898.3 1.13882e-06
898.4 1.13823e-06
898.5 1.13765e-06
898.6 1.13706e-06
898.7 1.13647e-06
898.8 1.13588e-06
898.9 1.1353e-06
899.0 1.13471e-06
899.1 1.1367e-06
899.2 1.13868e-06
899.3 1.14067e-06
899.4 1.14265e-06
899.5 1.14462e-06
899.6 1.1466e-06
899.7 1.14857e-06
899.8 1.15054e-06
899.9 1.15251e-06
900.0 1.15447e-06
900.1 1.15387e-06
900.2 1.15327e-06
900.3 1.15267e-06
900.4 1.15206e-06
900.5 1.15146e-06
900.6 1.15086e-06
900.7 1.15025e-06
900.8 1.14965e-06
900.9 1.14905e-06
901.0 1.14844e-06
901.1 1.14529e-06
901.2 1.14214e-06
901.3 1.13899e-06
901.4 1.13584e-06
901.5 1.1327e-06
901.6 1.12956e-06
901.7 1.12642e-06
901.8 1.12328e-06
901.9 1.12015e-06
902.0 1.11702e-06
902.1 1.11643e-06
902.2 1.11584e-06
902.3 1.11525e-06
902.4 1.11465e-06
902.5 1.11406e-06
902.6 1.11347e-06
902.7 1.11288e-06
902.8 1.11229e-06
902.9 1.1117e-06
903.0 1.11111e-06
903.1 1.11051e-06
903.2 1.10992e-06
903.3 1.10933e-06
903.4 1.10874e-06
903.5 1.10814e-06
903.6 1.10755e-06
903.7 1.10696e-06
903.8 1.10637e-06
903.9 1.10578e-06
904.0 1.10518e-06
904.1 1.10459e-06
904.2 1.104e-06
904.3 1.10341e-06
904.4 1.10281e-06
904.5 1.10222e-06
904.6 1.10163e-06
904.7 1.10104e-06
904.8 1.10045e-06
904.9 1.09985e-06
905.0 1.09926e-06
905.1 1.09867e-06
905.2 1.09807e-06
905.3 1.09748e-06
905.4 1.09688e-06
905.5 1.09629e-06
905.6 1.0957e-06
905.7 1.0951e-06
905.8 1.09451e-06
905.9 1.09391e-06
906.0 1.09332e-06
906.1 1.09024e-06
906.2 1.08717e-06
906.3 1.0841e-06
906.4 1.08103e-06
906.5 1.07796e-06
906.6 1.07489e-06
906.7 1.07183e-06
906.8 1.06877e-06
906.9 1.06572e-06
907.0 1.06266e-06
907.1 1.06208e-06
907.2 1.0615e-06
907.3 1.06092e-06
907.4 1.06034e-06
907.5 1.05975e-06
907.6 1.05917e-06
907.7 1.05859e-06
907.8 1.05801e-06
907.9 1.05743e-06
908.0 1.05685e-06
908.1 1.05626e-06
908.2 1.05568e-06
908.3 1.0551e-06
908.4 1.05452e-06
908.5 1.05393e-06
908.6 1.05335e-06
908.7 1.05277e-06
908.8 1.05219e-06
908.9 1.05161e-06
909.0 1.05102e-06
909.1 1.05044e-06
909.2 1.04986e-06
909.3 1.04927e-06
909.4 1.04869e-06
909.5 1.04811e-06
909.6 1.04752e-06
909.7 1.04694e-06
909.8 1.04636e-06
909.9 1.04577e-06
910.0 1.04519e-06
910.1 1.0446e-06
910.2 1.04402e-06
910.3 1.04344e-06
910.4 1.04285e-06
910.5 1.04227e-06
910.6 1.04168e-06
910.7 1.0411e-06
910.8 1.04052e-06
910.9 1.03993e-06
911.0 1.03935e-06
911.1 1.03635e-06
911.2 1.03335e-06
911.3 1.03036e-06
911.4 1.02736e-06
911.5 1.02437e-06
911.6 1.02139e-06
911.7 1.0184e-06
911.8 1.01542e-06
911.9 1.01244e-06
912.0 1.00947e-06
912.1 1.00889e-06
912.2 1.00832e-06
912.3 1.00775e-06
912.4 1.00718e-06
912.5 1.00661e-06
912.6 1.00603e-06
912.7 1.00546e-06
912.8 1.00489e-06
912.9 1.00432e-06
913.0 1.00375e-06
913.1 1.00317e-06
913.2 1.0026e-06
913.3 1.00203e-06
913.4 1.00146e-06
913.5 1.00088e-06
913.6 1.00031e-06
913.7 9.99738e-07
913.8 9.99166e-07
913.9 9.98593e-07
914.0 9.98021e-07
914.1 9.97447e-07
914.2 9.96873e-07
914.3 9.963e-07
914.4 9.95726e-07
914.5 9.95152e-07
914.6 9.94578e-07
914.7 9.94005e-07
914.8 9.93431e-07
914.9 9.92857e-07
915.0 9.92284e-07
915.1 9.91709e-07
915.2 9.91135e-07
915.3 9.90561e-07
915.4 9.89987e-07
915.5 9.89413e-07
915.6 9.88839e-07
915.7 9.88265e-07
915.8 9.8769e-07
915.9 9.87116e-07
916.0 9.86542e-07
916.1 9.83619e-07
916.2 9.80699e-07
916.3 9.77782e-07
916.4 9.74867e-07
916.5 9.71955e-07
916.6 9.69046e-07
916.7 9.66139e-07
916.8 9.63235e-07
916.9 9.60334e-07
917.0 9.57436e-07
917.1 9.56874e-07
917.2 9.56312e-07
917.3 9.5575e-07
917.4 9.55188e-07
917.5 9.54626e-07
917.6 9.54063e-07
917.7 9.53501e-07
917.8 9.52939e-07
917.9 9.52377e-07
918.0 9.51815e-07
918.1 9.51252e-07
918.2 9.50689e-07
918.3 9.50126e-07
918.4 9.49563e-07
918.5 9.49e-07
918.6 9.48437e-07
918.7 9.47874e-07
918.8 9.47312e-07
918.9 9.46749e-07
919.0 9.46186e-07
919.1 9.45622e-07
919.2 9.45059e-07
919.3 9.44496e-07
919.4 9.43932e-07
919.5 9.43369e-07
919.6 9.42806e-07
919.7 9.42242e-07
919.8 9.41679e-07
919.9 9.41116e-07
920.0 9.40552e-07
920.1 9.39988e-07
920.2 9.39423e-07
920.3 9.38859e-07
920.4 9.38294e-07
920.5 9.37729e-07
920.6 9.37165e-07
920.7 9.366e-07
920.8 9.36036e-07
920.9 9.35471e-07
921.0 9.34907e-07
921.1 9.34342e-07
921.2 9.33777e-07
921.3 9.33212e-07
921.4 9.32647e-07
921.5 9.32082e-07
921.6 9.31517e-07
921.7 9.30952e-07
921.8 9.30387e-07
921.9 9.29822e-07
922.0 9.29257e-07
922.1 9.26425e-07
922.2 9.23597e-07
922.3 9.20771e-07
922.4 9.17948e-07
922.5 9.15128e-07
922.6 9.1231e-07
922.7 9.09496e-07
922.8 9.06684e-07
922.9 9.03874e-07
923.0 9.01068e-07
923.1 9.00516e-07
923.2 8.99963e-07
923.3 8.99411e-07
923.4 8.98858e-07
923.5 8.98306e-07
923.6 8.97754e-07
923.7 8.97201e-07
923.8 8.96649e-07
923.9 8.96096e-07
924.0 8.95544e-07
924.1 8.9499e-07
924.2 8.94436e-07
924.3 8.93882e-07
924.4 8.93328e-07
924.5 8.92774e-07
924.6 8.9222e-07
924.7 8.91666e-07
924.8 8.91112e-07
924.9 8.90558e-07
925.0 8.90004e-07
925.1 8.8945e-07
925.2 8.88896e-07
925.3 8.88342e-07
925.4 8.87788e-07
925.5 8.87234e-07
925.6 8.8668e-07
925.7 8.86126e-07
925.8 8.85572e-07
925.9 8.85018e-07
926.0 8.84464e-07
926.1 8.83909e-07
926.2 8.83354e-07
926.3 8.828e-07
926.4 8.82245e-07
926.5 8.8169e-07
926.6 8.81135e-07
926.7 8.8058e-07
926.8 8.80026e-07
926.9 8.79471e-07
927.0 8.78916e-07
927.1 8.76164e-07
927.2 8.73414e-07
927.3 8.70667e-07
927.4 8.67923e-07
927.5 8.65182e-07
927.6 8.62444e-07
927.7 8.59708e-07
927.8 8.56976e-07
927.9 8.54245e-07
928.0 8.51518e-07
928.1 8.50976e-07
928.2 8.50433e-07
928.3 8.49891e-07
928.4 8.49348e-07
928.5 8.48806e-07
928.6 8.48263e-07
928.7 8.47721e-07
928.8 8.47178e-07
928.9 8.46636e-07
929.0 8.46093e-07
929.1 8.4555e-07
929.2 8.45007e-07
929.3 8.44463e-07
929.4 8.4392e-07
929.5 8.43377e-07
929.6 8.42834e-07
929.7 8.4229e-07
929.8 8.41747e-07
929.9 8.41204e-07
930.0 8.40661e-07
930.1 8.40117e-07
930.2 8.39573e-07
930.3 8.3903e-07
930.4 8.38486e-07
930.5 8.37942e-07
930.6 8.37399e-07
930.7 8.36855e-07
930.8 8.36311e-07
930.9 8.35768e-07
931.0 8.35224e-07
931.1 8.34679e-07
931.2 8.34134e-07
931.3 8.3359e-07
931.4 8.33045e-07
931.5 8.325e-07
931.6 8.31955e-07
931.7 8.3141e-07
931.8 8.30865e-07
931.9 8.30321e-07
932.0 8.29776e-07
932.1 8.27104e-07
932.2 8.24435e-07
932.3 8.21769e-07
932.4 8.19105e-07
932.5 8.16444e-07
932.6 8.13787e-07
932.7 8.11132e-07
932.8 8.08479e-07
932.9 8.0583e-07
933.0 8.03183e-07
933.1 8.02652e-07
933.2 8.0212e-07
933.3 8.01588e-07
933.4 8.01057e-07
933.5 8.00525e-07
933.6 7.99993e-07
933.7 7.99462e-07
933.8 7.9893e-07
933.9 7.98399e-07
934.0 7.97867e-07
934.1 7.97334e-07
934.2 7.96801e-07
934.3 7.96268e-07
934.4 7.95734e-07
934.5 7.95201e-07
934.6 7.94668e-07
934.7 7.94135e-07
934.8 7.93602e-07
934.9 7.93069e-07
935.0 7.92536e-07
935.1 7.92002e-07
935.2 7.91469e-07
935.3 7.90935e-07
935.4 7.90402e-07
935.5 7.89868e-07
935.6 7.89334e-07
935.7 7.88801e-07
935.8 7.88267e-07
935.9 7.87734e-07
936.0 7.872e-07
936.1 7.86666e-07
936.2 7.86133e-07
936.3 7.85599e-07
936.4 7.85065e-07
936.5 7.84531e-07
936.6 7.83997e-07
936.7 7.83463e-07
936.8 7.82929e-07
936.9 7.82395e-07
937.0 7.81861e-07
937.1 7.81326e-07
937.2 7.80791e-07
937.3 7.80256e-07
937.4 7.79721e-07
937.5 7.79186e-07
937.6 7.78651e-07
937.7 7.78116e-07
937.8 7.77581e-07
937.9 7.77046e-07
938.0 7.76511e-07
938.1 7.73933e-07
938.2 7.71358e-07
938.3 7.68786e-07
938.4 7.66217e-07
938.5 7.6365e-07
938.6 7.61086e-07
938.7 7.58525e-07
938.8 7.55967e-07
938.9 7.53412e-07
939.0 7.50859e-07
939.1 7.50337e-07
939.2 7.49815e-07
939.3 7.49293e-07
939.4 7.48771e-07
939.5 7.48249e-07
939.6 7.47727e-07
939.7 7.47205e-07
939.8 7.46683e-07
939.9 7.46161e-07
940.0 7.45639e-07
940.1 7.45116e-07
940.2 7.44594e-07
940.3 7.44071e-07
940.4 7.43549e-07
940.5 7.43027e-07
940.6 7.42504e-07
940.7 7.41982e-07
940.8 7.41459e-07
940.9 7.40937e-07
941.0 7.40414e-07
941.1 7.3989e-07
941.2 7.39367e-07
941.3 7.38843e-07
941.4 7.38319e-07
941.5 7.37795e-07
941.6 7.37271e-07
941.7 7.36747e-07
941.8 7.36223e-07
941.9 7.35699e-07
942.0 7.35175e-07
942.1 7.34651e-07
942.2 7.34127e-07
942.3 7.33603e-07
942.4 7.3308e-07
942.5 7.32556e-07
942.6 7.32032e-07
942.7 7.31508e-07
942.8 7.30984e-07
942.9 7.3046e-07
943.0 7.29936e-07
943.1 7.2744e-07
943.2 7.24946e-07
943.3 7.22455e-07
943.4 7.19967e-07
943.5 7.17482e-07
943.6 7.15e-07
943.7 7.12521e-07
943.8 7.10044e-07
943.9 7.0757e-07
944.0 7.051e-07
944.1 7.04588e-07
944.2 7.04077e-07
944.3 7.03566e-07
944.4 7.03055e-07
944.5 7.02544e-07
944.6 7.02032e-07
944.7 7.01521e-07
944.8 7.0101e-07
944.9 7.00499e-07
945.0 6.99988e-07
945.1 6.99475e-07
945.2 6.98963e-07
945.3 6.98451e-07
945.4 6.97938e-07
945.5 6.97426e-07
945.6 6.96914e-07
945.7 6.96402e-07
945.8 6.95889e-07
945.9 6.95377e-07
946.0 6.94865e-07
946.1 6.94352e-07
946.2 6.9384e-07
946.3 6.93327e-07
946.4 6.92814e-07
946.5 6.92302e-07
946.6 6.91789e-07
946.7 6.91276e-07
946.8 6.90764e-07
946.9 6.90251e-07
947.0 6.89738e-07
947.1 6.89225e-07
947.2 6.88712e-07
947.3 6.88198e-07
947.4 6.87685e-07
947.5 6.87172e-07
947.6 6.86658e-07
947.7 6.86145e-07
947.8 6.85632e-07
947.9 6.85118e-07
948.0 6.84605e-07
948.1 6.84091e-07
948.2 6.83577e-07
948.3 6.83063e-07
948.4 6.82548e-07
948.5 6.82034e-07
948.6 6.8152e-07
948.7 6.81006e-07
948.8 6.80492e-07
948.9 6.79978e-07
949.0 6.79464e-07
949.1 6.77064e-07
949.2 6.74666e-07
949.3 6.72271e-07
949.4 6.6988e-07
949.5 6.67491e-07
949.6 6.65104e-07
949.7 6.62721e-07
949.8 6.60341e-07
949.9 6.57963e-07
950.0 6.55588e-07
950.1 6.55088e-07
950.2 6.54587e-07
950.3 6.54086e-07
950.4 6.53585e-07
950.5 6.53084e-07
950.6 6.52583e-07
950.7 6.52083e-07
950.8 6.51582e-07
950.9 6.51081e-07
951.0 6.5058e-07
951.1 6.50078e-07
951.2 6.49577e-07
951.3 6.49075e-07
951.4 6.48574e-07
951.5 6.48072e-07
951.6 6.47571e-07
951.7 6.47069e-07
951.8 6.46568e-07
951.9 6.46066e-07
952.0 6.45564e-07
952.1 6.43219e-07
952.2 6.40876e-07
952.3 6.38536e-07
952.4 6.36199e-07
952.5 6.33865e-07
952.6 6.31534e-07
952.7 6.29205e-07
952.8 6.2688e-07
952.9 6.24557e-07
953.0 6.22237e-07
953.1 6.21749e-07
953.2 6.2126e-07
953.3 6.20772e-07
953.4 6.20283e-07
953.5 6.19794e-07
953.6 6.19306e-07
953.7 6.18817e-07
953.8 6.18329e-07
953.9 6.1784e-07
954.0 6.17352e-07
954.1 6.15048e-07
954.2 6.12748e-07
954.3 6.10451e-07
954.4 6.08156e-07
954.5 6.05864e-07
954.6 6.03575e-07
954.7 6.01289e-07
954.8 5.99006e-07
954.9 5.96726e-07
955.0 5.94449e-07
955.1 5.93973e-07
955.2 5.93498e-07
955.3 5.93022e-07
955.4 5.92547e-07
955.5 5.92071e-07
955.6 5.91596e-07
955.7 5.9112e-07
955.8 5.90645e-07
955.9 5.90169e-07
956.0 5.89693e-07
956.1 5.89218e-07
956.2 5.88742e-07
956.3 5.88266e-07
956.4 5.8779e-07
956.5 5.87314e-07
956.6 5.86838e-07
956.7 5.86362e-07
956.8 5.85887e-07
956.9 5.85411e-07
957.0 5.84935e-07
957.1 5.82687e-07
957.2 5.80443e-07
957.3 5.78201e-07
957.4 5.75962e-07
957.5 5.73726e-07
957.6 5.71493e-07
957.7 5.69262e-07
957.8 5.67035e-07
957.9 5.6481e-07
958.0 5.62589e-07
958.1 5.62126e-07
958.2 5.61663e-07
958.3 5.61201e-07
958.4 5.60738e-07
958.5 5.60275e-07
958.6 5.59812e-07
958.7 5.5935e-07
958.8 5.58887e-07
958.9 5.58424e-07
959.0 5.57962e-07
959.1 5.55756e-07
959.2 5.53554e-07
959.3 5.51355e-07
959.4 5.49158e-07
959.5 5.46964e-07
959.6 5.44774e-07
959.7 5.42586e-07
959.8 5.40401e-07
959.9 5.38219e-07
960.0 5.3604e-07
960.1 5.3559e-07
960.2 5.3514e-07
960.3 5.3469e-07
960.4 5.3424e-07
960.5 5.33791e-07
960.6 5.33341e-07
960.7 5.32891e-07
960.8 5.32441e-07
960.9 5.31991e-07
961.0 5.31541e-07
961.1 5.31092e-07
961.2 5.30642e-07
961.3 5.30192e-07
961.4 5.29742e-07
961.5 5.29292e-07
961.6 5.28843e-07
961.7 5.28393e-07
961.8 5.27943e-07
961.9 5.27493e-07
962.0 5.27043e-07
962.1 5.24894e-07
962.2 5.22748e-07
962.3 5.20605e-07
962.4 5.18464e-07
962.5 5.16327e-07
962.6 5.14192e-07
962.7 5.12061e-07
962.8 5.09932e-07
962.9 5.07806e-07
963.0 5.05683e-07
963.1 5.05246e-07
963.2 5.0481e-07
963.3 5.04373e-07
963.4 5.03937e-07
963.5 5.035e-07
963.6 5.03064e-07
963.7 5.02627e-07
963.8 5.02191e-07
963.9 5.01754e-07
964.0 5.01318e-07
964.1 5.00881e-07
964.2 5.00444e-07
964.3 5.00007e-07
964.4 4.9957e-07
964.5 4.99132e-07
964.6 4.98695e-07
964.7 4.98258e-07
964.8 4.97821e-07
964.9 4.97384e-07
965.0 4.96947e-07
965.1 4.94854e-07
965.2 4.92764e-07
965.3 4.90678e-07
965.4 4.88594e-07
965.5 4.86513e-07
965.6 4.84434e-07
965.7 4.82359e-07
965.8 4.80287e-07
965.9 4.78217e-07
966.0 4.76151e-07
966.1 4.75728e-07
966.2 4.75304e-07
966.3 4.74881e-07
966.4 4.74457e-07
966.5 4.74034e-07
966.6 4.73611e-07
966.7 4.73187e-07
966.8 4.72764e-07
966.9 4.7234e-07
967.0 4.71917e-07
967.1 4.71493e-07
967.2 4.71068e-07
967.3 4.70644e-07
967.4 4.7022e-07
967.5 4.69796e-07
967.6 4.69371e-07
967.7 4.68947e-07
967.8 4.68523e-07
967.9 4.68099e-07
968.0 4.67674e-07
968.1 4.65639e-07
968.2 4.63606e-07
968.3 4.61576e-07
968.4 4.59549e-07
968.5 4.57525e-07
968.6 4.55504e-07
968.7 4.53485e-07
968.8 4.5147e-07
968.9 4.49458e-07
969.0 4.47448e-07
969.1 4.47038e-07
969.2 4.46627e-07
969.3 4.46217e-07
969.4 4.45806e-07
969.5 4.45396e-07
969.6 4.44986e-07
969.7 4.44575e-07
969.8 4.44165e-07
969.9 4.43754e-07
970.0 4.43344e-07
970.1 4.42933e-07
970.2 4.42522e-07
970.3 4.4211e-07
970.4 4.41699e-07
970.5 4.41288e-07
970.6 4.40877e-07
970.7 4.40466e-07
970.8 4.40055e-07
970.9 4.39644e-07
971.0 4.39233e-07
971.1 4.37255e-07
971.2 4.35279e-07
971.3 4.33306e-07
971.4 4.31337e-07
971.5 4.2937e-07
971.6 4.27406e-07
971.7 4.25445e-07
971.8 4.23487e-07
971.9 4.21532e-07
972.0 4.1958e-07
972.1 4.19183e-07
972.2 4.18785e-07
972.3 4.18388e-07
972.4 4.1799e-07
972.5 4.17593e-07
972.6 4.17195e-07
972.7 4.16798e-07
972.8 4.164e-07
972.9 4.16003e-07
973.0 4.15606e-07
973.1 4.15208e-07
973.2 4.1481e-07
973.3 4.14412e-07
973.4 4.14014e-07
973.5 4.13616e-07
973.6 4.13218e-07
973.7 4.1282e-07
973.8 4.12422e-07
973.9 4.12024e-07
974.0 4.11626e-07
974.1 4.11228e-07
974.2 4.10829e-07
974.3 4.10431e-07
974.4 4.10033e-07
974.5 4.09635e-07
974.6 4.09236e-07
974.7 4.08838e-07
974.8 4.0844e-07
974.9 4.08042e-07
975.0 4.07643e-07
975.1 4.05736e-07
975.2 4.03832e-07
975.3 4.01931e-07
975.4 4.00033e-07
975.5 3.98137e-07
975.6 3.96245e-07
975.7 3.94356e-07
975.8 3.92469e-07
975.9 3.90586e-07
976.0 3.88705e-07
976.1 3.88321e-07
976.2 3.87936e-07
976.3 3.87552e-07
976.4 3.87167e-07
976.5 3.86782e-07
976.6 3.86398e-07
976.7 3.86013e-07
976.8 3.85629e-07
976.9 3.85244e-07
977.0 3.8486e-07
977.1 3.84475e-07
977.2 3.8409e-07
977.3 3.83705e-07
977.4 3.8332e-07
977.5 3.82934e-07
977.6 3.82549e-07
977.7 3.82164e-07
977.8 3.81779e-07
977.9 3.81394e-07
978.0 3.81009e-07
978.1 3.7916e-07
978.2 3.77314e-07
978.3 3.7547e-07
978.4 3.7363e-07
978.5 3.71793e-07
978.6 3.69958e-07
978.7 3.68127e-07
978.8 3.66298e-07
978.9 3.64473e-07
979.0 3.6265e-07
979.1 3.62279e-07
979.2 3.61908e-07
979.3 3.61537e-07
979.4 3.61166e-07
979.5 3.60795e-07
979.6 3.60424e-07
979.7 3.60053e-07
979.8 3.59682e-07
979.9 3.59311e-07
980.0 3.5894e-07
980.1 3.58568e-07
980.2 3.58197e-07
980.3 3.57825e-07
980.4 3.57454e-07
980.5 3.57082e-07
980.6 3.56711e-07
980.7 3.56339e-07
980.8 3.55968e-07
980.9 3.55596e-07
981.0 3.55225e-07
981.1 3.54853e-07
981.2 3.5448e-07
981.3 3.54108e-07
981.4 3.53736e-07
981.5 3.53364e-07
981.6 3.52991e-07
981.7 3.52619e-07
981.8 3.52247e-07
981.9 3.51875e-07
982.0 3.51502e-07
982.1 3.49725e-07
982.2 3.47951e-07
982.3 3.4618e-07
982.4 3.44412e-07
982.5 3.42647e-07
982.6 3.40885e-07
982.7 3.39126e-07
982.8 3.3737e-07
982.9 3.35617e-07
983.0 3.33866e-07
983.1 3.33508e-07
983.2 3.3315e-07
983.3 3.32792e-07
983.4 3.32434e-07
983.5 3.32076e-07
983.6 3.31718e-07
983.7 3.3136e-07
983.8 3.31002e-07
983.9 3.30644e-07
984.0 3.30286e-07
984.1 3.29927e-07
984.2 3.29569e-07
984.3 3.29211e-07
984.4 3.28852e-07
984.5 3.28494e-07
984.6 3.28136e-07
984.7 3.27777e-07
984.8 3.27419e-07
984.9 3.27061e-07
985.0 3.26702e-07
985.1 3.26344e-07
985.2 3.25985e-07
985.3 3.25626e-07
985.4 3.25267e-07
985.5 3.24908e-07
985.6 3.2455e-07
985.7 3.24191e-07
985.8 3.23832e-07
985.9 3.23473e-07
986.0 3.23114e-07
986.1 3.2141e-07
986.2 3.19709e-07
986.3 3.1801e-07
986.4 3.16315e-07
986.5 3.14623e-07
986.6 3.12933e-07
986.7 3.11247e-07
986.8 3.09564e-07
986.9 3.07883e-07
987.0 3.06206e-07
987.1 3.05861e-07
987.2 3.05516e-07
987.3 3.05172e-07
987.4 3.04827e-07
987.5 3.04482e-07
987.6 3.04137e-07
987.7 3.03793e-07
987.8 3.03448e-07
987.9 3.03103e-07
988.0 3.02758e-07
988.1 3.02413e-07
988.2 3.02068e-07
988.3 3.01723e-07
988.4 3.01377e-07
988.5 3.01032e-07
988.6 3.00687e-07
988.7 3.00342e-07
988.8 2.99996e-07
988.9 2.99651e-07
989.0 2.99306e-07
989.1 2.9896e-07
989.2 2.98615e-07
989.3 2.9827e-07
989.4 2.97924e-07
989.5 2.97579e-07
989.6 2.97233e-07
989.7 2.96888e-07
989.8 2.96542e-07
989.9 2.96197e-07
990.0 2.95851e-07
990.1 2.9422e-07
990.2 2.92592e-07
990.3 2.90967e-07
990.4 2.89346e-07
990.5 2.87727e-07
990.6 2.86111e-07
990.7 2.84498e-07
990.8 2.82888e-07
990.9 2.81281e-07
991.0 2.79677e-07
991.1 2.79346e-07
991.2 2.79015e-07
991.3 2.78683e-07
991.4 2.78352e-07
991.5 2.78021e-07
991.6 2.77689e-07
991.7 2.77358e-07
991.8 2.77027e-07
991.9 2.76695e-07
992.0 2.76364e-07
992.1 2.76032e-07
992.2 2.757e-07
992.3 2.75368e-07
992.4 2.75036e-07
992.5 2.74704e-07
992.6 2.74372e-07
992.7 2.7404e-07
992.8 2.73708e-07
992.9 2.73376e-07
993.0 2.73044e-07
993.1 2.72712e-07
993.2 2.7238e-07
993.3 2.72048e-07
993.4 2.71716e-07
993.5 2.71384e-07
993.6 2.71052e-07
993.7 2.7072e-07
993.8 2.70388e-07
993.9 2.70056e-07
994.0 2.69724e-07
994.1 2.68167e-07
994.2 2.66613e-07
994.3 2.65061e-07
994.4 2.63513e-07
994.5 2.61968e-07
994.6 2.60426e-07
994.7 2.58886e-07
994.8 2.5735e-07
994.9 2.55817e-07
995.0 2.54287e-07
995.1 2.53969e-07
995.2 2.53651e-07
995.3 2.53334e-07
995.4 2.53016e-07
995.5 2.52698e-07
995.6 2.52381e-07
995.7 2.52063e-07
995.8 2.51745e-07
995.9 2.51427e-07
996.0 2.5111e-07
996.1 2.50791e-07
996.2 2.50473e-07
996.3 2.50155e-07
996.4 2.49836e-07
996.5 2.49518e-07
996.6 2.49199e-07
996.7 2.48881e-07
996.8 2.48563e-07
996.9 2.48244e-07
997.0 2.47926e-07
997.1 2.47607e-07
997.2 2.47289e-07
997.3 2.4697e-07
997.4 2.46652e-07
997.5 2.46333e-07
997.6 2.46015e-07
997.7 2.45696e-07
997.8 2.45377e-07
997.9 2.45059e-07
998.0 2.4474e-07
998.1 2.43257e-07
998.2 2.41777e-07
998.3 2.403e-07
998.4 2.38826e-07
998.5 2.37355e-07
998.6 2.35887e-07
998.7 2.34422e-07
998.8 2.32961e-07
998.9 2.31502e-07
999.0 2.30046e-07
999.1 2.29742e-07
999.2 2.29438e-07
999.3 2.29134e-07
999.4 2.2883e-07
999.5 2.28526e-07
999.6 2.28222e-07
999.7 2.27918e-07
999.8 2.27614e-07
999.9 2.2731e-07
1000.0 2.27006e-07
1000.1 2.26968e-07
1000.2 2.26931e-07
1000.3 2.26893e-07
1000.4 2.26856e-07
1000.5 2.26818e-07
1000.6 2.2678e-07
1000.7 2.26743e-07
1000.8 2.26705e-07
1000.9 2.26668e-07
1001.0 2.2663e-07
1001.1 2.26593e-07
1001.2 2.26555e-07
1001.3 2.26518e-07
1001.4 2.2648e-07
1001.5 2.26443e-07
1001.6 2.26406e-07
1001.7 2.26368e-07
1001.8 2.26331e-07
1001.9 2.26293e-07
1002.0 2.26256e-07
1002.1 2.26218e-07
1002.2 2.2618e-07
1002.3 2.26143e-07
1002.4 2.26105e-07
1002.5 2.26067e-07
1002.6 2.26029e-07
1002.7 2.25991e-07
1002.8 2.25954e-07
1002.9 2.25916e-07
1003.0 2.25878e-07
1003.1 2.24711e-07
1003.2 2.23545e-07
1003.3 2.22379e-07
1003.4 2.21214e-07
1003.5 2.20049e-07
1003.6 2.18884e-07
1003.7 2.1772e-07
1003.8 2.16556e-07
1003.9 2.15392e-07
1004.0 2.14229e-07
1004.1 2.14193e-07
1004.2 2.14158e-07
1004.3 2.14123e-07
1004.4 2.14087e-07
1004.5 2.14052e-07
1004.6 2.14017e-07
1004.7 2.13981e-07
1004.8 2.13946e-07
1004.9 2.13911e-07
1005.0 2.13875e-07
1005.1 2.1384e-07
1005.2 2.13804e-07
1005.3 2.13769e-07
1005.4 2.13733e-07
1005.5 2.13698e-07
1005.6 2.13662e-07
1005.7 2.13627e-07
1005.8 2.13591e-07
1005.9 2.13556e-07
1006.0 2.1352e-07
1006.1 2.13485e-07
1006.2 2.13449e-07
1006.3 2.13414e-07
1006.4 2.13379e-07
1006.5 2.13343e-07
1006.6 2.13308e-07
1006.7 2.13273e-07
1006.8 2.13237e-07
1006.9 2.13202e-07
1007.0 2.13167e-07
1007.1 2.13131e-07
1007.2 2.13096e-07
1007.3 2.13061e-07
1007.4 2.13025e-07
1007.5 2.1299e-07
1007.6 2.12955e-07
1007.7 2.12919e-07
1007.8 2.12884e-07
1007.9 2.12849e-07
1008.0 2.12813e-07
1008.1 2.11658e-07
1008.2 2.10503e-07
1008.3 2.09349e-07
1008.4 2.08195e-07
1008.5 2.07041e-07
1008.6 2.05888e-07
1008.7 2.04735e-07
1008.8 2.03582e-07
1008.9 2.0243e-07
1009.0 2.01278e-07
1009.1 2.01244e-07
1009.2 2.01211e-07
1009.3 2.01178e-07
1009.4 2.01145e-07
1009.5 2.01111e-07
1009.6 2.01078e-07
1009.7 2.01045e-07
1009.8 2.01011e-07
1009.9 2.00978e-07
1010.0 2.00945e-07
1010.1 2.00911e-07
1010.2 2.00878e-07
1010.3 2.00844e-07
1010.4 2.00811e-07
1010.5 2.00777e-07
1010.6 2.00744e-07
1010.7 2.0071e-07
1010.8 2.00677e-07
1010.9 2.00643e-07
1011.0 2.0061e-07
1011.1 2.00577e-07
1011.2 2.00544e-07
1011.3 2.00511e-07
1011.4 2.00478e-07
1011.5 2.00444e-07
1011.6 2.00411e-07
1011.7 2.00378e-07
1011.8 2.00345e-07
1011.9 2.00312e-07
1012.0 2.00279e-07
1012.1 2.00245e-07
1012.2 2.00212e-07
1012.3 2.00179e-07
1012.4 2.00146e-07
1012.5 2.00112e-07
1012.6 2.00079e-07
1012.7 2.00046e-07
1012.8 2.00012e-07
1012.9 1.99979e-07
1013.0 1.99946e-07
1013.1 1.98802e-07
1013.2 1.97659e-07
1013.3 1.96516e-07
1013.4 1.95373e-07
1013.5 1.94231e-07
1013.6 1.93089e-07
1013.7 1.91947e-07
1013.8 1.90806e-07
1013.9 1.89665e-07
1014.0 1.88525e-07
1014.1 1.88494e-07
1014.2 1.88462e-07
1014.3 1.88431e-07
1014.4 1.884e-07
1014.5 1.88368e-07
1014.6 1.88337e-07
1014.7 1.88306e-07
1014.8 1.88275e-07
1014.9 1.88243e-07
1015.0 1.88212e-07
1015.1 1.88181e-07
1015.2 1.8815e-07
1015.3 1.88118e-07
1015.4 1.88087e-07
1015.5 1.88056e-07
1015.6 1.88024e-07
1015.7 1.87993e-07
1015.8 1.87962e-07
1015.9 1.87931e-07
1016.0 1.87899e-07
1016.1 1.87868e-07
1016.2 1.87837e-07
1016.3 1.87805e-07
1016.4 1.87774e-07
1016.5 1.87743e-07
1016.6 1.87712e-07
1016.7 1.8768e-07
1016.8 1.87649e-07
1016.9 1.87618e-07
1017.0 1.87586e-07
1017.1 1.87555e-07
1017.2 1.87524e-07
1017.3 1.87493e-07
1017.4 1.87462e-07
1017.5 1.87431e-07
1017.6 1.874e-07
1017.7 1.87369e-07
1017.8 1.87338e-07
1017.9 1.87307e-07
1018.0 1.87275e-07
1018.1 1.87244e-07
1018.2 1.87213e-07
1018.3 1.87182e-07
1018.4 1.87151e-07
1018.5 1.8712e-07
1018.6 1.87089e-07
1018.7 1.87058e-07
1018.8 1.87027e-07
1018.9 1.86995e-07
1019.0 1.86964e-07
1019.1 1.85834e-07
1019.2 1.84703e-07
1019.3 1.83573e-07
1019.4 1.82444e-07
1019.5 1.81314e-07
1019.6 1.80185e-07
1019.7 1.79057e-07
1019.8 1.77929e-07
1019.9 1.76801e-07
1020.0 1.75674e-07
1020.1 1.75644e-07
1020.2 1.75615e-07
1020.3 1.75586e-07
1020.4 1.75557e-07
1020.5 1.75528e-07
1020.6 1.75499e-07
1020.7 1.7547e-07
1020.8 1.75441e-07
1020.9 1.75412e-07
1021.0 1.75382e-07
1021.1 1.75353e-07
1021.2 1.75324e-07
1021.3 1.75295e-07
1021.4 1.75265e-07
1021.5 1.75236e-07
1021.6 1.75207e-07
1021.7 1.75177e-07
1021.8 1.75148e-07
1021.9 1.75119e-07
1022.0 1.7509e-07
1022.1 1.75061e-07
1022.2 1.75032e-07
1022.3 1.75003e-07
1022.4 1.74974e-07
1022.5 1.74945e-07
1022.6 1.74916e-07
1022.7 1.74887e-07
1022.8 1.74858e-07
1022.9 1.74829e-07
1023.0 1.748e-07
1023.1 1.74771e-07
1023.2 1.74742e-07
1023.3 1.74713e-07
1023.4 1.74684e-07
1023.5 1.74654e-07
1023.6 1.74625e-07
1023.7 1.74596e-07
1023.8 1.74567e-07
1023.9 1.74538e-07
1024.0 1.74509e-07
1024.1 1.7448e-07
1024.2 1.74451e-07
1024.3 1.74422e-07
1024.4 1.74393e-07
1024.5 1.74364e-07
1024.6 1.74335e-07
1024.7 1.74306e-07
1024.8 1.74277e-07
1024.9 1.74248e-07
1025.0 1.74219e-07
1025.1 1.73101e-07
1025.2 1.71984e-07
1025.3 1.70867e-07
1025.4 1.6975e-07
1025.5 1.68634e-07
1025.6 1.67518e-07
1025.7 1.66402e-07
1025.8 1.65287e-07
1025.9 1.64172e-07
1026.0 1.63057e-07
1026.1 1.6303e-07
1026.2 1.63003e-07
1026.3 1.62976e-07
1026.4 1.62949e-07
1026.5 1.62922e-07
1026.6 1.62895e-07
1026.7 1.62867e-07
1026.8 1.6284e-07
1026.9 1.62813e-07
1027.0 1.62786e-07
1027.1 1.62759e-07
1027.2 1.62732e-07
1027.3 1.62705e-07
1027.4 1.62678e-07
1027.5 1.62651e-07
1027.6 1.62624e-07
1027.7 1.62597e-07
1027.8 1.6257e-07
1027.9 1.62543e-07
1028.0 1.62516e-07
1028.1 1.62489e-07
1028.2 1.62462e-07
1028.3 1.62435e-07
1028.4 1.62407e-07
1028.5 1.6238e-07
1028.6 1.62353e-07
1028.7 1.62326e-07
1028.8 1.62299e-07
1028.9 1.62272e-07
1029.0 1.62244e-07
1029.1 1.62217e-07
1029.2 1.6219e-07
1029.3 1.62163e-07
1029.4 1.62136e-07
1029.5 1.62109e-07
1029.6 1.62082e-07
1029.7 1.62055e-07
1029.8 1.62028e-07
1029.9 1.62001e-07
1030.0 1.61974e-07
1030.1 1.61947e-07
1030.2 1.6192e-07
1030.3 1.61893e-07
1030.4 1.61866e-07
1030.5 1.61839e-07
1030.6 1.61812e-07
1030.7 1.61785e-07
1030.8 1.61758e-07
1030.9 1.61731e-07
1031.0 1.61704e-07
1031.1 1.61678e-07
1031.2 1.61651e-07
1031.3 1.61624e-07
1031.4 1.61597e-07
1031.5 1.6157e-07
1031.6 1.61543e-07
1031.7 1.61517e-07
1031.8 1.6149e-07
1031.9 1.61463e-07
1032.0 1.61436e-07
1032.1 1.60333e-07
1032.2 1.59231e-07
1032.3 1.58128e-07
1032.4 1.57027e-07
1032.5 1.55925e-07
1032.6 1.54824e-07
1032.7 1.53723e-07
1032.8 1.52623e-07
1032.9 1.51523e-07
1033.0 1.50423e-07
1033.1 1.50398e-07
1033.2 1.50373e-07
1033.3 1.50348e-07
1033.4 1.50323e-07
1033.5 1.50298e-07
1033.6 1.50273e-07
1033.7 1.50248e-07
1033.8 1.50223e-07
1033.9 1.50197e-07
1034.0 1.50172e-07
1034.1 1.50147e-07
1034.2 1.50122e-07
1034.3 1.50097e-07
1034.4 1.50072e-07
1034.5 1.50047e-07
1034.6 1.50022e-07
1034.7 1.49997e-07
1034.8 1.49972e-07
1034.9 1.49947e-07
1035.0 1.49922e-07
1035.1 1.49897e-07
1035.2 1.49872e-07
1035.3 1.49847e-07
1035.4 1.49822e-07
1035.5 1.49796e-07
1035.6 1.49771e-07
1035.7 1.49746e-07
1035.8 1.49721e-07
1035.9 1.49696e-07
1036.0 1.49671e-07
1036.1 1.49646e-07
1036.2 1.49621e-07
1036.3 1.49596e-07
1036.4 1.49572e-07
1036.5 1.49547e-07
1036.6 1.49522e-07
1036.7 1.49497e-07
1036.8 1.49472e-07
1036.9 1.49447e-07
1037.0 1.49422e-07
1037.1 1.49397e-07
1037.2 1.49372e-07
1037.3 1.49347e-07
1037.4 1.49322e-07
1037.5 1.49297e-07
1037.6 1.49272e-07
1037.7 1.49248e-07
1037.8 1.49223e-07
1037.9 1.49198e-07
1038.0 1.49173e-07
1038.1 1.49148e-07
1038.2 1.49123e-07
1038.3 1.49098e-07
1038.4 1.49073e-07
1038.5 1.49048e-07
1038.6 1.49023e-07
1038.7 1.48998e-07
1038.8 1.48973e-07
1038.9 1.48949e-07
1039.0 1.48924e-07
1039.1 1.47835e-07
1039.2 1.46747e-07
1039.3 1.4566e-07
1039.4 1.44572e-07
1039.5 1.43485e-07
1039.6 1.42399e-07
1039.7 1.41313e-07
1039.8 1.40227e-07
1039.9 1.39141e-07
1040.0 1.38056e-07
1040.1 1.38033e-07
1040.2 1.3801e-07
1040.3 1.37987e-07
1040.4 1.37964e-07
1040.5 1.3794e-07
1040.6 1.37917e-07
1040.7 1.37894e-07
1040.8 1.37871e-07
1040.9 1.37848e-07
1041.0 1.37825e-07
1041.1 1.37802e-07
1041.2 1.37779e-07
1041.3 1.37756e-07
1041.4 1.37733e-07
1041.5 1.3771e-07
1041.6 1.37687e-07
1041.7 1.37664e-07
1041.8 1.37641e-07
1041.9 1.37618e-07
1042.0 1.37595e-07
1042.1 1.37572e-07
1042.2 1.37549e-07
1042.3 1.37526e-07
1042.4 1.37503e-07
1042.5 1.3748e-07
1042.6 1.37457e-07
1042.7 1.37434e-07
1042.8 1.37411e-07
1042.9 1.37388e-07
1043.0 1.37364e-07
1043.1 1.37342e-07
1043.2 1.37319e-07
1043.3 1.37296e-07
1043.4 1.37273e-07
1043.5 1.3725e-07
1043.6 1.37227e-07
1043.7 1.37204e-07
1043.8 1.37181e-07
1043.9 1.37159e-07
1044.0 1.37136e-07
1044.1 1.37113e-07
1044.2 1.3709e-07
1044.3 1.37067e-07
1044.4 1.37044e-07
1044.5 1.37021e-07
1044.6 1.36998e-07
1044.7 1.36976e-07
1044.8 1.36953e-07
1044.9 1.3693e-07
1045.0 1.36907e-07
1045.1 1.36884e-07
1045.2 1.36861e-07
1045.3 1.36838e-07
1045.4 1.36815e-07
1045.5 1.36792e-07
1045.6 1.36769e-07
1045.7 1.36746e-07
1045.8 1.36723e-07
1045.9 1.367e-07
1046.0 1.36677e-07
1046.1 1.36654e-07
1046.2 1.36631e-07
1046.3 1.36609e-07
1046.4 1.36586e-07
1046.5 1.36563e-07
1046.6 1.3654e-07
1046.7 1.36518e-07
1046.8 1.36495e-07
1046.9 1.36472e-07
1047.0 1.36449e-07
1047.1 1.35377e-07
1047.2 1.34305e-07
1047.3 1.33233e-07
1047.4 1.32162e-07
1047.5 1.31091e-07
1047.6 1.30021e-07
1047.7 1.2895e-07
1047.8 1.27881e-07
1047.9 1.26811e-07
1048.0 1.25742e-07
1048.1 1.25721e-07
1048.2 1.257e-07
1048.3 1.25679e-07
1048.4 1.25658e-07
1048.5 1.25637e-07
1048.6 1.25616e-07
1048.7 1.25595e-07
1048.8 1.25574e-07
1048.9 1.25553e-07
1049.0 1.25532e-07
1049.1 1.25511e-07
1049.2 1.2549e-07
1049.3 1.25469e-07
1049.4 1.25448e-07
1049.5 1.25426e-07
1049.6 1.25405e-07
1049.7 1.25384e-07
1049.8 1.25363e-07
1049.9 1.25342e-07
1050.0 1.25321e-07
1050.1 1.253e-07
1050.2 1.25279e-07
1050.3 1.25258e-07
1050.4 1.25237e-07
1050.5 1.25216e-07
1050.6 1.25196e-07
1050.7 1.25175e-07
1050.8 1.25154e-07
1050.9 1.25133e-07
1051.0 1.25112e-07
1051.1 1.25091e-07
1051.2 1.2507e-07
1051.3 1.25049e-07
1051.4 1.25028e-07
1051.5 1.25007e-07
1051.6 1.24986e-07
1051.7 1.24965e-07
1051.8 1.24944e-07
1051.9 1.24923e-07
1052.0 1.24902e-07
1052.1 1.24881e-07
1052.2 1.2486e-07
1052.3 1.24839e-07
1052.4 1.24818e-07
1052.5 1.24798e-07
1052.6 1.24777e-07
1052.7 1.24756e-07
1052.8 1.24735e-07
1052.9 1.24714e-07
1053.0 1.24693e-07
1053.1 1.24672e-07
1053.2 1.24651e-07
1053.3 1.24631e-07
1053.4 1.2461e-07
1053.5 1.24589e-07
1053.6 1.24568e-07
1053.7 1.24547e-07
1053.8 1.24526e-07
1053.9 1.24505e-07
1054.0 1.24484e-07
1054.1 1.24464e-07
1054.2 1.24443e-07
1054.3 1.24422e-07
1054.4 1.24401e-07
1054.5 1.2438e-07
1054.6 1.24359e-07
1054.7 1.24338e-07
1054.8 1.24317e-07
1054.9 1.24296e-07
1055.0 1.24276e-07
1055.1 1.24255e-07
1055.2 1.24234e-07
1055.3 1.24213e-07
1055.4 1.24192e-07
1055.5 1.24171e-07
1055.6 1.2415e-07
1055.7 1.24129e-07
1055.8 1.24109e-07
1055.9 1.24088e-07
1056.0 1.24067e-07
1056.1 1.24046e-07
1056.2 1.24025e-07
1056.3 1.24005e-07
1056.4 1.23984e-07
1056.5 1.23963e-07
1056.6 1.23942e-07
1056.7 1.23921e-07
1056.8 1.23901e-07
1056.9 1.2388e-07
1057.0 1.23859e-07
1057.1 1.23839e-07
1057.2 1.23818e-07
1057.3 1.23797e-07
1057.4 1.23777e-07
1057.5 1.23756e-07
1057.6 1.23735e-07
1057.7 1.23715e-07
1057.8 1.23694e-07
1057.9 1.23673e-07
1058.0 1.23653e-07
1058.1 1.23632e-07
1058.2 1.23611e-07
1058.3 1.23591e-07
1058.4 1.2357e-07
1058.5 1.23549e-07
1058.6 1.23528e-07
1058.7 1.23507e-07
1058.8 1.23487e-07
1058.9 1.23466e-07
1059.0 1.23445e-07
1059.1 1.23424e-07
1059.2 1.23404e-07
1059.3 1.23383e-07
1059.4 1.23362e-07
1059.5 1.23341e-07
1059.6 1.23321e-07
1059.7 1.233e-07
1059.8 1.23279e-07
1059.9 1.23258e-07
1060.0 1.23238e-07
1060.1 1.23217e-07
1060.2 1.23196e-07
1060.3 1.23175e-07
1060.4 1.23155e-07
1060.5 1.23134e-07
1060.6 1.23113e-07
1060.7 1.23092e-07
1060.8 1.23072e-07
1060.9 1.23051e-07
1061.0 1.2303e-07
1061.1 1.23009e-07
1061.2 1.22989e-07
1061.3 1.22968e-07
1061.4 1.22948e-07
1061.5 1.22927e-07
1061.6 1.22907e-07
1061.7 1.22886e-07
1061.8 1.22866e-07
1061.9 1.22845e-07
1062.0 1.22825e-07
1062.1 1.22804e-07
1062.2 1.22783e-07
1062.3 1.22763e-07
1062.4 1.22742e-07
1062.5 1.22721e-07
1062.6 1.227e-07
1062.7 1.22679e-07
1062.8 1.22659e-07
1062.9 1.22638e-07
1063.0 1.22617e-07
1063.1 1.22597e-07
1063.2 1.22576e-07
1063.3 1.22555e-07
1063.4 1.22535e-07
1063.5 1.22514e-07
1063.6 1.22493e-07
1063.7 1.22473e-07
1063.8 1.22452e-07
1063.9 1.22431e-07
1064.0 1.22411e-07
1064.1 1.2239e-07
1064.2 1.2237e-07
1064.3 1.2235e-07
1064.4 1.22329e-07
1064.5 1.22309e-07
1064.6 1.22288e-07
1064.7 1.22268e-07
1064.8 1.22248e-07
1064.9 1.22227e-07
1065.0 1.22207e-07
1065.1 1.22186e-07
1065.2 1.22166e-07
1065.3 1.22145e-07
1065.4 1.22124e-07
1065.5 1.22104e-07
1065.6 1.22083e-07
1065.7 1.22062e-07
1065.8 1.22042e-07
1065.9 1.22021e-07
1066.0 1.22e-07
1066.1 1.2198e-07
1066.2 1.21959e-07
1066.3 1.21939e-07
1066.4 1.21918e-07
1066.5 1.21898e-07
1066.6 1.21877e-07
1066.7 1.21857e-07
1066.8 1.21836e-07
1066.9 1.21816e-07
1067.0 1.21795e-07
1067.1 1.21775e-07
1067.2 1.21754e-07
1067.3 1.21734e-07
1067.4 1.21713e-07
1067.5 1.21693e-07
1067.6 1.21672e-07
1067.7 1.21652e-07
1067.8 1.21631e-07
1067.9 1.21611e-07
1068.0 1.2159e-07
1068.1 1.2157e-07
1068.2 1.21549e-07
1068.3 1.21529e-07
1068.4 1.21508e-07
1068.5 1.21488e-07
1068.6 1.21468e-07
1068.7 1.21447e-07
1068.8 1.21427e-07
1068.9 1.21406e-07
1069.0 1.21386e-07
1069.1 1.21366e-07
1069.2 1.21345e-07
1069.3 1.21325e-07
1069.4 1.21304e-07
1069.5 1.21284e-07
1069.6 1.21264e-07
1069.7 1.21243e-07
1069.8 1.21223e-07
1069.9 1.21202e-07
1070.0 1.21182e-07
1070.1 1.21162e-07
1070.2 1.21141e-07
1070.3 1.21121e-07
1070.4 1.211e-07
1070.5 1.2108e-07
1070.6 1.2106e-07
1070.7 1.21039e-07
1070.8 1.21019e-07
1070.9 1.20998e-07
1071.0 1.20978e-07
1071.1 1.20958e-07
1071.2 1.20937e-07
1071.3 1.20917e-07
1071.4 1.20896e-07
1071.5 1.20876e-07
1071.6 1.20856e-07
1071.7 1.20835e-07
1071.8 1.20815e-07
1071.9 1.20794e-07
1072.0 1.20774e-07
1072.1 1.20754e-07
1072.2 1.20733e-07
1072.3 1.20713e-07
1072.4 1.20693e-07
1072.5 1.20673e-07
1072.6 1.20652e-07
1072.7 1.20632e-07
1072.8 1.20612e-07
1072.9 1.20591e-07
1073.0 1.20571e-07
1073.1 1.20551e-07
1073.2 1.2053e-07
1073.3 1.2051e-07
1073.4 1.2049e-07
1073.5 1.20469e-07
1073.6 1.20449e-07
1073.7 1.20428e-07
1073.8 1.20408e-07
1073.9 1.20388e-07
1074.0 1.20367e-07
1074.1 1.20347e-07
1074.2 1.20327e-07
1074.3 1.20306e-07
1074.4 1.20286e-07
1074.5 1.20266e-07
1074.6 1.20246e-07
1074.7 1.20225e-07
1074.8 1.20205e-07
1074.9 1.20185e-07
1075.0 1.20164e-07
1075.1 1.20144e-07
1075.2 1.20124e-07
1075.3 1.20104e-07
1075.4 1.20083e-07
1075.5 1.20063e-07
1075.6 1.20043e-07
1075.7 1.20022e-07
1075.8 1.20002e-07
1075.9 1.19982e-07
1076.0 1.19962e-07
1076.1 1.19941e-07
1076.2 1.19921e-07
1076.3 1.19901e-07
1076.4 1.19881e-07
1076.5 1.19861e-07
1076.6 1.19841e-07
1076.7 1.1982e-07
1076.8 1.198e-07
1076.9 1.1978e-07
1077.0 1.1976e-07
1077.1 1.1974e-07
1077.2 1.19719e-07
1077.3 1.19699e-07
1077.4 1.19679e-07
1077.5 1.19659e-07
1077.6 1.19638e-07
1077.7 1.19618e-07
1077.8 1.19598e-07
1077.9 1.19577e-07
1078.0 1.19557e-07
1078.1 1.19537e-07
1078.2 1.19517e-07
1078.3 1.19497e-07
1078.4 1.19477e-07
1078.5 1.19456e-07
1078.6 1.19436e-07
1078.7 1.19416e-07
1078.8 1.19396e-07
1078.9 1.19376e-07
1079.0 1.19356e-07
1079.1 1.19335e-07
1079.2 1.19315e-07
1079.3 1.19295e-07
1079.4 1.19275e-07
1079.5 1.19255e-07
1079.6 1.19235e-07
1079.7 1.19214e-07
1079.8 1.19194e-07
1079.9 1.19174e-07
1080.0 1.19154e-07
1080.1 1.19134e-07
1080.2 1.19114e-07
1080.3 1.19094e-07
1080.4 1.19074e-07
1080.5 1.19054e-07
1080.6 1.19034e-07
1080.7 1.19014e-07
1080.8 1.18994e-07
1080.9 1.18974e-07
1081.0 1.18954e-07
1081.1 1.18933e-07
1081.2 1.18913e-07
1081.3 1.18893e-07
1081.4 1.18873e-07
1081.5 1.18853e-07
1081.6 1.18833e-07
1081.7 1.18812e-07
1081.8 1.18792e-07
1081.9 1.18772e-07
1082.0 1.18752e-07
1082.1 1.18732e-07
1082.2 1.18712e-07
1082.3 1.18692e-07
1082.4 1.18672e-07
1082.5 1.18652e-07
1082.6 1.18632e-07
1082.7 1.18612e-07
1082.8 1.18592e-07
1082.9 1.18572e-07
1083.0 1.18552e-07
1083.1 1.18532e-07
1083.2 1.18512e-07
1083.3 1.18491e-07
1083.4 1.18471e-07
1083.5 1.18451e-07
1083.6 1.18431e-07
1083.7 1.18411e-07
1083.8 1.18391e-07
1083.9 1.18371e-07
1084.0 1.18351e-07
1084.1 1.18331e-07
1084.2 1.18311e-07
1084.3 1.18291e-07
1084.4 1.18271e-07
1084.5 1.1825e-07
1084.6 1.1823e-07
1084.7 1.1821e-07
1084.8 1.1819e-07
1084.9 1.1817e-07
1085.0 1.1815e-07
1085.1 1.1813e-07
1085.2 1.1811e-07
1085.3 1.1809e-07
1085.4 1.1807e-07
1085.5 1.1805e-07
1085.6 1.1803e-07
1085.7 1.1801e-07
1085.8 1.1799e-07
1085.9 1.1797e-07
1086.0 1.1795e-07
1086.1 1.1793e-07
1086.2 1.17911e-07
1086.3 1.17891e-07
1086.4 1.17871e-07
1086.5 1.17851e-07
1086.6 1.17831e-07
1086.7 1.17811e-07
1086.8 1.17791e-07
1086.9 1.17771e-07
1087.0 1.17751e-07
1087.1 1.17731e-07
1087.2 1.17711e-07
1087.3 1.17691e-07
1087.4 1.17671e-07
1087.5 1.17651e-07
1087.6 1.17631e-07
1087.7 1.17611e-07
1087.8 1.17591e-07
1087.9 1.17571e-07
1088.0 1.17551e-07
1088.1 1.17531e-07
1088.2 1.17511e-07
1088.3 1.17491e-07
1088.4 1.17472e-07
1088.5 1.17452e-07
1088.6 1.17432e-07
1088.7 1.17412e-07
1088.8 1.17392e-07
1088.9 1.17373e-07
1089.0 1.17353e-07
1089.1 1.17333e-07
1089.2 1.17313e-07
1089.3 1.17293e-07
1089.4 1.17273e-07
1089.5 1.17253e-07
1089.6 1.17233e-07
1089.7 1.17213e-07
1089.8 1.17193e-07
1089.9 1.17174e-07
1090.0 1.17154e-07
1090.1 1.17134e-07
1090.2 1.17114e-07
1090.3 1.17094e-07
1090.4 1.17074e-07
1090.5 1.17054e-07
1090.6 1.17034e-07
1090.7 1.17014e-07
1090.8 1.16994e-07
1090.9 1.16974e-07
1091.0 1.16954e-07
1091.1 1.16935e-07
1091.2 1.16915e-07
1091.3 1.16895e-07
1091.4 1.16875e-07
1091.5 1.16855e-07
1091.6 1.16836e-07
1091.7 1.16816e-07
1091.8 1.16796e-07
1091.9 1.16776e-07
1092.0 1.16756e-07
1092.1 1.16736e-07
1092.2 1.16717e-07
1092.3 1.16697e-07
1092.4 1.16677e-07
1092.5 1.16657e-07
1092.6 1.16637e-07
1092.7 1.16617e-07
1092.8 1.16597e-07
1092.9 1.16577e-07
1093.0 1.16557e-07
1093.1 1.16538e-07
1093.2 1.16518e-07
1093.3 1.16498e-07
1093.4 1.16478e-07
1093.5 1.16459e-07
1093.6 1.16439e-07
1093.7 1.16419e-07
1093.8 1.164e-07
1093.9 1.1638e-07
1094.0 1.1636e-07
1094.1 1.1634e-07
1094.2 1.16321e-07
1094.3 1.16301e-07
1094.4 1.16281e-07
1094.5 1.16261e-07
1094.6 1.16241e-07
1094.7 1.16221e-07
1094.8 1.16201e-07
1094.9 1.16181e-07
1095.0 1.16161e-07
1095.1 1.16142e-07
1095.2 1.16122e-07
1095.3 1.16102e-07
1095.4 1.16082e-07
1095.5 1.16063e-07
1095.6 1.16043e-07
1095.7 1.16023e-07
1095.8 1.16004e-07
1095.9 1.15984e-07
1096.0 1.15964e-07
1096.1 1.15945e-07
1096.2 1.15925e-07
1096.3 1.15905e-07
1096.4 1.15886e-07
1096.5 1.15866e-07
1096.6 1.15846e-07
1096.7 1.15827e-07
1096.8 1.15807e-07
1096.9 1.15787e-07
1097.0 1.15768e-07
1097.1 1.15748e-07
1097.2 1.15728e-07
1097.3 1.15709e-07
1097.4 1.15689e-07
1097.5 1.15669e-07
1097.6 1.1565e-07
1097.7 1.1563e-07
1097.8 1.1561e-07
1097.9 1.1559e-07
1098.0 1.15571e-07
1098.1 1.15551e-07
1098.2 1.15531e-07
1098.3 1.15512e-07
1098.4 1.15492e-07
1098.5 1.15472e-07
1098.6 1.15453e-07
1098.7 1.15433e-07
1098.8 1.15413e-07
1098.9 1.15394e-07
1099.0 1.15374e-07
1099.1 1.15354e-07
1099.2 1.15335e-07
1099.3 1.15315e-07
1099.4 1.15295e-07
1099.5 1.15276e-07
1099.6 1.15256e-07
1099.7 1.15236e-07
1099.8 1.15217e-07
1099.9 1.15197e-07
1100.0 1.15177e-07
1100.1 1.15177e-07
1100.2 1.15177e-07
1100.3 1.15177e-07
1100.4 1.15177e-07
1100.5 1.15177e-07
1100.6 1.15177e-07
1100.7 1.15177e-07
1100.8 1.15177e-07
1100.9 1.15177e-07
1101.0 1.15177e-07
1101.1 1.15177e-07
1101.2 1.15177e-07
1101.3 1.15177e-07
1101.4 1.15177e-07
1101.5 1.15177e-07
1101.6 1.15177e-07
1101.7 1.15177e-07
1101.8 1.15177e-07
1101.9 1.15177e-07
1102.0 1.15177e-07
1102.1 1.15177e-07
1102.2 1.15177e-07
1102.3 1.15177e-07
1102.4 1.15177e-07
1102.5 1.15177e-07
1102.6 1.15177e-07
1102.7 1.15177e-07
1102.8 1.15177e-07
1102.9 1.15177e-07
1103.0 1.15177e-07
1103.1 1.15177e-07
1103.2 1.15177e-07
1103.3 1.15177e-07
1103.4 1.15177e-07
1103.5 1.15177e-07
1103.6 1.15177e-07
1103.7 1.15177e-07
1103.8 1.15177e-07
1103.9 1.15177e-07
1104.0 1.15177e-07
1104.1 1.15177e-07
1104.2 1.15177e-07
1104.3 1.15177e-07
1104.4 1.15177e-07
1104.5 1.15177e-07
1104.6 1.15177e-07
1104.7 1.15177e-07
1104.8 1.15177e-07
1104.9 1.15177e-07
1105.0 1.15177e-07
1105.1 1.15177e-07
1105.2 1.15177e-07
1105.3 1.15177e-07
1105.4 1.15177e-07
1105.5 1.15177e-07
1105.6 1.15177e-07
1105.7 1.15177e-07
1105.8 1.15177e-07
1105.9 1.15177e-07
1106.0 1.15177e-07
1106.1 1.15177e-07
1106.2 1.15177e-07
1106.3 1.15177e-07
1106.4 1.15177e-07
1106.5 1.15177e-07
1106.6 1.15177e-07
1106.7 1.15177e-07
1106.8 1.15177e-07
1106.9 1.15177e-07
1107.0 1.15177e-07
1107.1 1.15177e-07
1107.2 1.15177e-07
1107.3 1.15177e-07
1107.4 1.15177e-07
1107.5 1.15177e-07
1107.6 1.15177e-07
1107.7 1.15177e-07
1107.8 1.15177e-07
1107.9 1.15177e-07
1108.0 1.15177e-07
1108.1 1.15177e-07
1108.2 1.15177e-07
1108.3 1.15177e-07
1108.4 1.15177e-07
1108.5 1.15177e-07
1108.6 1.15177e-07
1108.7 1.15177e-07
1108.8 1.15177e-07
1108.9 1.15177e-07
1109.0 1.15177e-07
1109.1 1.15177e-07
1109.2 1.15177e-07
1109.3 1.15177e-07
1109.4 1.15177e-07
1109.5 1.15177e-07
1109.6 1.15177e-07
1109.7 1.15177e-07
1109.8 1.15177e-07
1109.9 1.15177e-07
1110.0 1.15177e-07
1110.1 1.15177e-07
1110.2 1.15177e-07
1110.3 1.15177e-07
1110.4 1.15177e-07
1110.5 1.15177e-07
1110.6 1.15177e-07
1110.7 1.15177e-07
1110.8 1.15177e-07
1110.9 1.15177e-07
1111.0 1.15177e-07
1111.1 1.15177e-07
1111.2 1.15177e-07
1111.3 1.15177e-07
1111.4 1.15177e-07
1111.5 1.15177e-07
1111.6 1.15177e-07
1111.7 1.15177e-07
1111.8 1.15177e-07
1111.9 1.15177e-07
1112.0 1.15177e-07
1112.1 1.15177e-07
1112.2 1.15177e-07
1112.3 1.15177e-07
1112.4 1.15177e-07
1112.5 1.15177e-07
1112.6 1.15177e-07
1112.7 1.15177e-07
1112.8 1.15177e-07
1112.9 1.15177e-07
1113.0 1.15177e-07
1113.1 1.15177e-07
1113.2 1.15177e-07
1113.3 1.15177e-07
1113.4 1.15177e-07
1113.5 1.15177e-07
1113.6 1.15177e-07
1113.7 1.15177e-07
1113.8 1.15177e-07
1113.9 1.15177e-07
1114.0 1.15177e-07
1114.1 1.15177e-07
1114.2 1.15177e-07
1114.3 1.15177e-07
1114.4 1.15177e-07
1114.5 1.15177e-07
1114.6 1.15177e-07
1114.7 1.15177e-07
1114.8 1.15177e-07
1114.9 1.15177e-07
1115.0 1.15177e-07
1115.1 1.15177e-07
1115.2 1.15177e-07
1115.3 1.15177e-07
1115.4 1.15177e-07
1115.5 1.15177e-07
1115.6 1.15177e-07
1115.7 1.15177e-07
1115.8 1.15177e-07
1115.9 1.15177e-07
1116.0 1.15177e-07
1116.1 1.15177e-07
1116.2 1.15177e-07
1116.3 1.15177e-07
1116.4 1.15177e-07
1116.5 1.15177e-07
1116.6 1.15177e-07
1116.7 1.15177e-07
1116.8 1.15177e-07
1116.9 1.15177e-07
1117.0 1.15177e-07
1117.1 1.15177e-07
1117.2 1.15177e-07
1117.3 1.15177e-07
1117.4 1.15177e-07
1117.5 1.15177e-07
1117.6 1.15177e-07
1117.7 1.15177e-07
1117.8 1.15177e-07
1117.9 1.15177e-07
1118.0 1.15177e-07
1118.1 1.15177e-07
1118.2 1.15177e-07
1118.3 1.15177e-07
1118.4 1.15177e-07
1118.5 1.15177e-07
1118.6 1.15177e-07
1118.7 1.15177e-07
1118.8 1.15177e-07
1118.9 1.15177e-07
1119.0 1.15177e-07
1119.1 1.15177e-07
1119.2 1.15177e-07
1119.3 1.15177e-07
1119.4 1.15177e-07
1119.5 1.15177e-07
1119.6 1.15177e-07
1119.7 1.15177e-07
1119.8 1.15177e-07
1119.9 1.15177e-07
1120.0 1.15177e-07
1120.1 1.15177e-07
1120.2 1.15177e-07
1120.3 1.15177e-07
1120.4 1.15177e-07
1120.5 1.15177e-07
1120.6 1.15177e-07
1120.7 1.15177e-07
1120.8 1.15177e-07
1120.9 1.15177e-07
1121.0 1.15177e-07
1121.1 1.15177e-07
1121.2 1.15177e-07
1121.3 1.15177e-07
1121.4 1.15177e-07
1121.5 1.15177e-07
1121.6 1.15177e-07
1121.7 1.15177e-07
1121.8 1.15177e-07
1121.9 1.15177e-07
1122.0 1.15177e-07
1122.1 1.15177e-07
1122.2 1.15177e-07
1122.3 1.15177e-07
1122.4 1.15177e-07
1122.5 1.15177e-07
1122.6 1.15177e-07
1122.7 1.15177e-07
1122.8 1.15177e-07
1122.9 1.15177e-07
1123.0 1.15177e-07
1123.1 1.15177e-07
1123.2 1.15177e-07
1123.3 1.15177e-07
1123.4 1.15177e-07
1123.5 1.15177e-07
1123.6 1.15177e-07
1123.7 1.15177e-07
1123.8 1.15177e-07
1123.9 1.15177e-07
1124.0 1.15177e-07
1124.1 1.15177e-07
1124.2 1.15177e-07
1124.3 1.15177e-07
1124.4 1.15177e-07
1124.5 1.15177e-07
1124.6 1.15177e-07
1124.7 1.15177e-07
1124.8 1.15177e-07
1124.9 1.15177e-07
1125.0 1.15177e-07
1125.1 1.15177e-07
1125.2 1.15177e-07
1125.3 1.15177e-07
1125.4 1.15177e-07
1125.5 1.15177e-07
1125.6 1.15177e-07
1125.7 1.15177e-07
1125.8 1.15177e-07
1125.9 1.15177e-07
1126.0 1.15177e-07
1126.1 1.15177e-07
1126.2 1.15177e-07
1126.3 1.15177e-07
1126.4 1.15177e-07
1126.5 1.15177e-07
1126.6 1.15177e-07
1126.7 1.15177e-07
1126.8 1.15177e-07
1126.9 1.15177e-07
1127.0 1.15177e-07
1127.1 1.15177e-07
1127.2 1.15177e-07
1127.3 1.15177e-07
1127.4 1.15177e-07
1127.5 1.15177e-07
1127.6 1.15177e-07
1127.7 1.15177e-07
1127.8 1.15177e-07
1127.9 1.15177e-07
1128.0 1.15177e-07
1128.1 1.15177e-07
1128.2 1.15177e-07
1128.3 1.15177e-07
1128.4 1.15177e-07
1128.5 1.15177e-07
1128.6 1.15177e-07
1128.7 1.15177e-07
1128.8 1.15177e-07
1128.9 1.15177e-07
1129.0 1.15177e-07
1129.1 1.15177e-07
1129.2 1.15177e-07
1129.3 1.15177e-07
1129.4 1.15177e-07
1129.5 1.15177e-07
1129.6 1.15177e-07
1129.7 1.15177e-07
1129.8 1.15177e-07
1129.9 1.15177e-07
1130.0 1.15177e-07
1130.1 1.15177e-07
1130.2 1.15177e-07
1130.3 1.15177e-07
1130.4 1.15177e-07
1130.5 1.15177e-07
1130.6 1.15177e-07
1130.7 1.15177e-07
1130.8 1.15177e-07
1130.9 1.15177e-07
1131.0 1.15177e-07
1131.1 1.15177e-07
1131.2 1.15177e-07
1131.3 1.15177e-07
1131.4 1.15177e-07
1131.5 1.15177e-07
1131.6 1.15177e-07
1131.7 1.15177e-07
1131.8 1.15177e-07
1131.9 1.15177e-07
1132.0 1.15177e-07
1132.1 1.15177e-07
1132.2 1.15177e-07
1132.3 1.15177e-07
1132.4 1.15177e-07
1132.5 1.15177e-07
1132.6 1.15177e-07
1132.7 1.15177e-07
1132.8 1.15177e-07
1132.9 1.15177e-07
1133.0 1.15177e-07
1133.1 1.15177e-07
1133.2 1.15177e-07
1133.3 1.15177e-07
1133.4 1.15177e-07
1133.5 1.15177e-07
1133.6 1.15177e-07
1133.7 1.15177e-07
1133.8 1.15177e-07
1133.9 1.15177e-07
1134.0 1.15177e-07
1134.1 1.15177e-07
1134.2 1.15177e-07
1134.3 1.15177e-07
1134.4 1.15177e-07
1134.5 1.15177e-07
1134.6 1.15177e-07
1134.7 1.15177e-07
1134.8 1.15177e-07
1134.9 1.15177e-07
1135.0 1.15177e-07
1135.1 1.15177e-07
1135.2 1.15177e-07
1135.3 1.15177e-07
1135.4 1.15177e-07
1135.5 1.15177e-07
1135.6 1.15177e-07
1135.7 1.15177e-07
1135.8 1.15177e-07
1135.9 1.15177e-07
1136.0 1.15177e-07
1136.1 1.15177e-07
1136.2 1.15177e-07
1136.3 1.15177e-07
1136.4 1.15177e-07
1136.5 1.15177e-07
1136.6 1.15177e-07
1136.7 1.15177e-07
1136.8 1.15177e-07
1136.9 1.15177e-07
1137.0 1.15177e-07
1137.1 1.15177e-07
1137.2 1.15177e-07
1137.3 1.15177e-07
1137.4 1.15177e-07
1137.5 1.15177e-07
1137.6 1.15177e-07
1137.7 1.15177e-07
1137.8 1.15177e-07
1137.9 1.15177e-07
1138.0 1.15177e-07
1138.1 1.15177e-07
1138.2 1.15177e-07
1138.3 1.15177e-07
1138.4 1.15177e-07
1138.5 1.15177e-07
1138.6 1.15177e-07
1138.7 1.15177e-07
1138.8 1.15177e-07
1138.9 1.15177e-07
1139.0 1.15177e-07
1139.1 1.15177e-07
1139.2 1.15177e-07
1139.3 1.15177e-07
1139.4 1.15177e-07
1139.5 1.15177e-07
1139.6 1.15177e-07
1139.7 1.15177e-07
1139.8 1.15177e-07
1139.9 1.15177e-07
1140.0 1.15177e-07
1140.1 1.15177e-07
1140.2 1.15177e-07
1140.3 1.15177e-07
1140.4 1.15177e-07
1140.5 1.15177e-07
1140.6 1.15177e-07
1140.7 1.15177e-07
1140.8 1.15177e-07
1140.9 1.15177e-07
1141.0 1.15177e-07
1141.1 1.15177e-07
1141.2 1.15177e-07
1141.3 1.15177e-07
1141.4 1.15177e-07
1141.5 1.15177e-07
1141.6 1.15177e-07
1141.7 1.15177e-07
1141.8 1.15177e-07
1141.9 1.15177e-07
1142.0 1.15177e-07
1142.1 1.15177e-07
1142.2 1.15177e-07
1142.3 1.15177e-07
1142.4 1.15177e-07
1142.5 1.15177e-07
1142.6 1.15177e-07
1142.7 1.15177e-07
1142.8 1.15177e-07
1142.9 1.15177e-07
1143.0 1.15177e-07
1143.1 1.15177e-07
1143.2 1.15177e-07
1143.3 1.15177e-07
1143.4 1.15177e-07
1143.5 1.15177e-07
1143.6 1.15177e-07
1143.7 1.15177e-07
1143.8 1.15177e-07
1143.9 1.15177e-07
1144.0 1.15177e-07
1144.1 1.15177e-07
1144.2 1.15177e-07
1144.3 1.15177e-07
1144.4 1.15177e-07
1144.5 1.15177e-07
1144.6 1.15177e-07
1144.7 1.15177e-07
1144.8 1.15177e-07
1144.9 1.15177e-07
1145.0 1.15177e-07
1145.1 1.15177e-07
1145.2 1.15177e-07
1145.3 1.15177e-07
1145.4 1.15177e-07
1145.5 1.15177e-07
1145.6 1.15177e-07
1145.7 1.15177e-07
1145.8 1.15177e-07
1145.9 1.15177e-07
1146.0 1.15177e-07
1146.1 1.15177e-07
1146.2 1.15177e-07
1146.3 1.15177e-07
1146.4 1.15177e-07
1146.5 1.15177e-07
1146.6 1.15177e-07
1146.7 1.15177e-07
1146.8 1.15177e-07
1146.9 1.15177e-07
1147.0 1.15177e-07
1147.1 1.15177e-07
1147.2 1.15177e-07
1147.3 1.15177e-07
1147.4 1.15177e-07
1147.5 1.15177e-07
1147.6 1.15177e-07
1147.7 1.15177e-07
1147.8 1.15177e-07
1147.9 1.15177e-07
1148.0 1.15177e-07
1148.1 1.15177e-07
1148.2 1.15177e-07
1148.3 1.15177e-07
1148.4 1.15177e-07
1148.5 1.15177e-07
1148.6 1.15177e-07
1148.7 1.15177e-07
1148.8 1.15177e-07
1148.9 1.15177e-07
1149.0 1.15177e-07
1149.1 1.15177e-07
1149.2 1.15177e-07
1149.3 1.15177e-07
1149.4 1.15177e-07
1149.5 1.15177e-07
1149.6 1.15177e-07
1149.7 1.15177e-07
1149.8 1.15177e-07
1149.9 1.15177e-07
1150.0 1.15177e-07
1150.1 1.15177e-07
1150.2 1.15177e-07
1150.3 1.15177e-07
1150.4 1.15177e-07
1150.5 1.15177e-07
1150.6 1.15177e-07
1150.7 1.15177e-07
1150.8 1.15177e-07
1150.9 1.15177e-07
1151.0 1.15177e-07
1151.1 1.15177e-07
1151.2 1.15177e-07
1151.3 1.15177e-07
1151.4 1.15177e-07
1151.5 1.15177e-07
1151.6 1.15177e-07
1151.7 1.15177e-07
1151.8 1.15177e-07
1151.9 1.15177e-07
1152.0 1.15177e-07
1152.1 1.15177e-07
1152.2 1.15177e-07
1152.3 1.15177e-07
1152.4 1.15177e-07
1152.5 1.15177e-07
1152.6 1.15177e-07
1152.7 1.15177e-07
1152.8 1.15177e-07
1152.9 1.15177e-07
1153.0 1.15177e-07
1153.1 1.15177e-07
1153.2 1.15177e-07
1153.3 1.15177e-07
1153.4 1.15177e-07
1153.5 1.15177e-07
1153.6 1.15177e-07
1153.7 1.15177e-07
1153.8 1.15177e-07
1153.9 1.15177e-07
1154.0 1.15177e-07
1154.1 1.15177e-07
1154.2 1.15177e-07
1154.3 1.15177e-07
1154.4 1.15177e-07
1154.5 1.15177e-07
1154.6 1.15177e-07
1154.7 1.15177e-07
1154.8 1.15177e-07
1154.9 1.15177e-07
1155.0 1.15177e-07
1155.1 1.15177e-07
1155.2 1.15177e-07
1155.3 1.15177e-07
1155.4 1.15177e-07
1155.5 1.15177e-07
1155.6 1.15177e-07
1155.7 1.15177e-07
1155.8 1.15177e-07
1155.9 1.15177e-07
1156.0 1.15177e-07
1156.1 1.15177e-07
1156.2 1.15177e-07
1156.3 1.15177e-07
1156.4 1.15177e-07
1156.5 1.15177e-07
1156.6 1.15177e-07
1156.7 1.15177e-07
1156.8 1.15177e-07
1156.9 1.15177e-07
1157.0 1.15177e-07
1157.1 1.15177e-07
1157.2 1.15177e-07
1157.3 1.15177e-07
1157.4 1.15177e-07
1157.5 1.15177e-07
1157.6 1.15177e-07
1157.7 1.15177e-07
1157.8 1.15177e-07
1157.9 1.15177e-07
1158.0 1.15177e-07
1158.1 1.15177e-07
1158.2 1.15177e-07
1158.3 1.15177e-07
1158.4 1.15177e-07
1158.5 1.15177e-07
1158.6 1.15177e-07
1158.7 1.15177e-07
1158.8 1.15177e-07
1158.9 1.15177e-07
1159.0 1.15177e-07
1159.1 1.15177e-07
1159.2 1.15177e-07
1159.3 1.15177e-07
1159.4 1.15177e-07
1159.5 1.15177e-07
1159.6 1.15177e-07
1159.7 1.15177e-07
1159.8 1.15177e-07
1159.9 1.15177e-07
1160.0 1.15177e-07
1160.1 1.15177e-07
1160.2 1.15177e-07
1160.3 1.15177e-07
1160.4 1.15177e-07
1160.5 1.15177e-07
1160.6 1.15177e-07
1160.7 1.15177e-07
1160.8 1.15177e-07
1160.9 1.15177e-07
1161.0 1.15177e-07
1161.1 1.15177e-07
1161.2 1.15177e-07
1161.3 1.15177e-07
1161.4 1.15177e-07
1161.5 1.15177e-07
1161.6 1.15177e-07
1161.7 1.15177e-07
1161.8 1.15177e-07
1161.9 1.15177e-07
1162.0 1.15177e-07
1162.1 1.15177e-07
1162.2 1.15177e-07
1162.3 1.15177e-07
1162.4 1.15177e-07
1162.5 1.15177e-07
1162.6 1.15177e-07
1162.7 1.15177e-07
1162.8 1.15177e-07
1162.9 1.15177e-07
1163.0 1.15177e-07
1163.1 1.15177e-07
1163.2 1.15177e-07
1163.3 1.15177e-07
1163.4 1.15177e-07
1163.5 1.15177e-07
1163.6 1.15177e-07
1163.7 1.15177e-07
1163.8 1.15177e-07
1163.9 1.15177e-07
1164.0 1.15177e-07
1164.1 1.15177e-07
1164.2 1.15177e-07
1164.3 1.15177e-07
1164.4 1.15177e-07
1164.5 1.15177e-07
1164.6 1.15177e-07
1164.7 1.15177e-07
1164.8 1.15177e-07
1164.9 1.15177e-07
1165.0 1.15177e-07
1165.1 1.15177e-07
1165.2 1.15177e-07
1165.3 1.15177e-07
1165.4 1.15177e-07
1165.5 1.15177e-07
1165.6 1.15177e-07
1165.7 1.15177e-07
1165.8 1.15177e-07
1165.9 1.15177e-07
1166.0 1.15177e-07
1166.1 1.15177e-07
1166.2 1.15177e-07
1166.3 1.15177e-07
1166.4 1.15177e-07
1166.5 1.15177e-07
1166.6 1.15177e-07
1166.7 1.15177e-07
1166.8 1.15177e-07
1166.9 1.15177e-07
1167.0 1.15177e-07
1167.1 1.15177e-07
1167.2 1.15177e-07
1167.3 1.15177e-07
1167.4 1.15177e-07
1167.5 1.15177e-07
1167.6 1.15177e-07
1167.7 1.15177e-07
1167.8 1.15177e-07
1167.9 1.15177e-07
1168.0 1.15177e-07
1168.1 1.15177e-07
1168.2 1.15177e-07
1168.3 1.15177e-07
1168.4 1.15177e-07
1168.5 1.15177e-07
1168.6 1.15177e-07
1168.7 1.15177e-07
1168.8 1.15177e-07
1168.9 1.15177e-07
1169.0 1.15177e-07
1169.1 1.15177e-07
1169.2 1.15177e-07
1169.3 1.15177e-07
1169.4 1.15177e-07
1169.5 1.15177e-07
1169.6 1.15177e-07
1169.7 1.15177e-07
1169.8 1.15177e-07
1169.9 1.15177e-07
1170.0 1.15177e-07
1170.1 1.15177e-07
1170.2 1.15177e-07
1170.3 1.15177e-07
1170.4 1.15177e-07
1170.5 1.15177e-07
1170.6 1.15177e-07
1170.7 1.15177e-07
1170.8 1.15177e-07
1170.9 1.15177e-07
1171.0 1.15177e-07
1171.1 1.15177e-07
1171.2 1.15177e-07
1171.3 1.15177e-07
1171.4 1.15177e-07
1171.5 1.15177e-07
1171.6 1.15177e-07
1171.7 1.15177e-07
1171.8 1.15177e-07
1171.9 1.15177e-07
1172.0 1.15177e-07
1172.1 1.15177e-07
1172.2 1.15177e-07
1172.3 1.15177e-07
1172.4 1.15177e-07
1172.5 1.15177e-07
1172.6 1.15177e-07
1172.7 1.15177e-07
1172.8 1.15177e-07
1172.9 1.15177e-07
1173.0 1.15177e-07
1173.1 1.15177e-07
1173.2 1.15177e-07
1173.3 1.15177e-07
1173.4 1.15177e-07
1173.5 1.15177e-07
1173.6 1.15177e-07
1173.7 1.15177e-07
1173.8 1.15177e-07
1173.9 1.15177e-07
1174.0 1.15177e-07
1174.1 1.15177e-07
1174.2 1.15177e-07
1174.3 1.15177e-07
1174.4 1.15177e-07
1174.5 1.15177e-07
1174.6 1.15177e-07
1174.7 1.15177e-07
1174.8 1.15177e-07
1174.9 1.15177e-07
1175.0 1.15177e-07
1175.1 1.15177e-07
1175.2 1.15177e-07
1175.3 1.15177e-07
1175.4 1.15177e-07
1175.5 1.15177e-07
1175.6 1.15177e-07
1175.7 1.15177e-07
1175.8 1.15177e-07
1175.9 1.15177e-07
1176.0 1.15177e-07
1176.1 1.15177e-07
1176.2 1.15177e-07
1176.3 1.15177e-07
1176.4 1.15177e-07
1176.5 1.15177e-07
1176.6 1.15177e-07
1176.7 1.15177e-07
1176.8 1.15177e-07
1176.9 1.15177e-07
1177.0 1.15177e-07
1177.1 1.15177e-07
1177.2 1.15177e-07
1177.3 1.15177e-07
1177.4 1.15177e-07
1177.5 1.15177e-07
1177.6 1.15177e-07
1177.7 1.15177e-07
1177.8 1.15177e-07
1177.9 1.15177e-07
1178.0 1.15177e-07
1178.1 1.15177e-07
1178.2 1.15177e-07
1178.3 1.15177e-07
1178.4 1.15177e-07
1178.5 1.15177e-07
1178.6 1.15177e-07
1178.7 1.15177e-07
1178.8 1.15177e-07
1178.9 1.15177e-07
1179.0 1.15177e-07
1179.1 1.15177e-07
1179.2 1.15177e-07
1179.3 1.15177e-07
1179.4 1.15177e-07
1179.5 1.15177e-07
1179.6 1.15177e-07
1179.7 1.15177e-07
1179.8 1.15177e-07
1179.9 1.15177e-07
1180.0 1.15177e-07
1180.1 1.15177e-07
1180.2 1.15177e-07
1180.3 1.15177e-07
1180.4 1.15177e-07
1180.5 1.15177e-07
1180.6 1.15177e-07
1180.7 1.15177e-07
1180.8 1.15177e-07
1180.9 1.15177e-07
1181.0 1.15177e-07
1181.1 1.15177e-07
1181.2 1.15177e-07
1181.3 1.15177e-07
1181.4 1.15177e-07
1181.5 1.15177e-07
1181.6 1.15177e-07
1181.7 1.15177e-07
1181.8 1.15177e-07
1181.9 1.15177e-07
1182.0 1.15177e-07
1182.1 1.15177e-07
1182.2 1.15177e-07
1182.3 1.15177e-07
1182.4 1.15177e-07
1182.5 1.15177e-07
1182.6 1.15177e-07
1182.7 1.15177e-07
1182.8 1.15177e-07
1182.9 1.15177e-07
1183.0 1.15177e-07
1183.1 1.15177e-07
1183.2 1.15177e-07
1183.3 1.15177e-07
1183.4 1.15177e-07
1183.5 1.15177e-07
1183.6 1.15177e-07
1183.7 1.15177e-07
1183.8 1.15177e-07
1183.9 1.15177e-07
1184.0 1.15177e-07
1184.1 1.15177e-07
1184.2 1.15177e-07
1184.3 1.15177e-07
1184.4 1.15177e-07
1184.5 1.15177e-07
1184.6 1.15177e-07
1184.7 1.15177e-07
1184.8 1.15177e-07
1184.9 1.15177e-07
1185.0 1.15177e-07
1185.1 1.15177e-07
1185.2 1.15177e-07
1185.3 1.15177e-07
1185.4 1.15177e-07
1185.5 1.15177e-07
1185.6 1.15177e-07
1185.7 1.15177e-07
1185.8 1.15177e-07
1185.9 1.15177e-07
1186.0 1.15177e-07
1186.1 1.15177e-07
1186.2 1.15177e-07
1186.3 1.15177e-07
1186.4 1.15177e-07
1186.5 1.15177e-07
1186.6 1.15177e-07
1186.7 1.15177e-07
1186.8 1.15177e-07
1186.9 1.15177e-07
1187.0 1.15177e-07
1187.1 1.15177e-07
1187.2 1.15177e-07
1187.3 1.15177e-07
1187.4 1.15177e-07
1187.5 1.15177e-07
1187.6 1.15177e-07
1187.7 1.15177e-07
1187.8 1.15177e-07
1187.9 1.15177e-07
1188.0 1.15177e-07
1188.1 1.15177e-07
1188.2 1.15177e-07
1188.3 1.15177e-07
1188.4 1.15177e-07
1188.5 1.15177e-07
1188.6 1.15177e-07
1188.7 1.15177e-07
1188.8 1.15177e-07
1188.9 1.15177e-07
1189.0 1.15177e-07
1189.1 1.15177e-07
1189.2 1.15177e-07
1189.3 1.15177e-07
1189.4 1.15177e-07
1189.5 1.15177e-07
1189.6 1.15177e-07
1189.7 1.15177e-07
1189.8 1.15177e-07
1189.9 1.15177e-07
1190.0 1.15177e-07
1190.1 1.15177e-07
1190.2 1.15177e-07
1190.3 1.15177e-07
1190.4 1.15177e-07
1190.5 1.15177e-07
1190.6 1.15177e-07
1190.7 1.15177e-07
1190.8 1.15177e-07
1190.9 1.15177e-07
1191.0 1.15177e-07
1191.1 1.15177e-07
1191.2 1.15177e-07
1191.3 1.15177e-07
1191.4 1.15177e-07
1191.5 1.15177e-07
1191.6 1.15177e-07
1191.7 1.15177e-07
1191.8 1.15177e-07
1191.9 1.15177e-07
1192.0 1.15177e-07
1192.1 1.15177e-07
1192.2 1.15177e-07
1192.3 1.15177e-07
1192.4 1.15177e-07
1192.5 1.15177e-07
1192.6 1.15177e-07
1192.7 1.15177e-07
1192.8 1.15177e-07
1192.9 1.15177e-07
1193.0 1.15177e-07
1193.1 1.15177e-07
1193.2 1.15177e-07
1193.3 1.15177e-07
1193.4 1.15177e-07
1193.5 1.15177e-07
1193.6 1.15177e-07
1193.7 1.15177e-07
1193.8 1.15177e-07
1193.9 1.15177e-07
1194.0 1.15177e-07
1194.1 1.15177e-07
1194.2 1.15177e-07
1194.3 1.15177e-07
1194.4 1.15177e-07
1194.5 1.15177e-07
1194.6 1.15177e-07
1194.7 1.15177e-07
1194.8 1.15177e-07
1194.9 1.15177e-07
1195.0 1.15177e-07
1195.1 1.15177e-07
1195.2 1.15177e-07
1195.3 1.15177e-07
1195.4 1.15177e-07
1195.5 1.15177e-07
1195.6 1.15177e-07
1195.7 1.15177e-07
1195.8 1.15177e-07
1195.9 1.15177e-07
1196.0 1.15177e-07
1196.1 1.15177e-07
1196.2 1.15177e-07
1196.3 1.15177e-07
1196.4 1.15177e-07
1196.5 1.15177e-07
1196.6 1.15177e-07
1196.7 1.15177e-07
1196.8 1.15177e-07
1196.9 1.15177e-07
1197.0 1.15177e-07
1197.1 1.15177e-07
1197.2 1.15177e-07
1197.3 1.15177e-07
1197.4 1.15177e-07
1197.5 1.15177e-07
1197.6 1.15177e-07
1197.7 1.15177e-07
1197.8 1.15177e-07
1197.9 1.15177e-07
1198.0 1.15177e-07
1198.1 1.15177e-07
1198.2 1.15177e-07
1198.3 1.15177e-07
1198.4 1.15177e-07
1198.5 1.15177e-07
1198.6 1.15177e-07
1198.7 1.15177e-07
1198.8 1.15177e-07
1198.9 1.15177e-07
1199.0 1.15177e-07
1199.1 1.15177e-07
1199.2 1.15177e-07
1199.3 1.15177e-07
1199.4 1.15177e-07
1199.5 1.15177e-07
1199.6 1.15177e-07
1199.7 1.15177e-07
1199.8 1.15177e-07
1199.9 1.15177e-07
