# author: uvex_response
# source: acton_180_dichroic_model_aoi_average
# date_created: 2026-09-24
# status: model
# wavelength_unit: um

wavelength    reflection    transmission
0.1000 0.144717 0.000000
0.1001 0.144717 0.000000
0.1002 0.144717 0.000000
0.1003 0.144717 0.000000
0.1004 0.144717 0.000000
0.1005 0.144717 0.000000
0.1006 0.144717 0.000000
0.1007 0.144717 0.000000
0.1008 0.144717 0.000000
0.1009 0.144717 0.000000
0.1010 0.144717 0.000000
0.1011 0.144717 0.000000
0.1012 0.144717 0.000000
0.1013 0.144717 0.000000
0.1014 0.144717 0.000000
0.1015 0.144717 0.000000
0.1016 0.144717 0.000000
0.1017 0.144717 0.000000
0.1018 0.144717 0.000000
0.1019 0.144717 0.000000
0.1020 0.144717 0.000000
0.1021 0.144717 0.000000
0.1022 0.144717 0.000000
0.1023 0.144717 0.000000
0.1024 0.144717 0.000000
0.1025 0.144717 0.000000
0.1026 0.144717 0.000000
0.1027 0.144717 0.000000
0.1028 0.144717 0.000000
0.1029 0.144717 0.000000
0.1030 0.144717 0.000000
0.1031 0.144717 0.000000
0.1032 0.144717 0.000000
0.1033 0.144717 0.000000
0.1034 0.144717 0.000000
0.1035 0.144717 0.000000
0.1036 0.144717 0.000000
0.1037 0.144717 0.000000
0.1038 0.144717 0.000000
0.1039 0.144717 0.000000
0.1040 0.144717 0.000000
0.1041 0.144717 0.000000
0.1042 0.144717 0.000000
0.1043 0.144717 0.000000
0.1044 0.144717 0.000000
0.1045 0.144717 0.000000
0.1046 0.144717 0.000000
0.1047 0.144717 0.000000
0.1048 0.144717 0.000000
0.1049 0.144717 0.000000
0.1050 0.144717 0.000000
0.1051 0.144717 0.000000
0.1052 0.144717 0.000000
0.1053 0.144717 0.000000
0.1054 0.144717 0.000000
0.1055 0.144717 0.000000
0.1056 0.144717 0.000000
0.1057 0.144717 0.000000
0.1058 0.144717 0.000000
0.1059 0.144717 0.000000
0.1060 0.144717 0.000000
0.1061 0.144717 0.000000
0.1062 0.144717 0.000000
0.1063 0.144717 0.000000
0.1064 0.144717 0.000000
0.1065 0.144717 0.000000
0.1066 0.144717 0.000000
0.1067 0.144717 0.000000
0.1068 0.144717 0.000000
0.1069 0.144717 0.000000
0.1070 0.144717 0.000000
0.1071 0.144717 0.000000
0.1072 0.144717 0.000000
0.1073 0.144717 0.000000
0.1074 0.144717 0.000000
0.1075 0.144717 0.000000
0.1076 0.144717 0.000000
0.1077 0.144717 0.000000
0.1078 0.144717 0.000000
0.1079 0.144717 0.000000
0.1080 0.144717 0.000000
0.1081 0.144717 0.000000
0.1082 0.144717 0.000000
0.1083 0.144717 0.000000
0.1084 0.144717 0.000000
0.1085 0.144717 0.000000
0.1086 0.144717 0.000000
0.1087 0.144717 0.000000
0.1088 0.144717 0.000000
0.1089 0.144717 0.000000
0.1090 0.144717 0.000000
0.1091 0.144717 0.000000
0.1092 0.144717 0.000000
0.1093 0.144717 0.000000
0.1094 0.144717 0.000000
0.1095 0.144717 0.000000
0.1096 0.144717 0.000000
0.1097 0.144717 0.000000
0.1098 0.144717 0.000000
0.1099 0.144717 0.000000
0.1100 0.144717 0.000000
0.1101 0.144717 0.000000
0.1102 0.144717 0.000000
0.1103 0.144717 0.000000
0.1104 0.144717 0.000000
0.1105 0.144717 0.000000
0.1106 0.144717 0.000000
0.1107 0.144717 0.000000
0.1108 0.144717 0.000000
0.1109 0.144717 0.000000
0.1110 0.144717 0.000000
0.1111 0.144717 0.000000
0.1112 0.144717 0.000000
0.1113 0.144717 0.000000
0.1114 0.144717 0.000000
0.1115 0.144717 0.000000
0.1116 0.144717 0.000000
0.1117 0.144717 0.000000
0.1118 0.144717 0.000000
0.1119 0.144717 0.000000
0.1120 0.144717 0.000000
0.1121 0.144717 0.000000
0.1122 0.144717 0.000000
0.1123 0.144717 0.000000
0.1124 0.144717 0.000000
0.1125 0.144717 0.000000
0.1126 0.144717 0.000000
0.1127 0.144717 0.000000
0.1128 0.144717 0.000000
0.1129 0.144717 0.000000
0.1130 0.144717 0.000000
0.1131 0.144717 0.000000
0.1132 0.144717 0.000000
0.1133 0.144717 0.000000
0.1134 0.144717 0.000000
0.1135 0.144717 0.000000
0.1136 0.144717 0.000000
0.1137 0.144717 0.000000
0.1138 0.144717 0.000000
0.1139 0.144717 0.000000
0.1140 0.144717 0.000000
0.1141 0.144717 0.000000
0.1142 0.144717 0.000000
0.1143 0.144717 0.000000
0.1144 0.144717 0.000000
0.1145 0.144717 0.000000
0.1146 0.144717 0.000000
0.1147 0.144717 0.000000
0.1148 0.144717 0.000000
0.1149 0.144717 0.000000
0.1150 0.144717 0.000000
0.1151 0.144717 0.000000
0.1152 0.144717 0.000000
0.1153 0.144717 0.000000
0.1154 0.144717 0.000000
0.1155 0.144717 0.000000
0.1156 0.144717 0.000000
0.1157 0.144717 0.000000
0.1158 0.144717 0.000000
0.1159 0.144717 0.000000
0.1160 0.144717 0.000000
0.1161 0.144717 0.000000
0.1162 0.144717 0.000000
0.1163 0.144717 0.000000
0.1164 0.144717 0.000000
0.1165 0.144717 0.000000
0.1166 0.144717 0.000000
0.1167 0.144717 0.000000
0.1168 0.144717 0.000000
0.1169 0.144717 0.000000
0.1170 0.144717 0.000000
0.1171 0.144717 0.000000
0.1172 0.144717 0.000000
0.1173 0.144717 0.000000
0.1174 0.144717 0.000000
0.1175 0.144717 0.000000
0.1176 0.144717 0.000000
0.1177 0.144717 0.000000
0.1178 0.144717 0.000000
0.1179 0.144717 0.000000
0.1180 0.144717 0.000000
0.1181 0.144717 0.000000
0.1182 0.144717 0.000000
0.1183 0.144717 0.000000
0.1184 0.144717 0.000000
0.1185 0.144717 0.000000
0.1186 0.144717 0.000000
0.1187 0.144717 0.000000
0.1188 0.144717 0.000000
0.1189 0.144717 0.000000
0.1190 0.144717 0.000000
0.1191 0.144717 0.000000
0.1192 0.144717 0.000000
0.1193 0.144717 0.000000
0.1194 0.144717 0.000000
0.1195 0.144717 0.000000
0.1196 0.144717 0.000000
0.1197 0.144717 0.000000
0.1198 0.144717 0.000000
0.1199 0.144717 0.000000
0.1200 0.144717 0.000000
0.1201 0.143034 0.000000
0.1202 0.141350 0.000000
0.1203 0.139667 0.000000
0.1204 0.137984 0.000000
0.1205 0.136301 0.000000
0.1206 0.134617 0.000000
0.1207 0.132934 0.000000
0.1208 0.131251 0.000000
0.1209 0.129568 0.000000
0.1210 0.127884 0.000000
0.1211 0.127586 0.000000
0.1212 0.127288 0.000000
0.1213 0.126990 0.000000
0.1214 0.126692 0.000000
0.1215 0.126394 0.000000
0.1216 0.126096 0.000000
0.1217 0.125798 0.000000
0.1218 0.125500 0.000000
0.1219 0.125202 0.000000
0.1220 0.124904 0.000000
0.1221 0.125775 0.000000
0.1222 0.126645 0.000000
0.1223 0.127516 0.000000
0.1224 0.128387 0.000000
0.1225 0.129258 0.000000
0.1226 0.130128 0.000000
0.1227 0.130999 0.000000
0.1228 0.131870 0.000000
0.1229 0.132741 0.000000
0.1230 0.133611 0.000000
0.1231 0.134732 0.000000
0.1232 0.135853 0.000000
0.1233 0.136974 0.000000
0.1234 0.138094 0.000000
0.1235 0.139215 0.000000
0.1236 0.140336 0.000000
0.1237 0.141457 0.000000
0.1238 0.142578 0.000000
0.1239 0.143698 0.000000
0.1240 0.144819 0.000000
0.1241 0.145001 0.000000
0.1242 0.145182 0.000000
0.1243 0.145364 0.000000
0.1244 0.145545 0.000000
0.1245 0.145726 0.000000
0.1246 0.145908 0.000000
0.1247 0.146089 0.000000
0.1248 0.146271 0.000000
0.1249 0.146452 0.000000
0.1250 0.146634 0.000000
0.1251 0.145861 0.000000
0.1252 0.145088 0.000000
0.1253 0.144315 0.000000
0.1254 0.143542 0.000000
0.1255 0.142769 0.000000
0.1256 0.141996 0.000000
0.1257 0.141223 0.000000
0.1258 0.140450 0.000000
0.1259 0.139677 0.000000
0.1260 0.138904 0.000000
0.1261 0.138189 0.000000
0.1262 0.137475 0.000000
0.1263 0.136761 0.000000
0.1264 0.136047 0.000000
0.1265 0.135332 0.000000
0.1266 0.134618 0.000000
0.1267 0.133904 0.000000
0.1268 0.133190 0.000000
0.1269 0.132475 0.000000
0.1270 0.131761 0.000000
0.1271 0.130248 0.000000
0.1272 0.128735 0.000000
0.1273 0.127222 0.000000
0.1274 0.125709 0.000000
0.1275 0.124196 0.000000
0.1276 0.122683 0.000000
0.1277 0.121170 0.000000
0.1278 0.119657 0.000000
0.1279 0.118144 0.000000
0.1280 0.116631 0.000000
0.1281 0.114678 0.000000
0.1282 0.112724 0.000000
0.1283 0.110771 0.000000
0.1284 0.108817 0.000000
0.1285 0.106864 0.000000
0.1286 0.104911 0.000000
0.1287 0.102957 0.000000
0.1288 0.101004 0.000000
0.1289 0.099051 0.000000
0.1290 0.097097 0.000000
0.1291 0.096322 0.000000
0.1292 0.095546 0.000000
0.1293 0.094771 0.000000
0.1294 0.093995 0.000000
0.1295 0.093220 0.000000
0.1296 0.092444 0.000000
0.1297 0.091669 0.000000
0.1298 0.090893 0.000000
0.1299 0.090118 0.000000
0.1300 0.089342 0.000000
0.1301 0.089722 0.000000
0.1302 0.090101 0.000000
0.1303 0.090481 0.000000
0.1304 0.090861 0.000000
0.1305 0.091240 0.000000
0.1306 0.091620 0.000000
0.1307 0.092000 0.000000
0.1308 0.092379 0.000000
0.1309 0.092759 0.000000
0.1310 0.093139 0.000000
0.1311 0.099128 0.000000
0.1312 0.105116 0.000000
0.1313 0.111105 0.000000
0.1314 0.117094 0.000000
0.1315 0.123083 0.000000
0.1316 0.129071 0.000000
0.1317 0.135060 0.000000
0.1318 0.141049 0.000000
0.1319 0.147038 0.000000
0.1320 0.153026 0.000000
0.1321 0.162896 0.000000
0.1322 0.172766 0.000000
0.1323 0.182636 0.000000
0.1324 0.192506 0.000000
0.1325 0.202376 0.000000
0.1326 0.212246 0.000000
0.1327 0.222115 0.000000
0.1328 0.231985 0.000000
0.1329 0.241855 0.000000
0.1330 0.251725 0.000000
0.1331 0.261505 0.000000
0.1332 0.271286 0.000000
0.1333 0.281066 0.000000
0.1334 0.290846 0.000000
0.1335 0.300626 0.000000
0.1336 0.310406 0.000000
0.1337 0.320187 0.000000
0.1338 0.329967 0.000000
0.1339 0.339747 0.000000
0.1340 0.349527 0.000000
0.1341 0.356188 0.000000
0.1342 0.362850 0.000000
0.1343 0.369511 0.000000
0.1344 0.376172 0.000000
0.1345 0.382833 0.000000
0.1346 0.389494 0.000000
0.1347 0.396156 0.000000
0.1348 0.402817 0.000000
0.1349 0.409478 0.000000
0.1350 0.416139 0.000000
0.1351 0.419314 0.000000
0.1352 0.422489 0.000000
0.1353 0.425664 0.000000
0.1354 0.428839 0.000000
0.1355 0.432014 0.000000
0.1356 0.435189 0.000000
0.1357 0.438364 0.000000
0.1358 0.441539 0.000000
0.1359 0.444714 0.000000
0.1360 0.447889 0.000000
0.1361 0.448722 0.000000
0.1362 0.449555 0.000000
0.1363 0.450388 0.000000
0.1364 0.451221 0.000000
0.1365 0.452054 0.000000
0.1366 0.452887 0.000000
0.1367 0.453720 0.000000
0.1368 0.454553 0.000000
0.1369 0.455386 0.000000
0.1370 0.456219 0.000000
0.1371 0.456498 0.000000
0.1372 0.456776 0.000000
0.1373 0.457055 0.000000
0.1374 0.457334 0.000000
0.1375 0.457613 0.000000
0.1376 0.457892 0.000000
0.1377 0.458171 0.000000
0.1378 0.458450 0.000000
0.1379 0.458729 0.000000
0.1380 0.459007 0.000000
0.1381 0.459276 0.000000
0.1382 0.459544 0.000000
0.1383 0.459812 0.000000
0.1384 0.460080 0.000000
0.1385 0.460349 0.000000
0.1386 0.460617 0.000000
0.1387 0.460885 0.000000
0.1388 0.461153 0.000000
0.1389 0.461422 0.000000
0.1390 0.461690 0.000000
0.1391 0.461967 0.000000
0.1392 0.462243 0.000000
0.1393 0.462520 0.000000
0.1394 0.462797 0.000000
0.1395 0.463073 0.000000
0.1396 0.463350 0.000000
0.1397 0.463627 0.000000
0.1398 0.463903 0.000000
0.1399 0.464180 0.000000
0.1400 0.464456 0.000000
0.1401 0.464358 0.000000
0.1402 0.464259 0.000000
0.1403 0.464160 0.000000
0.1404 0.464062 0.000000
0.1405 0.463963 0.000000
0.1406 0.463864 0.000000
0.1407 0.463766 0.000000
0.1408 0.463667 0.000000
0.1409 0.463568 0.000000
0.1410 0.463470 0.000000
0.1411 0.463293 0.000000
0.1412 0.463117 0.000000
0.1413 0.462941 0.000000
0.1414 0.462764 0.000000
0.1415 0.462588 0.000000
0.1416 0.462412 0.000000
0.1417 0.462235 0.000000
0.1418 0.462059 0.000000
0.1419 0.461883 0.000000
0.1420 0.461707 0.000000
0.1421 0.461554 0.000000
0.1422 0.461401 0.000000
0.1423 0.461249 0.000000
0.1424 0.461096 0.000000
0.1425 0.460944 0.000000
0.1426 0.460791 0.000000
0.1427 0.460638 0.000000
0.1428 0.460486 0.000000
0.1429 0.460333 0.000000
0.1430 0.460181 0.000000
0.1431 0.460904 0.000000
0.1432 0.461627 0.000000
0.1433 0.462350 0.000000
0.1434 0.463073 0.000000
0.1435 0.463796 0.000000
0.1436 0.464519 0.000000
0.1437 0.465243 0.000000
0.1438 0.465966 0.000000
0.1439 0.466689 0.000000
0.1440 0.467412 0.000000
0.1441 0.468261 0.000000
0.1442 0.469111 0.000000
0.1443 0.469960 0.000000
0.1444 0.470809 0.000000
0.1445 0.471659 0.000000
0.1446 0.472508 0.000000
0.1447 0.473358 0.000000
0.1448 0.474207 0.000000
0.1449 0.475056 0.000000
0.1450 0.475906 0.000000
0.1451 0.475649 0.000000
0.1452 0.475392 0.000000
0.1453 0.475135 0.000000
0.1454 0.474879 0.000000
0.1455 0.474622 0.000000
0.1456 0.474365 0.000000
0.1457 0.474108 0.000000
0.1458 0.473851 0.000000
0.1459 0.473595 0.000000
0.1460 0.473338 0.000000
0.1461 0.472956 0.000000
0.1462 0.472574 0.000000
0.1463 0.472192 0.000000
0.1464 0.471811 0.000000
0.1465 0.471429 0.000000
0.1466 0.471047 0.000000
0.1467 0.470665 0.000000
0.1468 0.470283 0.000000
0.1469 0.469902 0.000000
0.1470 0.469520 0.000000
0.1471 0.468994 0.000000
0.1472 0.468468 0.000000
0.1473 0.467943 0.000000
0.1474 0.467417 0.000000
0.1475 0.466891 0.000000
0.1476 0.466365 0.000000
0.1477 0.465839 0.000000
0.1478 0.465314 0.000000
0.1479 0.464788 0.000000
0.1480 0.464262 0.000000
0.1481 0.463571 0.000000
0.1482 0.462879 0.000000
0.1483 0.462188 0.000000
0.1484 0.461496 0.000000
0.1485 0.460805 0.000000
0.1486 0.460114 0.000000
0.1487 0.459422 0.000000
0.1488 0.458731 0.000000
0.1489 0.458039 0.000000
0.1490 0.457348 0.000000
0.1491 0.456725 0.000000
0.1492 0.456102 0.000000
0.1493 0.455479 0.000000
0.1494 0.454856 0.000000
0.1495 0.454233 0.000000
0.1496 0.453610 0.000000
0.1497 0.452986 0.000000
0.1498 0.452363 0.000000
0.1499 0.451740 0.000000
0.1500 0.451117 0.000000
0.1501 0.452469 0.000000
0.1502 0.453821 0.000000
0.1503 0.455172 0.000000
0.1504 0.456524 0.000000
0.1505 0.457876 0.000000
0.1506 0.459228 0.000000
0.1507 0.460579 0.000000
0.1508 0.461931 0.000000
0.1509 0.463283 0.000000
0.1510 0.464635 0.000000
0.1511 0.466370 0.000000
0.1512 0.468106 0.000000
0.1513 0.469841 0.000000
0.1514 0.471577 0.000000
0.1515 0.473312 0.000000
0.1516 0.475048 0.000000
0.1517 0.476783 0.000000
0.1518 0.478519 0.000000
0.1519 0.480254 0.000000
0.1520 0.481990 0.000000
0.1521 0.484054 0.000000
0.1522 0.486118 0.000000
0.1523 0.488182 0.000000
0.1524 0.490247 0.000000
0.1525 0.492311 0.000000
0.1526 0.494375 0.000000
0.1527 0.496439 0.000000
0.1528 0.498504 0.000000
0.1529 0.500568 0.000000
0.1530 0.502632 0.000000
0.1531 0.504383 0.000000
0.1532 0.506133 0.000000
0.1533 0.507883 0.000000
0.1534 0.509634 0.000000
0.1535 0.511384 0.000000
0.1536 0.513135 0.000000
0.1537 0.514885 0.000000
0.1538 0.516636 0.000000
0.1539 0.518386 0.000000
0.1540 0.520136 0.000000
0.1541 0.521192 0.000000
0.1542 0.522248 0.000000
0.1543 0.523304 0.000000
0.1544 0.524360 0.000000
0.1545 0.525416 0.000000
0.1546 0.526472 0.000000
0.1547 0.527527 0.000000
0.1548 0.528583 0.000000
0.1549 0.529639 0.000000
0.1550 0.530695 0.000000
0.1551 0.530348 0.000000
0.1552 0.530002 0.000000
0.1553 0.529656 0.000000
0.1554 0.529309 0.000000
0.1555 0.528963 0.000000
0.1556 0.528616 0.000000
0.1557 0.528270 0.000000
0.1558 0.527923 0.000000
0.1559 0.527577 0.000000
0.1560 0.527230 0.000000
0.1561 0.526758 0.000000
0.1562 0.526286 0.000000
0.1563 0.525814 0.000000
0.1564 0.525341 0.000000
0.1565 0.524869 0.000000
0.1566 0.524397 0.000000
0.1567 0.523925 0.000000
0.1568 0.523453 0.000000
0.1569 0.522980 0.000000
0.1570 0.522508 0.000000
0.1571 0.522940 0.000000
0.1572 0.523372 0.000000
0.1573 0.523804 0.000000
0.1574 0.524236 0.000000
0.1575 0.524668 0.000000
0.1576 0.525100 0.000000
0.1577 0.525532 0.000000
0.1578 0.525964 0.000000
0.1579 0.526396 0.000000
0.1580 0.526828 0.000000
0.1581 0.528013 0.000000
0.1582 0.529199 0.000000
0.1583 0.530385 0.000000
0.1584 0.531571 0.000000
0.1585 0.532756 0.000000
0.1586 0.533942 0.000000
0.1587 0.535128 0.000000
0.1588 0.536314 0.000000
0.1589 0.537499 0.000000
0.1590 0.538685 0.000000
0.1591 0.540382 0.000000
0.1592 0.542079 0.000000
0.1593 0.543776 0.000000
0.1594 0.545473 0.000000
0.1595 0.547169 0.000000
0.1596 0.548866 0.000000
0.1597 0.550563 0.000000
0.1598 0.552260 0.000000
0.1599 0.553957 0.000000
0.1600 0.555654 0.000000
0.1601 0.556034 0.000000
0.1602 0.556415 0.000000
0.1603 0.556796 0.000000
0.1604 0.557177 0.000000
0.1605 0.557557 0.000000
0.1606 0.557938 0.000000
0.1607 0.558319 0.000000
0.1608 0.558699 0.000000
0.1609 0.559080 0.000000
0.1610 0.559461 0.000000
0.1611 0.559183 0.000010
0.1612 0.558905 0.000020
0.1613 0.558627 0.000030
0.1614 0.558349 0.000040
0.1615 0.558072 0.000050
0.1616 0.557794 0.000060
0.1617 0.557516 0.000070
0.1618 0.557238 0.000080
0.1619 0.556960 0.000090
0.1620 0.556682 0.000100
0.1621 0.555921 0.000155
0.1622 0.555159 0.000209
0.1623 0.554397 0.000264
0.1624 0.553636 0.000318
0.1625 0.552874 0.000373
0.1626 0.552113 0.000427
0.1627 0.551351 0.000482
0.1628 0.550589 0.000536
0.1629 0.549828 0.000591
0.1630 0.549066 0.000646
0.1631 0.547876 0.001001
0.1632 0.546685 0.001357
0.1633 0.545495 0.001713
0.1634 0.544305 0.002069
0.1635 0.543114 0.002425
0.1636 0.541924 0.002780
0.1637 0.540734 0.003136
0.1638 0.539543 0.003492
0.1639 0.538353 0.003848
0.1640 0.537163 0.004203
0.1641 0.535964 0.004850
0.1642 0.534766 0.005496
0.1643 0.533567 0.006142
0.1644 0.532369 0.006788
0.1645 0.531170 0.007434
0.1646 0.529972 0.008080
0.1647 0.528774 0.008726
0.1648 0.527575 0.009372
0.1649 0.526377 0.010019
0.1650 0.525178 0.010665
0.1651 0.525526 0.012472
0.1652 0.525873 0.014279
0.1653 0.526221 0.016087
0.1654 0.526568 0.017894
0.1655 0.526916 0.019701
0.1656 0.527263 0.021509
0.1657 0.527611 0.023316
0.1658 0.527958 0.025124
0.1659 0.528306 0.026931
0.1660 0.528653 0.028738
0.1661 0.529368 0.030801
0.1662 0.530082 0.032864
0.1663 0.530796 0.034928
0.1664 0.531510 0.036991
0.1665 0.532224 0.039054
0.1666 0.532938 0.041117
0.1667 0.533652 0.043180
0.1668 0.534366 0.045243
0.1669 0.535080 0.047306
0.1670 0.535794 0.049369
0.1671 0.536729 0.052928
0.1672 0.537664 0.056487
0.1673 0.538599 0.060047
0.1674 0.539534 0.063606
0.1675 0.540469 0.067165
0.1676 0.541405 0.070724
0.1677 0.542340 0.074284
0.1678 0.543275 0.077843
0.1679 0.544210 0.081402
0.1680 0.545145 0.084961
0.1681 0.546340 0.087946
0.1682 0.547535 0.090930
0.1683 0.548730 0.093914
0.1684 0.549925 0.096899
0.1685 0.551120 0.099883
0.1686 0.552315 0.102867
0.1687 0.553510 0.105852
0.1688 0.554705 0.108836
0.1689 0.555900 0.111820
0.1690 0.557094 0.114805
0.1691 0.558656 0.118961
0.1692 0.560217 0.123116
0.1693 0.561778 0.127272
0.1694 0.563340 0.131428
0.1695 0.564901 0.135584
0.1696 0.566462 0.139740
0.1697 0.568023 0.143896
0.1698 0.569585 0.148052
0.1699 0.571146 0.152208
0.1700 0.572707 0.156363
0.1701 0.573360 0.159257
0.1702 0.574013 0.162150
0.1703 0.574667 0.165044
0.1704 0.575320 0.167937
0.1705 0.575973 0.170831
0.1706 0.576626 0.173724
0.1707 0.577279 0.176617
0.1708 0.577932 0.179511
0.1709 0.578585 0.182404
0.1710 0.579238 0.185298
0.1711 0.579488 0.189435
0.1712 0.579738 0.193572
0.1713 0.579988 0.197709
0.1714 0.580238 0.201846
0.1715 0.580488 0.205983
0.1716 0.580738 0.210120
0.1717 0.580987 0.214257
0.1718 0.581237 0.218394
0.1719 0.581487 0.222531
0.1720 0.581737 0.226668
0.1721 0.582234 0.229043
0.1722 0.582730 0.231418
0.1723 0.583227 0.233793
0.1724 0.583723 0.236168
0.1725 0.584220 0.238543
0.1726 0.584716 0.240918
0.1727 0.585213 0.243293
0.1728 0.585710 0.245668
0.1729 0.586206 0.248043
0.1730 0.586703 0.250418
0.1731 0.587398 0.251981
0.1732 0.588093 0.253544
0.1733 0.588789 0.255106
0.1734 0.589484 0.256669
0.1735 0.590179 0.258232
0.1736 0.590875 0.259795
0.1737 0.591570 0.261358
0.1738 0.592265 0.262921
0.1739 0.592961 0.264483
0.1740 0.593656 0.266046
0.1741 0.594111 0.268158
0.1742 0.594565 0.270270
0.1743 0.595020 0.272381
0.1744 0.595474 0.274493
0.1745 0.595929 0.276604
0.1746 0.596384 0.278716
0.1747 0.596838 0.280828
0.1748 0.597293 0.282939
0.1749 0.597748 0.285051
0.1750 0.598202 0.287163
0.1751 0.597209 0.290001
0.1752 0.596217 0.292840
0.1753 0.595224 0.295679
0.1754 0.594231 0.298517
0.1755 0.593238 0.301356
0.1756 0.592245 0.304194
0.1757 0.591252 0.307033
0.1758 0.590260 0.309872
0.1759 0.589267 0.312710
0.1760 0.588274 0.315549
0.1761 0.586854 0.318355
0.1762 0.585435 0.321160
0.1763 0.584016 0.323966
0.1764 0.582596 0.326772
0.1765 0.581177 0.329577
0.1766 0.579757 0.332383
0.1767 0.578338 0.335189
0.1768 0.576918 0.337994
0.1769 0.575499 0.340800
0.1770 0.574080 0.343606
0.1771 0.572015 0.347080
0.1772 0.569949 0.350555
0.1773 0.567884 0.354029
0.1774 0.565819 0.357504
0.1775 0.563754 0.360978
0.1776 0.561689 0.364453
0.1777 0.559624 0.367927
0.1778 0.557559 0.371402
0.1779 0.555494 0.374877
0.1780 0.553429 0.378351
0.1781 0.550663 0.381946
0.1782 0.547897 0.385541
0.1783 0.545132 0.389136
0.1784 0.542366 0.392731
0.1785 0.539600 0.396326
0.1786 0.536835 0.399921
0.1787 0.534069 0.403516
0.1788 0.531304 0.407111
0.1789 0.528538 0.410707
0.1790 0.525772 0.414302
0.1791 0.522185 0.418671
0.1792 0.518598 0.423041
0.1793 0.515011 0.427410
0.1794 0.511423 0.431780
0.1795 0.507836 0.436150
0.1796 0.504249 0.440519
0.1797 0.500662 0.444889
0.1798 0.497074 0.449258
0.1799 0.493487 0.453628
0.1800 0.489900 0.457997
0.1801 0.485334 0.462675
0.1802 0.480769 0.467352
0.1803 0.476203 0.472029
0.1804 0.471637 0.476707
0.1805 0.467072 0.481384
0.1806 0.462506 0.486061
0.1807 0.457940 0.490739
0.1808 0.453375 0.495416
0.1809 0.448809 0.500093
0.1810 0.444243 0.504770
0.1811 0.439295 0.509823
0.1812 0.434347 0.514875
0.1813 0.429399 0.519927
0.1814 0.424450 0.524980
0.1815 0.419502 0.530032
0.1816 0.414554 0.535084
0.1817 0.409606 0.540137
0.1818 0.404657 0.545189
0.1819 0.399709 0.550241
0.1820 0.394761 0.555293
0.1821 0.389756 0.560787
0.1822 0.384752 0.566281
0.1823 0.379748 0.571775
0.1824 0.374743 0.577268
0.1825 0.369739 0.582762
0.1826 0.364735 0.588256
0.1827 0.359730 0.593750
0.1828 0.354726 0.599243
0.1829 0.349721 0.604737
0.1830 0.344717 0.610231
0.1831 0.339210 0.616071
0.1832 0.333703 0.621912
0.1833 0.328196 0.627752
0.1834 0.322689 0.633593
0.1835 0.317182 0.639433
0.1836 0.311675 0.645274
0.1837 0.306168 0.651114
0.1838 0.300661 0.656955
0.1839 0.295154 0.662795
0.1840 0.289647 0.668636
0.1841 0.284549 0.673729
0.1842 0.279452 0.678821
0.1843 0.274354 0.683914
0.1844 0.269256 0.689007
0.1845 0.264158 0.694099
0.1846 0.259061 0.699192
0.1847 0.253963 0.704285
0.1848 0.248865 0.709377
0.1849 0.243767 0.714470
0.1850 0.238670 0.719563
0.1851 0.234207 0.724058
0.1852 0.229744 0.728554
0.1853 0.225281 0.733049
0.1854 0.220819 0.737544
0.1855 0.216356 0.742040
0.1856 0.211893 0.746535
0.1857 0.207430 0.751031
0.1858 0.202967 0.755526
0.1859 0.198505 0.760022
0.1860 0.194042 0.764517
0.1861 0.190414 0.768233
0.1862 0.186787 0.771949
0.1863 0.183159 0.775665
0.1864 0.179532 0.779381
0.1865 0.175904 0.783096
0.1866 0.172277 0.786812
0.1867 0.168649 0.790528
0.1868 0.165021 0.794244
0.1869 0.161394 0.797960
0.1870 0.157766 0.801676
0.1871 0.155057 0.804514
0.1872 0.152348 0.807352
0.1873 0.149638 0.810190
0.1874 0.146929 0.813028
0.1875 0.144219 0.815866
0.1876 0.141510 0.818704
0.1877 0.138800 0.821542
0.1878 0.136091 0.824380
0.1879 0.133382 0.827219
0.1880 0.130672 0.830057
0.1881 0.128882 0.832020
0.1882 0.127091 0.833983
0.1883 0.125301 0.835946
0.1884 0.123511 0.837909
0.1885 0.121720 0.839872
0.1886 0.119930 0.841834
0.1887 0.118139 0.843797
0.1888 0.116349 0.845760
0.1889 0.114558 0.847723
0.1890 0.112768 0.849686
0.1891 0.111762 0.850898
0.1892 0.110756 0.852109
0.1893 0.109751 0.853321
0.1894 0.108745 0.854532
0.1895 0.107739 0.855744
0.1896 0.106733 0.856955
0.1897 0.105727 0.858167
0.1898 0.104721 0.859378
0.1899 0.103716 0.860590
0.1900 0.102710 0.861801
0.1901 0.102215 0.862412
0.1902 0.101720 0.863022
0.1903 0.101225 0.863633
0.1904 0.100730 0.864243
0.1905 0.100236 0.864854
0.1906 0.099741 0.865464
0.1907 0.099246 0.866075
0.1908 0.098751 0.866685
0.1909 0.098256 0.867296
0.1910 0.097761 0.867906
0.1911 0.097620 0.868185
0.1912 0.097479 0.868464
0.1913 0.097338 0.868743
0.1914 0.097197 0.869022
0.1915 0.097056 0.869301
0.1916 0.096915 0.869580
0.1917 0.096774 0.869859
0.1918 0.096633 0.870138
0.1919 0.096492 0.870417
0.1920 0.096351 0.870696
0.1921 0.096347 0.870814
0.1922 0.096343 0.870932
0.1923 0.096339 0.871049
0.1924 0.096335 0.871167
0.1925 0.096331 0.871285
0.1926 0.096327 0.871403
0.1927 0.096323 0.871521
0.1928 0.096319 0.871639
0.1929 0.096315 0.871757
0.1930 0.096311 0.871875
0.1931 0.096264 0.872025
0.1932 0.096216 0.872176
0.1933 0.096169 0.872327
0.1934 0.096121 0.872477
0.1935 0.096074 0.872628
0.1936 0.096026 0.872779
0.1937 0.095979 0.872930
0.1938 0.095931 0.873080
0.1939 0.095884 0.873231
0.1940 0.095837 0.873382
0.1941 0.095758 0.873540
0.1942 0.095680 0.873699
0.1943 0.095602 0.873858
0.1944 0.095524 0.874016
0.1945 0.095446 0.874175
0.1946 0.095368 0.874334
0.1947 0.095290 0.874492
0.1948 0.095212 0.874651
0.1949 0.095134 0.874810
0.1950 0.095056 0.874968
0.1951 0.094954 0.875147
0.1952 0.094852 0.875327
0.1953 0.094750 0.875506
0.1954 0.094649 0.875685
0.1955 0.094547 0.875864
0.1956 0.094445 0.876044
0.1957 0.094343 0.876223
0.1958 0.094241 0.876402
0.1959 0.094139 0.876581
0.1960 0.094037 0.876761
0.1961 0.093953 0.876912
0.1962 0.093869 0.877064
0.1963 0.093785 0.877216
0.1964 0.093701 0.877368
0.1965 0.093617 0.877520
0.1966 0.093533 0.877671
0.1967 0.093450 0.877823
0.1968 0.093366 0.877975
0.1969 0.093282 0.878127
0.1970 0.093198 0.878278
0.1971 0.093147 0.878399
0.1972 0.093097 0.878519
0.1973 0.093046 0.878639
0.1974 0.092996 0.878759
0.1975 0.092945 0.878879
0.1976 0.092895 0.879000
0.1977 0.092844 0.879120
0.1978 0.092793 0.879240
0.1979 0.092743 0.879360
0.1980 0.092692 0.879481
0.1981 0.092678 0.879575
0.1982 0.092663 0.879670
0.1983 0.092649 0.879765
0.1984 0.092634 0.879860
0.1985 0.092620 0.879955
0.1986 0.092605 0.880050
0.1987 0.092591 0.880144
0.1988 0.092576 0.880239
0.1989 0.092562 0.880334
0.1990 0.092547 0.880429
0.1991 0.092537 0.880525
0.1992 0.092526 0.880621
0.1993 0.092516 0.880717
0.1994 0.092505 0.880813
0.1995 0.092495 0.880909
0.1996 0.092484 0.881005
0.1997 0.092473 0.881101
0.1998 0.092463 0.881198
0.1999 0.092452 0.881294
0.2000 0.092442 0.881390
0.2001 0.092447 0.881463
0.2002 0.092452 0.881537
0.2003 0.092458 0.881610
0.2004 0.092463 0.881684
0.2005 0.092468 0.881758
0.2006 0.092474 0.881831
0.2007 0.092479 0.881905
0.2008 0.092484 0.881979
0.2009 0.092490 0.882052
0.2010 0.092495 0.882126
0.2011 0.092507 0.882193
0.2012 0.092520 0.882261
0.2013 0.092532 0.882329
0.2014 0.092544 0.882396
0.2015 0.092557 0.882464
0.2016 0.092569 0.882532
0.2017 0.092581 0.882600
0.2018 0.092594 0.882667
0.2019 0.092606 0.882735
0.2020 0.092618 0.882803
0.2021 0.092650 0.882867
0.2022 0.092682 0.882932
0.2023 0.092714 0.882996
0.2024 0.092746 0.883061
0.2025 0.092778 0.883125
0.2026 0.092810 0.883190
0.2027 0.092842 0.883255
0.2028 0.092874 0.883319
0.2029 0.092906 0.883384
0.2030 0.092938 0.883448
0.2031 0.092991 0.883485
0.2032 0.093044 0.883522
0.2033 0.093097 0.883558
0.2034 0.093151 0.883595
0.2035 0.093204 0.883631
0.2036 0.093257 0.883668
0.2037 0.093311 0.883704
0.2038 0.093364 0.883741
0.2039 0.093417 0.883777
0.2040 0.093470 0.883814
0.2041 0.093546 0.883819
0.2042 0.093622 0.883824
0.2043 0.093698 0.883829
0.2044 0.093774 0.883835
0.2045 0.093850 0.883840
0.2046 0.093925 0.883845
0.2047 0.094001 0.883850
0.2048 0.094077 0.883855
0.2049 0.094153 0.883861
0.2050 0.094229 0.883866
0.2051 0.094320 0.883852
0.2052 0.094410 0.883839
0.2053 0.094501 0.883826
0.2054 0.094592 0.883813
0.2055 0.094683 0.883799
0.2056 0.094773 0.883786
0.2057 0.094864 0.883773
0.2058 0.094955 0.883759
0.2059 0.095046 0.883746
0.2060 0.095137 0.883733
0.2061 0.095231 0.883731
0.2062 0.095325 0.883730
0.2063 0.095419 0.883729
0.2064 0.095513 0.883727
0.2065 0.095607 0.883726
0.2066 0.095701 0.883724
0.2067 0.095795 0.883723
0.2068 0.095889 0.883721
0.2069 0.095983 0.883720
0.2070 0.096077 0.883718
0.2071 0.096147 0.883735
0.2072 0.096217 0.883751
0.2073 0.096287 0.883767
0.2074 0.096357 0.883783
0.2075 0.096427 0.883800
0.2076 0.096497 0.883816
0.2077 0.096567 0.883832
0.2078 0.096637 0.883848
0.2079 0.096707 0.883864
0.2080 0.096777 0.883881
0.2081 0.096806 0.883942
0.2082 0.096835 0.884003
0.2083 0.096864 0.884065
0.2084 0.096893 0.884126
0.2085 0.096922 0.884188
0.2086 0.096951 0.884249
0.2087 0.096980 0.884310
0.2088 0.097009 0.884372
0.2089 0.097038 0.884433
0.2090 0.097067 0.884495
0.2091 0.097023 0.884624
0.2092 0.096980 0.884753
0.2093 0.096936 0.884881
0.2094 0.096893 0.885010
0.2095 0.096849 0.885139
0.2096 0.096806 0.885268
0.2097 0.096763 0.885397
0.2098 0.096719 0.885526
0.2099 0.096676 0.885655
0.2100 0.096632 0.885784
0.2101 0.096496 0.885930
0.2102 0.096359 0.886075
0.2103 0.096223 0.886221
0.2104 0.096087 0.886366
0.2105 0.095950 0.886512
0.2106 0.095814 0.886657
0.2107 0.095678 0.886803
0.2108 0.095541 0.886948
0.2109 0.095405 0.887094
0.2110 0.095269 0.887239
0.2111 0.095049 0.887462
0.2112 0.094829 0.887685
0.2113 0.094610 0.887907
0.2114 0.094390 0.888130
0.2115 0.094171 0.888352
0.2116 0.093951 0.888575
0.2117 0.093731 0.888798
0.2118 0.093512 0.889020
0.2119 0.093292 0.889243
0.2120 0.093072 0.889466
0.2121 0.092792 0.889754
0.2122 0.092511 0.890043
0.2123 0.092231 0.890332
0.2124 0.091950 0.890621
0.2125 0.091670 0.890909
0.2126 0.091389 0.891198
0.2127 0.091109 0.891487
0.2128 0.090829 0.891776
0.2129 0.090548 0.892064
0.2130 0.090268 0.892353
0.2131 0.089944 0.892673
0.2132 0.089619 0.892993
0.2133 0.089295 0.893313
0.2134 0.088971 0.893632
0.2135 0.088647 0.893952
0.2136 0.088323 0.894272
0.2137 0.087999 0.894592
0.2138 0.087675 0.894911
0.2139 0.087351 0.895231
0.2140 0.087027 0.895551
0.2141 0.086704 0.895895
0.2142 0.086380 0.896239
0.2143 0.086057 0.896583
0.2144 0.085733 0.896927
0.2145 0.085410 0.897271
0.2146 0.085086 0.897615
0.2147 0.084763 0.897959
0.2148 0.084439 0.898303
0.2149 0.084116 0.898647
0.2150 0.083792 0.898991
0.2151 0.083489 0.899312
0.2152 0.083186 0.899633
0.2153 0.082883 0.899954
0.2154 0.082581 0.900275
0.2155 0.082278 0.900596
0.2156 0.081975 0.900917
0.2157 0.081672 0.901238
0.2158 0.081369 0.901559
0.2159 0.081066 0.901880
0.2160 0.080763 0.902201
0.2161 0.080499 0.902423
0.2162 0.080235 0.902644
0.2163 0.079971 0.902866
0.2164 0.079707 0.903087
0.2165 0.079443 0.903309
0.2166 0.079179 0.903530
0.2167 0.078914 0.903752
0.2168 0.078650 0.903973
0.2169 0.078386 0.904195
0.2170 0.078122 0.904416
0.2171 0.077930 0.904569
0.2172 0.077737 0.904722
0.2173 0.077545 0.904875
0.2174 0.077352 0.905028
0.2175 0.077160 0.905180
0.2176 0.076967 0.905333
0.2177 0.076775 0.905486
0.2178 0.076582 0.905639
0.2179 0.076390 0.905792
0.2180 0.076198 0.905944
0.2181 0.076096 0.906020
0.2182 0.075994 0.906095
0.2183 0.075892 0.906170
0.2184 0.075790 0.906246
0.2185 0.075688 0.906321
0.2186 0.075587 0.906396
0.2187 0.075485 0.906471
0.2188 0.075383 0.906547
0.2189 0.075281 0.906622
0.2190 0.075179 0.906697
0.2191 0.075168 0.906673
0.2192 0.075157 0.906648
0.2193 0.075146 0.906624
0.2194 0.075135 0.906599
0.2195 0.075124 0.906575
0.2196 0.075113 0.906551
0.2197 0.075102 0.906526
0.2198 0.075091 0.906502
0.2199 0.075080 0.906477
0.2200 0.075069 0.906453
0.2201 0.075161 0.906338
0.2202 0.075253 0.906223
0.2203 0.075345 0.906108
0.2204 0.075436 0.905993
0.2205 0.075528 0.905878
0.2206 0.075620 0.905762
0.2207 0.075712 0.905647
0.2208 0.075804 0.905532
0.2209 0.075896 0.905417
0.2210 0.075987 0.905302
0.2211 0.076136 0.905118
0.2212 0.076285 0.904933
0.2213 0.076433 0.904749
0.2214 0.076582 0.904565
0.2215 0.076730 0.904380
0.2216 0.076879 0.904196
0.2217 0.077028 0.904011
0.2218 0.077176 0.903827
0.2219 0.077325 0.903642
0.2220 0.077474 0.903458
0.2221 0.077671 0.903233
0.2222 0.077869 0.903007
0.2223 0.078067 0.902782
0.2224 0.078264 0.902557
0.2225 0.078462 0.902331
0.2226 0.078660 0.902106
0.2227 0.078858 0.901881
0.2228 0.079055 0.901656
0.2229 0.079253 0.901430
0.2230 0.079451 0.901205
0.2231 0.079673 0.900950
0.2232 0.079896 0.900695
0.2233 0.080119 0.900440
0.2234 0.080342 0.900185
0.2235 0.080565 0.899930
0.2236 0.080788 0.899675
0.2237 0.081011 0.899420
0.2238 0.081233 0.899165
0.2239 0.081456 0.898910
0.2240 0.081679 0.898655
0.2241 0.081920 0.898390
0.2242 0.082161 0.898124
0.2243 0.082402 0.897859
0.2244 0.082643 0.897593
0.2245 0.082885 0.897327
0.2246 0.083126 0.897062
0.2247 0.083367 0.896796
0.2248 0.083608 0.896530
0.2249 0.083849 0.896265
0.2250 0.084090 0.895999
0.2251 0.084329 0.895732
0.2252 0.084569 0.895466
0.2253 0.084808 0.895199
0.2254 0.085047 0.894932
0.2255 0.085286 0.894665
0.2256 0.085526 0.894399
0.2257 0.085765 0.894132
0.2258 0.086004 0.893865
0.2259 0.086244 0.893598
0.2260 0.086483 0.893331
0.2261 0.086717 0.893070
0.2262 0.086952 0.892809
0.2263 0.087186 0.892547
0.2264 0.087421 0.892286
0.2265 0.087655 0.892024
0.2266 0.087890 0.891763
0.2267 0.088124 0.891501
0.2268 0.088359 0.891240
0.2269 0.088593 0.890978
0.2270 0.088828 0.890717
0.2271 0.089043 0.890478
0.2272 0.089258 0.890238
0.2273 0.089474 0.889999
0.2274 0.089689 0.889760
0.2275 0.089904 0.889520
0.2276 0.090119 0.889281
0.2277 0.090334 0.889042
0.2278 0.090549 0.888802
0.2279 0.090765 0.888563
0.2280 0.090980 0.888323
0.2281 0.091163 0.888107
0.2282 0.091346 0.887890
0.2283 0.091528 0.887673
0.2284 0.091711 0.887456
0.2285 0.091894 0.887239
0.2286 0.092077 0.887022
0.2287 0.092260 0.886805
0.2288 0.092443 0.886588
0.2289 0.092625 0.886371
0.2290 0.092808 0.886154
0.2291 0.092957 0.885984
0.2292 0.093106 0.885814
0.2293 0.093255 0.885644
0.2294 0.093404 0.885474
0.2295 0.093553 0.885304
0.2296 0.093701 0.885134
0.2297 0.093850 0.884964
0.2298 0.093999 0.884794
0.2299 0.094148 0.884624
0.2300 0.094297 0.884454
0.2301 0.094386 0.884333
0.2302 0.094476 0.884213
0.2303 0.094565 0.884093
0.2304 0.094654 0.883972
0.2305 0.094744 0.883852
0.2306 0.094833 0.883731
0.2307 0.094923 0.883611
0.2308 0.095012 0.883491
0.2309 0.095101 0.883370
0.2310 0.095191 0.883250
0.2311 0.095221 0.883187
0.2312 0.095251 0.883125
0.2313 0.095281 0.883062
0.2314 0.095311 0.883000
0.2315 0.095342 0.882937
0.2316 0.095372 0.882874
0.2317 0.095402 0.882812
0.2318 0.095432 0.882749
0.2319 0.095462 0.882686
0.2320 0.095493 0.882624
0.2321 0.095459 0.882628
0.2322 0.095425 0.882632
0.2323 0.095391 0.882635
0.2324 0.095357 0.882639
0.2325 0.095323 0.882643
0.2326 0.095289 0.882647
0.2327 0.095256 0.882651
0.2328 0.095222 0.882655
0.2329 0.095188 0.882659
0.2330 0.095154 0.882662
0.2331 0.095055 0.882730
0.2332 0.094957 0.882798
0.2333 0.094858 0.882866
0.2334 0.094759 0.882934
0.2335 0.094661 0.883002
0.2336 0.094562 0.883070
0.2337 0.094463 0.883138
0.2338 0.094365 0.883206
0.2339 0.094266 0.883274
0.2340 0.094168 0.883342
0.2341 0.094008 0.883470
0.2342 0.093848 0.883597
0.2343 0.093688 0.883725
0.2344 0.093529 0.883853
0.2345 0.093369 0.883981
0.2346 0.093209 0.884109
0.2347 0.093050 0.884237
0.2348 0.092890 0.884365
0.2349 0.092730 0.884492
0.2350 0.092571 0.884620
0.2351 0.092364 0.884797
0.2352 0.092158 0.884974
0.2353 0.091951 0.885151
0.2354 0.091744 0.885328
0.2355 0.091538 0.885505
0.2356 0.091331 0.885682
0.2357 0.091125 0.885860
0.2358 0.090918 0.886037
0.2359 0.090711 0.886214
0.2360 0.090505 0.886391
0.2361 0.090257 0.886601
0.2362 0.090010 0.886810
0.2363 0.089763 0.887020
0.2364 0.089515 0.887230
0.2365 0.089268 0.887440
0.2366 0.089020 0.887650
0.2367 0.088773 0.887860
0.2368 0.088525 0.888070
0.2369 0.088278 0.888280
0.2370 0.088030 0.888489
0.2371 0.087758 0.888731
0.2372 0.087485 0.888973
0.2373 0.087213 0.889214
0.2374 0.086940 0.889456
0.2375 0.086668 0.889698
0.2376 0.086395 0.889940
0.2377 0.086123 0.890181
0.2378 0.085850 0.890423
0.2379 0.085578 0.890665
0.2380 0.085305 0.890906
0.2381 0.085019 0.891157
0.2382 0.084733 0.891407
0.2383 0.084446 0.891658
0.2384 0.084160 0.891908
0.2385 0.083873 0.892159
0.2386 0.083587 0.892410
0.2387 0.083301 0.892660
0.2388 0.083014 0.892911
0.2389 0.082728 0.893161
0.2390 0.082442 0.893412
0.2391 0.082154 0.893664
0.2392 0.081867 0.893916
0.2393 0.081580 0.894169
0.2394 0.081293 0.894421
0.2395 0.081006 0.894673
0.2396 0.080718 0.894925
0.2397 0.080431 0.895178
0.2398 0.080144 0.895430
0.2399 0.079857 0.895682
0.2400 0.079569 0.895935
0.2401 0.079260 0.896240
0.2402 0.078951 0.896545
0.2403 0.078641 0.896849
0.2404 0.078332 0.897154
0.2405 0.078023 0.897459
0.2406 0.077714 0.897764
0.2407 0.077404 0.898069
0.2408 0.077095 0.898374
0.2409 0.076786 0.898679
0.2410 0.076476 0.898984
0.2411 0.076181 0.899269
0.2412 0.075886 0.899553
0.2413 0.075591 0.899838
0.2414 0.075295 0.900123
0.2415 0.075000 0.900407
0.2416 0.074705 0.900692
0.2417 0.074410 0.900977
0.2418 0.074114 0.901261
0.2419 0.073819 0.901546
0.2420 0.073524 0.901830
0.2421 0.073262 0.902089
0.2422 0.072999 0.902348
0.2423 0.072737 0.902607
0.2424 0.072475 0.902866
0.2425 0.072212 0.903125
0.2426 0.071950 0.903384
0.2427 0.071688 0.903644
0.2428 0.071425 0.903903
0.2429 0.071163 0.904162
0.2430 0.070901 0.904421
0.2431 0.070677 0.904639
0.2432 0.070452 0.904857
0.2433 0.070228 0.905076
0.2434 0.070004 0.905294
0.2435 0.069780 0.905512
0.2436 0.069555 0.905731
0.2437 0.069331 0.905949
0.2438 0.069107 0.906167
0.2439 0.068883 0.906386
0.2440 0.068659 0.906604
0.2441 0.068477 0.906783
0.2442 0.068295 0.906962
0.2443 0.068113 0.907141
0.2444 0.067931 0.907321
0.2445 0.067749 0.907500
0.2446 0.067567 0.907679
0.2447 0.067385 0.907858
0.2448 0.067203 0.908037
0.2449 0.067021 0.908216
0.2450 0.066839 0.908395
0.2451 0.066699 0.908531
0.2452 0.066559 0.908666
0.2453 0.066420 0.908802
0.2454 0.066280 0.908937
0.2455 0.066140 0.909073
0.2456 0.066000 0.909208
0.2457 0.065860 0.909344
0.2458 0.065721 0.909479
0.2459 0.065581 0.909615
0.2460 0.065441 0.909751
0.2461 0.065346 0.909842
0.2462 0.065250 0.909933
0.2463 0.065154 0.910024
0.2464 0.065059 0.910115
0.2465 0.064963 0.910207
0.2466 0.064868 0.910298
0.2467 0.064772 0.910389
0.2468 0.064677 0.910480
0.2469 0.064581 0.910571
0.2470 0.064486 0.910663
0.2471 0.064439 0.910709
0.2472 0.064391 0.910754
0.2473 0.064344 0.910800
0.2474 0.064297 0.910846
0.2475 0.064249 0.910892
0.2476 0.064202 0.910938
0.2477 0.064155 0.910984
0.2478 0.064108 0.911030
0.2479 0.064060 0.911076
0.2480 0.064013 0.911122
0.2481 0.064012 0.911125
0.2482 0.064011 0.911127
0.2483 0.064010 0.911130
0.2484 0.064009 0.911133
0.2485 0.064008 0.911136
0.2486 0.064007 0.911139
0.2487 0.064007 0.911142
0.2488 0.064006 0.911145
0.2489 0.064005 0.911148
0.2490 0.064004 0.911151
0.2491 0.064044 0.911109
0.2492 0.064085 0.911067
0.2493 0.064126 0.911025
0.2494 0.064166 0.910983
0.2495 0.064207 0.910941
0.2496 0.064247 0.910899
0.2497 0.064288 0.910857
0.2498 0.064329 0.910815
0.2499 0.064369 0.910773
0.2500 0.064410 0.910731
0.2501 0.064497 0.910680
0.2502 0.064585 0.910629
0.2503 0.064672 0.910578
0.2504 0.064760 0.910526
0.2505 0.064847 0.910475
0.2506 0.064934 0.910424
0.2507 0.065022 0.910373
0.2508 0.065109 0.910322
0.2509 0.065197 0.910271
0.2510 0.065284 0.910220
0.2511 0.065419 0.910134
0.2512 0.065553 0.910048
0.2513 0.065688 0.909962
0.2514 0.065822 0.909876
0.2515 0.065956 0.909790
0.2516 0.066091 0.909704
0.2517 0.066225 0.909618
0.2518 0.066360 0.909532
0.2519 0.066494 0.909446
0.2520 0.066629 0.909360
0.2521 0.066798 0.909230
0.2522 0.066968 0.909100
0.2523 0.067137 0.908970
0.2524 0.067307 0.908840
0.2525 0.067476 0.908710
0.2526 0.067646 0.908580
0.2527 0.067815 0.908450
0.2528 0.067985 0.908320
0.2529 0.068154 0.908190
0.2530 0.068324 0.908059
0.2531 0.068526 0.907895
0.2532 0.068729 0.907731
0.2533 0.068932 0.907567
0.2534 0.069134 0.907403
0.2535 0.069337 0.907238
0.2536 0.069539 0.907074
0.2537 0.069742 0.906910
0.2538 0.069944 0.906746
0.2539 0.070147 0.906581
0.2540 0.070349 0.906417
0.2541 0.070585 0.906224
0.2542 0.070822 0.906032
0.2543 0.071058 0.905839
0.2544 0.071294 0.905646
0.2545 0.071530 0.905453
0.2546 0.071766 0.905260
0.2547 0.072002 0.905068
0.2548 0.072238 0.904875
0.2549 0.072474 0.904682
0.2550 0.072710 0.904489
0.2551 0.072967 0.904276
0.2552 0.073224 0.904063
0.2553 0.073481 0.903850
0.2554 0.073739 0.903637
0.2555 0.073996 0.903424
0.2556 0.074253 0.903211
0.2557 0.074510 0.902998
0.2558 0.074767 0.902785
0.2559 0.075024 0.902572
0.2560 0.075282 0.902358
0.2561 0.075552 0.902132
0.2562 0.075822 0.901905
0.2563 0.076093 0.901678
0.2564 0.076363 0.901451
0.2565 0.076634 0.901224
0.2566 0.076904 0.900997
0.2567 0.077175 0.900770
0.2568 0.077445 0.900543
0.2569 0.077716 0.900317
0.2570 0.077986 0.900090
0.2571 0.078263 0.899860
0.2572 0.078541 0.899630
0.2573 0.078818 0.899400
0.2574 0.079096 0.899170
0.2575 0.079373 0.898940
0.2576 0.079650 0.898711
0.2577 0.079928 0.898481
0.2578 0.080205 0.898251
0.2579 0.080483 0.898021
0.2580 0.080760 0.897791
0.2581 0.081029 0.897560
0.2582 0.081299 0.897328
0.2583 0.081569 0.897097
0.2584 0.081838 0.896865
0.2585 0.082108 0.896634
0.2586 0.082377 0.896402
0.2587 0.082647 0.896171
0.2588 0.082916 0.895940
0.2589 0.083186 0.895708
0.2590 0.083455 0.895477
0.2591 0.083699 0.895272
0.2592 0.083943 0.895066
0.2593 0.084187 0.894861
0.2594 0.084432 0.894656
0.2595 0.084676 0.894451
0.2596 0.084920 0.894246
0.2597 0.085164 0.894041
0.2598 0.085408 0.893836
0.2599 0.085652 0.893631
0.2600 0.085896 0.893426
0.2601 0.086108 0.893220
0.2602 0.086321 0.893014
0.2603 0.086534 0.892808
0.2604 0.086746 0.892603
0.2605 0.086959 0.892397
0.2606 0.087172 0.892191
0.2607 0.087384 0.891985
0.2608 0.087597 0.891780
0.2609 0.087810 0.891574
0.2610 0.088022 0.891368
0.2611 0.088185 0.891212
0.2612 0.088347 0.891055
0.2613 0.088510 0.890899
0.2614 0.088672 0.890742
0.2615 0.088835 0.890586
0.2616 0.088997 0.890429
0.2617 0.089160 0.890273
0.2618 0.089322 0.890116
0.2619 0.089485 0.889960
0.2620 0.089647 0.889804
0.2621 0.089750 0.889708
0.2622 0.089852 0.889612
0.2623 0.089955 0.889517
0.2624 0.090057 0.889421
0.2625 0.090160 0.889326
0.2626 0.090262 0.889230
0.2627 0.090365 0.889135
0.2628 0.090467 0.889039
0.2629 0.090570 0.888943
0.2630 0.090672 0.888848
0.2631 0.090707 0.888822
0.2632 0.090742 0.888795
0.2633 0.090776 0.888769
0.2634 0.090811 0.888743
0.2635 0.090845 0.888717
0.2636 0.090880 0.888690
0.2637 0.090914 0.888664
0.2638 0.090949 0.888638
0.2639 0.090984 0.888612
0.2640 0.091018 0.888585
0.2641 0.090979 0.888628
0.2642 0.090939 0.888671
0.2643 0.090899 0.888714
0.2644 0.090859 0.888757
0.2645 0.090820 0.888800
0.2646 0.090780 0.888843
0.2647 0.090740 0.888886
0.2648 0.090701 0.888929
0.2649 0.090661 0.888972
0.2650 0.090621 0.889015
0.2651 0.090514 0.889122
0.2652 0.090406 0.889229
0.2653 0.090299 0.889336
0.2654 0.090191 0.889443
0.2655 0.090084 0.889550
0.2656 0.089976 0.889658
0.2657 0.089869 0.889765
0.2658 0.089762 0.889872
0.2659 0.089654 0.889979
0.2660 0.089547 0.890086
0.2661 0.089388 0.890250
0.2662 0.089229 0.890413
0.2663 0.089070 0.890577
0.2664 0.088911 0.890741
0.2665 0.088752 0.890904
0.2666 0.088593 0.891068
0.2667 0.088435 0.891231
0.2668 0.088276 0.891395
0.2669 0.088117 0.891559
0.2670 0.087958 0.891722
0.2671 0.087751 0.891933
0.2672 0.087543 0.892144
0.2673 0.087336 0.892355
0.2674 0.087129 0.892566
0.2675 0.086921 0.892776
0.2676 0.086714 0.892987
0.2677 0.086506 0.893198
0.2678 0.086299 0.893409
0.2679 0.086092 0.893619
0.2680 0.085884 0.893830
0.2681 0.085651 0.894063
0.2682 0.085418 0.894295
0.2683 0.085185 0.894528
0.2684 0.084953 0.894761
0.2685 0.084720 0.894993
0.2686 0.084487 0.895226
0.2687 0.084254 0.895459
0.2688 0.084021 0.895691
0.2689 0.083788 0.895924
0.2690 0.083555 0.896156
0.2691 0.083318 0.896394
0.2692 0.083082 0.896631
0.2693 0.082846 0.896869
0.2694 0.082609 0.897106
0.2695 0.082373 0.897343
0.2696 0.082137 0.897581
0.2697 0.081901 0.897818
0.2698 0.081664 0.898055
0.2699 0.081428 0.898293
0.2700 0.081192 0.898530
0.2701 0.080965 0.898752
0.2702 0.080739 0.898974
0.2703 0.080512 0.899197
0.2704 0.080286 0.899419
0.2705 0.080059 0.899641
0.2706 0.079833 0.899863
0.2707 0.079607 0.900085
0.2708 0.079380 0.900307
0.2709 0.079154 0.900530
0.2710 0.078927 0.900752
0.2711 0.078736 0.900949
0.2712 0.078544 0.901146
0.2713 0.078352 0.901344
0.2714 0.078161 0.901541
0.2715 0.077969 0.901738
0.2716 0.077777 0.901935
0.2717 0.077585 0.902133
0.2718 0.077394 0.902330
0.2719 0.077202 0.902527
0.2720 0.077010 0.902725
0.2721 0.076857 0.902878
0.2722 0.076704 0.903031
0.2723 0.076551 0.903184
0.2724 0.076398 0.903337
0.2725 0.076244 0.903490
0.2726 0.076091 0.903644
0.2727 0.075938 0.903797
0.2728 0.075785 0.903950
0.2729 0.075632 0.904103
0.2730 0.075479 0.904256
0.2731 0.075379 0.904359
0.2732 0.075280 0.904462
0.2733 0.075181 0.904565
0.2734 0.075081 0.904668
0.2735 0.074982 0.904771
0.2736 0.074883 0.904874
0.2737 0.074783 0.904977
0.2738 0.074684 0.905080
0.2739 0.074585 0.905183
0.2740 0.074485 0.905286
0.2741 0.074439 0.905341
0.2742 0.074393 0.905395
0.2743 0.074347 0.905449
0.2744 0.074301 0.905504
0.2745 0.074255 0.905558
0.2746 0.074209 0.905613
0.2747 0.074163 0.905667
0.2748 0.074117 0.905722
0.2749 0.074071 0.905776
0.2750 0.074025 0.905831
0.2751 0.074034 0.905829
0.2752 0.074043 0.905827
0.2753 0.074052 0.905826
0.2754 0.074061 0.905824
0.2755 0.074070 0.905823
0.2756 0.074079 0.905821
0.2757 0.074088 0.905819
0.2758 0.074097 0.905818
0.2759 0.074106 0.905816
0.2760 0.074115 0.905814
0.2761 0.074177 0.905763
0.2762 0.074239 0.905712
0.2763 0.074301 0.905661
0.2764 0.074364 0.905610
0.2765 0.074426 0.905559
0.2766 0.074488 0.905508
0.2767 0.074551 0.905457
0.2768 0.074613 0.905406
0.2769 0.074675 0.905355
0.2770 0.074737 0.905304
0.2771 0.074840 0.905211
0.2772 0.074942 0.905118
0.2773 0.075045 0.905025
0.2774 0.075147 0.904933
0.2775 0.075250 0.904840
0.2776 0.075352 0.904747
0.2777 0.075455 0.904654
0.2778 0.075557 0.904561
0.2779 0.075660 0.904468
0.2780 0.075762 0.904375
0.2781 0.075897 0.904248
0.2782 0.076032 0.904122
0.2783 0.076166 0.903995
0.2784 0.076301 0.903869
0.2785 0.076436 0.903742
0.2786 0.076571 0.903616
0.2787 0.076706 0.903489
0.2788 0.076840 0.903363
0.2789 0.076975 0.903236
0.2790 0.077110 0.903110
0.2791 0.077262 0.902967
0.2792 0.077414 0.902825
0.2793 0.077566 0.902683
0.2794 0.077718 0.902540
0.2795 0.077870 0.902398
0.2796 0.078022 0.902256
0.2797 0.078174 0.902113
0.2798 0.078326 0.901971
0.2799 0.078478 0.901829
0.2800 0.078630 0.901687
0.2801 0.078785 0.901540
0.2802 0.078941 0.901393
0.2803 0.079096 0.901247
0.2804 0.079252 0.901100
0.2805 0.079407 0.900953
0.2806 0.079563 0.900807
0.2807 0.079719 0.900660
0.2808 0.079874 0.900514
0.2809 0.080030 0.900367
0.2810 0.080185 0.900220
0.2811 0.080331 0.900082
0.2812 0.080477 0.899945
0.2813 0.080623 0.899807
0.2814 0.080769 0.899669
0.2815 0.080916 0.899531
0.2816 0.081062 0.899393
0.2817 0.081208 0.899255
0.2818 0.081354 0.899117
0.2819 0.081500 0.898979
0.2820 0.081646 0.898841
0.2821 0.081769 0.898731
0.2822 0.081892 0.898622
0.2823 0.082015 0.898513
0.2824 0.082138 0.898403
0.2825 0.082261 0.898294
0.2826 0.082384 0.898185
0.2827 0.082506 0.898075
0.2828 0.082629 0.897966
0.2829 0.082752 0.897857
0.2830 0.082875 0.897747
0.2831 0.082959 0.897673
0.2832 0.083043 0.897598
0.2833 0.083127 0.897524
0.2834 0.083210 0.897450
0.2835 0.083294 0.897375
0.2836 0.083378 0.897301
0.2837 0.083462 0.897226
0.2838 0.083545 0.897152
0.2839 0.083629 0.897077
0.2840 0.083713 0.897003
0.2841 0.083746 0.896974
0.2842 0.083780 0.896945
0.2843 0.083814 0.896916
0.2844 0.083847 0.896887
0.2845 0.083881 0.896858
0.2846 0.083915 0.896829
0.2847 0.083948 0.896800
0.2848 0.083982 0.896771
0.2849 0.084016 0.896742
0.2850 0.084049 0.896713
0.2851 0.084039 0.896728
0.2852 0.084028 0.896742
0.2853 0.084017 0.896757
0.2854 0.084006 0.896772
0.2855 0.083995 0.896787
0.2856 0.083985 0.896802
0.2857 0.083974 0.896817
0.2858 0.083963 0.896831
0.2859 0.083952 0.896846
0.2860 0.083942 0.896861
0.2861 0.083877 0.896930
0.2862 0.083812 0.896999
0.2863 0.083747 0.897067
0.2864 0.083683 0.897136
0.2865 0.083618 0.897205
0.2866 0.083553 0.897274
0.2867 0.083489 0.897343
0.2868 0.083424 0.897411
0.2869 0.083359 0.897480
0.2870 0.083294 0.897549
0.2871 0.083189 0.897658
0.2872 0.083083 0.897767
0.2873 0.082977 0.897877
0.2874 0.082872 0.897986
0.2875 0.082766 0.898095
0.2876 0.082660 0.898204
0.2877 0.082554 0.898313
0.2878 0.082449 0.898422
0.2879 0.082343 0.898532
0.2880 0.082237 0.898641
0.2881 0.082101 0.898782
0.2882 0.081965 0.898923
0.2883 0.081829 0.899064
0.2884 0.081693 0.899205
0.2885 0.081556 0.899346
0.2886 0.081420 0.899487
0.2887 0.081284 0.899628
0.2888 0.081148 0.899769
0.2889 0.081012 0.899910
0.2890 0.080875 0.900051
0.2891 0.080706 0.900221
0.2892 0.080537 0.900392
0.2893 0.080367 0.900563
0.2894 0.080198 0.900734
0.2895 0.080028 0.900904
0.2896 0.079859 0.901075
0.2897 0.079689 0.901246
0.2898 0.079520 0.901417
0.2899 0.079350 0.901588
0.2900 0.079181 0.901758
0.2901 0.079000 0.901938
0.2902 0.078820 0.902117
0.2903 0.078640 0.902297
0.2904 0.078460 0.902476
0.2905 0.078280 0.902655
0.2906 0.078100 0.902835
0.2907 0.077920 0.903014
0.2908 0.077740 0.903194
0.2909 0.077560 0.903373
0.2910 0.077380 0.903552
0.2911 0.077202 0.903737
0.2912 0.077024 0.903922
0.2913 0.076846 0.904106
0.2914 0.076667 0.904291
0.2915 0.076489 0.904475
0.2916 0.076311 0.904660
0.2917 0.076133 0.904844
0.2918 0.075955 0.905029
0.2919 0.075777 0.905213
0.2920 0.075599 0.905398
0.2921 0.075427 0.905568
0.2922 0.075255 0.905739
0.2923 0.075084 0.905909
0.2924 0.074912 0.906080
0.2925 0.074740 0.906250
0.2926 0.074568 0.906421
0.2927 0.074397 0.906591
0.2928 0.074225 0.906762
0.2929 0.074053 0.906932
0.2930 0.073882 0.907102
0.2931 0.073730 0.907253
0.2932 0.073579 0.907404
0.2933 0.073428 0.907554
0.2934 0.073277 0.907705
0.2935 0.073125 0.907856
0.2936 0.072974 0.908007
0.2937 0.072823 0.908157
0.2938 0.072672 0.908308
0.2939 0.072521 0.908459
0.2940 0.072369 0.908609
0.2941 0.072247 0.908741
0.2942 0.072124 0.908873
0.2943 0.072001 0.909005
0.2944 0.071879 0.909137
0.2945 0.071756 0.909268
0.2946 0.071633 0.909400
0.2947 0.071511 0.909532
0.2948 0.071388 0.909664
0.2949 0.071265 0.909796
0.2950 0.071143 0.909928
0.2951 0.071048 0.910027
0.2952 0.070953 0.910126
0.2953 0.070858 0.910226
0.2954 0.070764 0.910325
0.2955 0.070669 0.910424
0.2956 0.070574 0.910523
0.2957 0.070480 0.910623
0.2958 0.070385 0.910722
0.2959 0.070290 0.910821
0.2960 0.070195 0.910920
0.2961 0.070132 0.910991
0.2962 0.070068 0.911061
0.2963 0.070005 0.911132
0.2964 0.069941 0.911202
0.2965 0.069878 0.911272
0.2966 0.069814 0.911343
0.2967 0.069751 0.911413
0.2968 0.069687 0.911484
0.2969 0.069624 0.911554
0.2970 0.069560 0.911624
0.2971 0.069525 0.911664
0.2972 0.069490 0.911703
0.2973 0.069455 0.911743
0.2974 0.069420 0.911782
0.2975 0.069385 0.911822
0.2976 0.069350 0.911861
0.2977 0.069315 0.911901
0.2978 0.069280 0.911940
0.2979 0.069244 0.911980
0.2980 0.069209 0.912019
0.2981 0.069203 0.912034
0.2982 0.069197 0.912049
0.2983 0.069191 0.912064
0.2984 0.069185 0.912079
0.2985 0.069180 0.912094
0.2986 0.069174 0.912109
0.2987 0.069168 0.912124
0.2988 0.069162 0.912139
0.2989 0.069156 0.912154
0.2990 0.069150 0.912169
0.2991 0.069164 0.912159
0.2992 0.069179 0.912150
0.2993 0.069194 0.912141
0.2994 0.069209 0.912131
0.2995 0.069223 0.912122
0.2996 0.069238 0.912112
0.2997 0.069253 0.912103
0.2998 0.069268 0.912094
0.2999 0.069282 0.912084
0.3000 0.069297 0.912075
0.3001 0.069326 0.912063
0.3002 0.069355 0.912051
0.3003 0.069383 0.912039
0.3004 0.069412 0.912027
0.3005 0.069441 0.912014
0.3006 0.069470 0.912002
0.3007 0.069498 0.911990
0.3008 0.069527 0.911978
0.3009 0.069556 0.911966
0.3010 0.069585 0.911954
0.3011 0.069627 0.911937
0.3012 0.069669 0.911920
0.3013 0.069711 0.911903
0.3014 0.069753 0.911886
0.3015 0.069795 0.911869
0.3016 0.069837 0.911852
0.3017 0.069879 0.911835
0.3018 0.069921 0.911818
0.3019 0.069963 0.911801
0.3020 0.070005 0.911785
0.3021 0.070046 0.911761
0.3022 0.070086 0.911737
0.3023 0.070127 0.911713
0.3024 0.070168 0.911689
0.3025 0.070208 0.911665
0.3026 0.070249 0.911641
0.3027 0.070289 0.911617
0.3028 0.070330 0.911593
0.3029 0.070371 0.911569
0.3030 0.070411 0.911545
0.3031 0.070453 0.911522
0.3032 0.070494 0.911499
0.3033 0.070536 0.911476
0.3034 0.070577 0.911453
0.3035 0.070618 0.911430
0.3036 0.070660 0.911407
0.3037 0.070701 0.911384
0.3038 0.070743 0.911361
0.3039 0.070784 0.911338
0.3040 0.070826 0.911315
0.3041 0.070861 0.911301
0.3042 0.070897 0.911287
0.3043 0.070932 0.911273
0.3044 0.070968 0.911258
0.3045 0.071003 0.911244
0.3046 0.071039 0.911230
0.3047 0.071074 0.911216
0.3048 0.071110 0.911202
0.3049 0.071145 0.911187
0.3050 0.071181 0.911173
0.3051 0.071197 0.911173
0.3052 0.071213 0.911173
0.3053 0.071230 0.911173
0.3054 0.071246 0.911172
0.3055 0.071263 0.911172
0.3056 0.071279 0.911172
0.3057 0.071295 0.911172
0.3058 0.071312 0.911172
0.3059 0.071328 0.911171
0.3060 0.071345 0.911171
0.3061 0.071355 0.911180
0.3062 0.071365 0.911189
0.3063 0.071375 0.911198
0.3064 0.071385 0.911207
0.3065 0.071395 0.911216
0.3066 0.071406 0.911225
0.3067 0.071416 0.911234
0.3068 0.071426 0.911243
0.3069 0.071436 0.911252
0.3070 0.071446 0.911261
0.3071 0.071433 0.911291
0.3072 0.071420 0.911321
0.3073 0.071407 0.911351
0.3074 0.071394 0.911381
0.3075 0.071382 0.911411
0.3076 0.071369 0.911441
0.3077 0.071356 0.911471
0.3078 0.071343 0.911500
0.3079 0.071330 0.911530
0.3080 0.071317 0.911560
0.3081 0.071288 0.911606
0.3082 0.071260 0.911651
0.3083 0.071231 0.911697
0.3084 0.071203 0.911742
0.3085 0.071174 0.911788
0.3086 0.071145 0.911833
0.3087 0.071117 0.911878
0.3088 0.071088 0.911924
0.3089 0.071060 0.911969
0.3090 0.071031 0.912015
0.3091 0.070982 0.912076
0.3092 0.070933 0.912137
0.3093 0.070884 0.912198
0.3094 0.070834 0.912259
0.3095 0.070785 0.912320
0.3096 0.070736 0.912381
0.3097 0.070687 0.912442
0.3098 0.070638 0.912503
0.3099 0.070589 0.912564
0.3100 0.070539 0.912625
0.3101 0.070484 0.912700
0.3102 0.070428 0.912775
0.3103 0.070373 0.912851
0.3104 0.070317 0.912926
0.3105 0.070262 0.913002
0.3106 0.070206 0.913077
0.3107 0.070151 0.913152
0.3108 0.070095 0.913228
0.3109 0.070040 0.913303
0.3110 0.069984 0.913379
0.3111 0.069910 0.913466
0.3112 0.069835 0.913553
0.3113 0.069761 0.913640
0.3114 0.069686 0.913727
0.3115 0.069612 0.913814
0.3116 0.069537 0.913901
0.3117 0.069463 0.913988
0.3118 0.069388 0.914075
0.3119 0.069314 0.914162
0.3120 0.069239 0.914249
0.3121 0.069166 0.914341
0.3122 0.069092 0.914433
0.3123 0.069019 0.914525
0.3124 0.068945 0.914617
0.3125 0.068872 0.914709
0.3126 0.068798 0.914801
0.3127 0.068725 0.914893
0.3128 0.068651 0.914985
0.3129 0.068578 0.915077
0.3130 0.068504 0.915169
0.3131 0.068428 0.915259
0.3132 0.068351 0.915349
0.3133 0.068275 0.915438
0.3134 0.068198 0.915528
0.3135 0.068121 0.915618
0.3136 0.068045 0.915708
0.3137 0.067968 0.915798
0.3138 0.067892 0.915887
0.3139 0.067815 0.915977
0.3140 0.067739 0.916067
0.3141 0.067669 0.916152
0.3142 0.067600 0.916237
0.3143 0.067530 0.916322
0.3144 0.067461 0.916407
0.3145 0.067391 0.916492
0.3146 0.067322 0.916576
0.3147 0.067253 0.916661
0.3148 0.067183 0.916746
0.3149 0.067114 0.916831
0.3150 0.067044 0.916916
0.3151 0.066990 0.916988
0.3152 0.066936 0.917060
0.3153 0.066881 0.917132
0.3154 0.066827 0.917204
0.3155 0.066773 0.917276
0.3156 0.066718 0.917348
0.3157 0.066664 0.917420
0.3158 0.066610 0.917492
0.3159 0.066555 0.917564
0.3160 0.066501 0.917636
0.3161 0.066469 0.917687
0.3162 0.066436 0.917738
0.3163 0.066404 0.917789
0.3164 0.066371 0.917840
0.3165 0.066339 0.917891
0.3166 0.066307 0.917942
0.3167 0.066274 0.917992
0.3168 0.066242 0.918043
0.3169 0.066209 0.918094
0.3170 0.066177 0.918145
0.3171 0.066160 0.918178
0.3172 0.066143 0.918210
0.3173 0.066126 0.918243
0.3174 0.066109 0.918275
0.3175 0.066091 0.918308
0.3176 0.066074 0.918340
0.3177 0.066057 0.918373
0.3178 0.066040 0.918405
0.3179 0.066023 0.918438
0.3180 0.066006 0.918471
0.3181 0.066018 0.918476
0.3182 0.066030 0.918482
0.3183 0.066042 0.918487
0.3184 0.066054 0.918493
0.3185 0.066066 0.918498
0.3186 0.066078 0.918504
0.3187 0.066090 0.918510
0.3188 0.066101 0.918515
0.3189 0.066113 0.918521
0.3190 0.066125 0.918526
0.3191 0.066169 0.918500
0.3192 0.066213 0.918474
0.3193 0.066258 0.918448
0.3194 0.066302 0.918421
0.3195 0.066346 0.918395
0.3196 0.066390 0.918369
0.3197 0.066434 0.918342
0.3198 0.066478 0.918316
0.3199 0.066522 0.918290
0.3200 0.066566 0.918264
0.3201 0.066640 0.918204
0.3202 0.066715 0.918144
0.3203 0.066789 0.918084
0.3204 0.066864 0.918024
0.3205 0.066938 0.917964
0.3206 0.067013 0.917904
0.3207 0.067087 0.917844
0.3208 0.067162 0.917784
0.3209 0.067236 0.917724
0.3210 0.067311 0.917665
0.3211 0.067416 0.917576
0.3212 0.067521 0.917488
0.3213 0.067626 0.917400
0.3214 0.067731 0.917312
0.3215 0.067836 0.917223
0.3216 0.067941 0.917135
0.3217 0.068046 0.917047
0.3218 0.068151 0.916959
0.3219 0.068256 0.916870
0.3220 0.068361 0.916782
0.3221 0.068502 0.916664
0.3222 0.068643 0.916546
0.3223 0.068784 0.916428
0.3224 0.068925 0.916310
0.3225 0.069066 0.916192
0.3226 0.069207 0.916074
0.3227 0.069348 0.915956
0.3228 0.069489 0.915837
0.3229 0.069630 0.915719
0.3230 0.069771 0.915601
0.3231 0.069938 0.915453
0.3232 0.070106 0.915305
0.3233 0.070273 0.915156
0.3234 0.070440 0.915008
0.3235 0.070608 0.914860
0.3236 0.070775 0.914712
0.3237 0.070943 0.914563
0.3238 0.071110 0.914415
0.3239 0.071278 0.914267
0.3240 0.071445 0.914119
0.3241 0.071640 0.913943
0.3242 0.071835 0.913767
0.3243 0.072029 0.913592
0.3244 0.072224 0.913416
0.3245 0.072419 0.913240
0.3246 0.072614 0.913065
0.3247 0.072809 0.912889
0.3248 0.073003 0.912713
0.3249 0.073198 0.912538
0.3250 0.073393 0.912362
0.3251 0.073606 0.912164
0.3252 0.073818 0.911967
0.3253 0.074031 0.911769
0.3254 0.074244 0.911572
0.3255 0.074457 0.911374
0.3256 0.074669 0.911176
0.3257 0.074882 0.910979
0.3258 0.075095 0.910781
0.3259 0.075307 0.910584
0.3260 0.075520 0.910386
0.3261 0.075754 0.910177
0.3262 0.075988 0.909967
0.3263 0.076222 0.909757
0.3264 0.076456 0.909548
0.3265 0.076690 0.909338
0.3266 0.076924 0.909128
0.3267 0.077158 0.908919
0.3268 0.077392 0.908709
0.3269 0.077626 0.908499
0.3270 0.077861 0.908290
0.3271 0.078102 0.908067
0.3272 0.078343 0.907844
0.3273 0.078585 0.907621
0.3274 0.078826 0.907398
0.3275 0.079068 0.907175
0.3276 0.079309 0.906951
0.3277 0.079550 0.906728
0.3278 0.079792 0.906505
0.3279 0.080033 0.906282
0.3280 0.080275 0.906059
0.3281 0.080521 0.905832
0.3282 0.080766 0.905605
0.3283 0.081012 0.905379
0.3284 0.081258 0.905152
0.3285 0.081504 0.904925
0.3286 0.081750 0.904698
0.3287 0.081996 0.904471
0.3288 0.082242 0.904244
0.3289 0.082488 0.904017
0.3290 0.082734 0.903790
0.3291 0.082978 0.903564
0.3292 0.083222 0.903337
0.3293 0.083466 0.903111
0.3294 0.083711 0.902884
0.3295 0.083955 0.902658
0.3296 0.084199 0.902431
0.3297 0.084443 0.902205
0.3298 0.084687 0.901978
0.3299 0.084931 0.901752
0.3300 0.085175 0.901525
0.3301 0.085407 0.901310
0.3302 0.085638 0.901094
0.3303 0.085869 0.900878
0.3304 0.086101 0.900662
0.3305 0.086332 0.900446
0.3306 0.086564 0.900230
0.3307 0.086795 0.900014
0.3308 0.087026 0.899798
0.3309 0.087258 0.899582
0.3310 0.087489 0.899367
0.3311 0.087706 0.899171
0.3312 0.087922 0.898975
0.3313 0.088138 0.898779
0.3314 0.088355 0.898584
0.3315 0.088571 0.898388
0.3316 0.088787 0.898192
0.3317 0.089004 0.897996
0.3318 0.089220 0.897801
0.3319 0.089436 0.897605
0.3320 0.089652 0.897409
0.3321 0.089845 0.897234
0.3322 0.090037 0.897060
0.3323 0.090230 0.896885
0.3324 0.090422 0.896710
0.3325 0.090614 0.896535
0.3326 0.090807 0.896360
0.3327 0.090999 0.896186
0.3328 0.091192 0.896011
0.3329 0.091384 0.895836
0.3330 0.091576 0.895661
0.3331 0.091737 0.895516
0.3332 0.091898 0.895370
0.3333 0.092059 0.895225
0.3334 0.092221 0.895079
0.3335 0.092382 0.894934
0.3336 0.092543 0.894788
0.3337 0.092704 0.894643
0.3338 0.092865 0.894497
0.3339 0.093026 0.894352
0.3340 0.093187 0.894206
0.3341 0.093315 0.894096
0.3342 0.093444 0.893986
0.3343 0.093573 0.893875
0.3344 0.093702 0.893765
0.3345 0.093830 0.893655
0.3346 0.093959 0.893545
0.3347 0.094088 0.893434
0.3348 0.094217 0.893324
0.3349 0.094346 0.893214
0.3350 0.094474 0.893103
0.3351 0.094559 0.893033
0.3352 0.094644 0.892963
0.3353 0.094729 0.892893
0.3354 0.094814 0.892822
0.3355 0.094898 0.892752
0.3356 0.094983 0.892682
0.3357 0.095068 0.892612
0.3358 0.095153 0.892541
0.3359 0.095238 0.892471
0.3360 0.095322 0.892401
0.3361 0.095366 0.892368
0.3362 0.095410 0.892335
0.3363 0.095454 0.892302
0.3364 0.095498 0.892269
0.3365 0.095541 0.892236
0.3366 0.095585 0.892203
0.3367 0.095629 0.892170
0.3368 0.095673 0.892137
0.3369 0.095717 0.892105
0.3370 0.095760 0.892072
0.3371 0.095762 0.892089
0.3372 0.095764 0.892107
0.3373 0.095765 0.892125
0.3374 0.095767 0.892143
0.3375 0.095769 0.892160
0.3376 0.095770 0.892178
0.3377 0.095772 0.892196
0.3378 0.095774 0.892214
0.3379 0.095776 0.892231
0.3380 0.095777 0.892249
0.3381 0.095731 0.892303
0.3382 0.095685 0.892357
0.3383 0.095639 0.892411
0.3384 0.095593 0.892465
0.3385 0.095547 0.892519
0.3386 0.095500 0.892573
0.3387 0.095454 0.892627
0.3388 0.095408 0.892681
0.3389 0.095362 0.892735
0.3390 0.095316 0.892790
0.3391 0.095233 0.892892
0.3392 0.095150 0.892994
0.3393 0.095067 0.893096
0.3394 0.094984 0.893198
0.3395 0.094901 0.893301
0.3396 0.094818 0.893403
0.3397 0.094734 0.893505
0.3398 0.094651 0.893607
0.3399 0.094568 0.893710
0.3400 0.094485 0.893812
0.3401 0.094354 0.893951
0.3402 0.094222 0.894091
0.3403 0.094091 0.894230
0.3404 0.093959 0.894370
0.3405 0.093828 0.894509
0.3406 0.093696 0.894649
0.3407 0.093565 0.894788
0.3408 0.093433 0.894928
0.3409 0.093301 0.895067
0.3410 0.093170 0.895207
0.3411 0.093010 0.895384
0.3412 0.092850 0.895562
0.3413 0.092690 0.895740
0.3414 0.092530 0.895918
0.3415 0.092370 0.896096
0.3416 0.092210 0.896274
0.3417 0.092050 0.896452
0.3418 0.091890 0.896630
0.3419 0.091730 0.896808
0.3420 0.091570 0.896986
0.3421 0.091371 0.897193
0.3422 0.091171 0.897400
0.3423 0.090972 0.897607
0.3424 0.090773 0.897814
0.3425 0.090573 0.898021
0.3426 0.090374 0.898229
0.3427 0.090175 0.898436
0.3428 0.089975 0.898643
0.3429 0.089776 0.898850
0.3430 0.089577 0.899057
0.3431 0.089354 0.899289
0.3432 0.089131 0.899521
0.3433 0.088909 0.899753
0.3434 0.088686 0.899985
0.3435 0.088464 0.900217
0.3436 0.088241 0.900448
0.3437 0.088019 0.900680
0.3438 0.087796 0.900912
0.3439 0.087574 0.901144
0.3440 0.087351 0.901376
0.3441 0.087112 0.901631
0.3442 0.086874 0.901885
0.3443 0.086635 0.902140
0.3444 0.086396 0.902395
0.3445 0.086157 0.902650
0.3446 0.085919 0.902904
0.3447 0.085680 0.903159
0.3448 0.085441 0.903414
0.3449 0.085203 0.903669
0.3450 0.084964 0.903923
0.3451 0.084711 0.904186
0.3452 0.084458 0.904448
0.3453 0.084206 0.904710
0.3454 0.083953 0.904973
0.3455 0.083700 0.905235
0.3456 0.083447 0.905497
0.3457 0.083195 0.905760
0.3458 0.082942 0.906022
0.3459 0.082689 0.906284
0.3460 0.082436 0.906547
0.3461 0.082181 0.906815
0.3462 0.081925 0.907083
0.3463 0.081669 0.907352
0.3464 0.081413 0.907620
0.3465 0.081157 0.907888
0.3466 0.080901 0.908156
0.3467 0.080645 0.908425
0.3468 0.080389 0.908693
0.3469 0.080133 0.908961
0.3470 0.079877 0.909230
0.3471 0.079627 0.909487
0.3472 0.079377 0.909745
0.3473 0.079128 0.910002
0.3474 0.078878 0.910260
0.3475 0.078628 0.910518
0.3476 0.078378 0.910775
0.3477 0.078128 0.911033
0.3478 0.077878 0.911290
0.3479 0.077628 0.911548
0.3480 0.077378 0.911805
0.3481 0.077137 0.912058
0.3482 0.076895 0.912311
0.3483 0.076653 0.912565
0.3484 0.076412 0.912818
0.3485 0.076170 0.913071
0.3486 0.075928 0.913324
0.3487 0.075687 0.913577
0.3488 0.075445 0.913830
0.3489 0.075203 0.914083
0.3490 0.074962 0.914336
0.3491 0.074743 0.914570
0.3492 0.074524 0.914804
0.3493 0.074306 0.915038
0.3494 0.074087 0.915272
0.3495 0.073868 0.915506
0.3496 0.073649 0.915740
0.3497 0.073431 0.915974
0.3498 0.073212 0.916208
0.3499 0.072993 0.916442
0.3500 0.072775 0.916676
0.3501 0.072592 0.916871
0.3502 0.072409 0.917067
0.3503 0.072226 0.917262
0.3504 0.072043 0.917457
0.3505 0.071860 0.917652
0.3506 0.071677 0.917848
0.3507 0.071494 0.918043
0.3508 0.071312 0.918238
0.3509 0.071129 0.918434
0.3510 0.070946 0.918629
0.3511 0.070788 0.918800
0.3512 0.070630 0.918972
0.3513 0.070473 0.919143
0.3514 0.070315 0.919314
0.3515 0.070158 0.919486
0.3516 0.070000 0.919657
0.3517 0.069842 0.919829
0.3518 0.069685 0.920000
0.3519 0.069527 0.920172
0.3520 0.069370 0.920343
0.3521 0.069246 0.920477
0.3522 0.069122 0.920612
0.3523 0.068999 0.920746
0.3524 0.068875 0.920880
0.3525 0.068752 0.921014
0.3526 0.068628 0.921149
0.3527 0.068504 0.921283
0.3528 0.068381 0.921417
0.3529 0.068257 0.921552
0.3530 0.068134 0.921686
0.3531 0.068046 0.921790
0.3532 0.067958 0.921894
0.3533 0.067871 0.921998
0.3534 0.067783 0.922103
0.3535 0.067696 0.922207
0.3536 0.067608 0.922311
0.3537 0.067520 0.922415
0.3538 0.067433 0.922519
0.3539 0.067345 0.922623
0.3540 0.067258 0.922728
0.3541 0.067206 0.922791
0.3542 0.067155 0.922855
0.3543 0.067104 0.922919
0.3544 0.067052 0.922983
0.3545 0.067001 0.923047
0.3546 0.066949 0.923111
0.3547 0.066898 0.923174
0.3548 0.066847 0.923238
0.3549 0.066795 0.923302
0.3550 0.066744 0.923366
0.3551 0.066736 0.923391
0.3552 0.066728 0.923417
0.3553 0.066720 0.923442
0.3554 0.066712 0.923468
0.3555 0.066704 0.923493
0.3556 0.066697 0.923519
0.3557 0.066689 0.923544
0.3558 0.066681 0.923569
0.3559 0.066673 0.923595
0.3560 0.066665 0.923620
0.3561 0.066701 0.923600
0.3562 0.066738 0.923579
0.3563 0.066774 0.923558
0.3564 0.066811 0.923538
0.3565 0.066847 0.923517
0.3566 0.066884 0.923496
0.3567 0.066920 0.923476
0.3568 0.066957 0.923455
0.3569 0.066993 0.923434
0.3570 0.067030 0.923414
0.3571 0.067105 0.923350
0.3572 0.067179 0.923286
0.3573 0.067254 0.923222
0.3574 0.067329 0.923158
0.3575 0.067403 0.923094
0.3576 0.067478 0.923031
0.3577 0.067553 0.922967
0.3578 0.067627 0.922903
0.3579 0.067702 0.922839
0.3580 0.067777 0.922775
0.3581 0.067895 0.922676
0.3582 0.068012 0.922577
0.3583 0.068130 0.922478
0.3584 0.068248 0.922379
0.3585 0.068366 0.922280
0.3586 0.068484 0.922181
0.3587 0.068601 0.922083
0.3588 0.068719 0.921984
0.3589 0.068837 0.921885
0.3590 0.068955 0.921786
0.3591 0.069116 0.921639
0.3592 0.069276 0.921492
0.3593 0.069437 0.921345
0.3594 0.069598 0.921198
0.3595 0.069759 0.921051
0.3596 0.069920 0.920904
0.3597 0.070080 0.920757
0.3598 0.070241 0.920610
0.3599 0.070402 0.920463
0.3600 0.070563 0.920316
0.3601 0.070760 0.920135
0.3602 0.070957 0.919955
0.3603 0.071154 0.919775
0.3604 0.071351 0.919595
0.3605 0.071548 0.919414
0.3606 0.071745 0.919234
0.3607 0.071942 0.919054
0.3608 0.072139 0.918874
0.3609 0.072336 0.918693
0.3610 0.072533 0.918513
0.3611 0.072766 0.918299
0.3612 0.072999 0.918086
0.3613 0.073232 0.917872
0.3614 0.073464 0.917659
0.3615 0.073697 0.917445
0.3616 0.073930 0.917231
0.3617 0.074163 0.917018
0.3618 0.074395 0.916804
0.3619 0.074628 0.916591
0.3620 0.074861 0.916377
0.3621 0.075127 0.916129
0.3622 0.075393 0.915881
0.3623 0.075660 0.915632
0.3624 0.075926 0.915384
0.3625 0.076192 0.915136
0.3626 0.076458 0.914888
0.3627 0.076725 0.914640
0.3628 0.076991 0.914392
0.3629 0.077257 0.914143
0.3630 0.077523 0.913895
0.3631 0.077814 0.913615
0.3632 0.078105 0.913336
0.3633 0.078395 0.913056
0.3634 0.078686 0.912776
0.3635 0.078976 0.912496
0.3636 0.079267 0.912217
0.3637 0.079557 0.911937
0.3638 0.079848 0.911657
0.3639 0.080138 0.911377
0.3640 0.080429 0.911097
0.3641 0.080751 0.910796
0.3642 0.081074 0.910495
0.3643 0.081397 0.910194
0.3644 0.081719 0.909893
0.3645 0.082042 0.909592
0.3646 0.082364 0.909291
0.3647 0.082687 0.908990
0.3648 0.083009 0.908689
0.3649 0.083332 0.908388
0.3650 0.083654 0.908087
0.3651 0.083988 0.907767
0.3652 0.084321 0.907446
0.3653 0.084655 0.907126
0.3654 0.084988 0.906805
0.3655 0.085321 0.906485
0.3656 0.085655 0.906164
0.3657 0.085988 0.905844
0.3658 0.086321 0.905523
0.3659 0.086655 0.905203
0.3660 0.086988 0.904883
0.3661 0.087339 0.904549
0.3662 0.087691 0.904216
0.3663 0.088043 0.903883
0.3664 0.088394 0.903550
0.3665 0.088746 0.903217
0.3666 0.089097 0.902883
0.3667 0.089449 0.902550
0.3668 0.089800 0.902217
0.3669 0.090152 0.901884
0.3670 0.090503 0.901551
0.3671 0.090865 0.901208
0.3672 0.091227 0.900865
0.3673 0.091589 0.900522
0.3674 0.091951 0.900179
0.3675 0.092314 0.899836
0.3676 0.092676 0.899493
0.3677 0.093038 0.899149
0.3678 0.093400 0.898806
0.3679 0.093762 0.898463
0.3680 0.094124 0.898120
0.3681 0.094489 0.897774
0.3682 0.094855 0.897428
0.3683 0.095220 0.897082
0.3684 0.095586 0.896735
0.3685 0.095951 0.896389
0.3686 0.096317 0.896043
0.3687 0.096682 0.895697
0.3688 0.097048 0.895351
0.3689 0.097413 0.895004
0.3690 0.097779 0.894658
0.3691 0.098135 0.894315
0.3692 0.098490 0.893973
0.3693 0.098846 0.893630
0.3694 0.099202 0.893287
0.3695 0.099558 0.892944
0.3696 0.099914 0.892602
0.3697 0.100269 0.892259
0.3698 0.100625 0.891916
0.3699 0.100981 0.891573
0.3700 0.101337 0.891231
0.3701 0.101689 0.890896
0.3702 0.102040 0.890562
0.3703 0.102392 0.890228
0.3704 0.102743 0.889894
0.3705 0.103095 0.889560
0.3706 0.103447 0.889226
0.3707 0.103798 0.888892
0.3708 0.104150 0.888558
0.3709 0.104502 0.888224
0.3710 0.104853 0.887890
0.3711 0.105189 0.887566
0.3712 0.105524 0.887243
0.3713 0.105859 0.886920
0.3714 0.106195 0.886597
0.3715 0.106530 0.886274
0.3716 0.106866 0.885951
0.3717 0.107201 0.885628
0.3718 0.107537 0.885305
0.3719 0.107872 0.884982
0.3720 0.108207 0.884659
0.3721 0.108527 0.884359
0.3722 0.108846 0.884060
0.3723 0.109165 0.883761
0.3724 0.109484 0.883462
0.3725 0.109804 0.883162
0.3726 0.110123 0.882863
0.3727 0.110442 0.882564
0.3728 0.110762 0.882264
0.3729 0.111081 0.881965
0.3730 0.111400 0.881666
0.3731 0.111691 0.881388
0.3732 0.111981 0.881109
0.3733 0.112271 0.880831
0.3734 0.112562 0.880553
0.3735 0.112852 0.880275
0.3736 0.113143 0.879997
0.3737 0.113433 0.879718
0.3738 0.113724 0.879440
0.3739 0.114014 0.879162
0.3740 0.114305 0.878884
0.3741 0.114571 0.878636
0.3742 0.114838 0.878388
0.3743 0.115105 0.878139
0.3744 0.115371 0.877891
0.3745 0.115638 0.877643
0.3746 0.115905 0.877395
0.3747 0.116171 0.877147
0.3748 0.116438 0.876899
0.3749 0.116705 0.876651
0.3750 0.116971 0.876403
0.3751 0.117201 0.876181
0.3752 0.117430 0.875960
0.3753 0.117659 0.875739
0.3754 0.117889 0.875517
0.3755 0.118118 0.875296
0.3756 0.118347 0.875074
0.3757 0.118577 0.874853
0.3758 0.118806 0.874631
0.3759 0.119035 0.874410
0.3760 0.119264 0.874189
0.3761 0.119460 0.874010
0.3762 0.119656 0.873832
0.3763 0.119852 0.873654
0.3764 0.120048 0.873476
0.3765 0.120243 0.873297
0.3766 0.120439 0.873119
0.3767 0.120635 0.872941
0.3768 0.120831 0.872763
0.3769 0.121026 0.872584
0.3770 0.121222 0.872406
0.3771 0.121377 0.872262
0.3772 0.121533 0.872118
0.3773 0.121688 0.871973
0.3774 0.121843 0.871829
0.3775 0.121998 0.871685
0.3776 0.122154 0.871540
0.3777 0.122309 0.871396
0.3778 0.122464 0.871252
0.3779 0.122619 0.871108
0.3780 0.122775 0.870963
0.3781 0.122896 0.870859
0.3782 0.123017 0.870754
0.3783 0.123138 0.870649
0.3784 0.123259 0.870544
0.3785 0.123380 0.870439
0.3786 0.123501 0.870335
0.3787 0.123622 0.870230
0.3788 0.123743 0.870125
0.3789 0.123865 0.870020
0.3790 0.123986 0.869916
0.3791 0.124062 0.869855
0.3792 0.124138 0.869794
0.3793 0.124214 0.869733
0.3794 0.124290 0.869672
0.3795 0.124366 0.869611
0.3796 0.124442 0.869550
0.3797 0.124518 0.869489
0.3798 0.124594 0.869429
0.3799 0.124671 0.869368
0.3800 0.124747 0.869307
0.3801 0.124775 0.869283
0.3802 0.124804 0.869259
0.3803 0.124833 0.869235
0.3804 0.124862 0.869212
0.3805 0.124890 0.869188
0.3806 0.124919 0.869164
0.3807 0.124948 0.869140
0.3808 0.124977 0.869116
0.3809 0.125005 0.869092
0.3810 0.125034 0.869069
0.3811 0.125024 0.869091
0.3812 0.125014 0.869113
0.3813 0.125004 0.869135
0.3814 0.124995 0.869157
0.3815 0.124985 0.869179
0.3816 0.124975 0.869201
0.3817 0.124965 0.869224
0.3818 0.124955 0.869246
0.3819 0.124945 0.869268
0.3820 0.124935 0.869290
0.3821 0.124884 0.869359
0.3822 0.124833 0.869428
0.3823 0.124783 0.869496
0.3824 0.124732 0.869565
0.3825 0.124681 0.869634
0.3826 0.124630 0.869703
0.3827 0.124579 0.869772
0.3828 0.124528 0.869840
0.3829 0.124477 0.869909
0.3830 0.124426 0.869978
0.3831 0.124332 0.870079
0.3832 0.124238 0.870180
0.3833 0.124145 0.870281
0.3834 0.124051 0.870381
0.3835 0.123957 0.870482
0.3836 0.123863 0.870583
0.3837 0.123769 0.870684
0.3838 0.123676 0.870784
0.3839 0.123582 0.870885
0.3840 0.123488 0.870986
0.3841 0.123354 0.871129
0.3842 0.123220 0.871272
0.3843 0.123087 0.871416
0.3844 0.122953 0.871559
0.3845 0.122819 0.871702
0.3846 0.122686 0.871845
0.3847 0.122552 0.871988
0.3848 0.122418 0.872131
0.3849 0.122284 0.872275
0.3850 0.122151 0.872418
0.3851 0.121979 0.872601
0.3852 0.121807 0.872784
0.3853 0.121635 0.872968
0.3854 0.121464 0.873151
0.3855 0.121292 0.873334
0.3856 0.121120 0.873518
0.3857 0.120948 0.873701
0.3858 0.120776 0.873884
0.3859 0.120605 0.874067
0.3860 0.120433 0.874251
0.3861 0.120229 0.874464
0.3862 0.120026 0.874677
0.3863 0.119822 0.874890
0.3864 0.119618 0.875103
0.3865 0.119415 0.875316
0.3866 0.119211 0.875529
0.3867 0.119008 0.875742
0.3868 0.118804 0.875955
0.3869 0.118601 0.876168
0.3870 0.118397 0.876381
0.3871 0.118160 0.876632
0.3872 0.117922 0.876883
0.3873 0.117685 0.877134
0.3874 0.117447 0.877386
0.3875 0.117210 0.877637
0.3876 0.116972 0.877888
0.3877 0.116735 0.878139
0.3878 0.116497 0.878390
0.3879 0.116260 0.878642
0.3880 0.116022 0.878893
0.3881 0.115757 0.879169
0.3882 0.115491 0.879444
0.3883 0.115225 0.879720
0.3884 0.114959 0.879996
0.3885 0.114693 0.880272
0.3886 0.114427 0.880548
0.3887 0.114162 0.880824
0.3888 0.113896 0.881099
0.3889 0.113630 0.881375
0.3890 0.113364 0.881651
0.3891 0.113076 0.881948
0.3892 0.112788 0.882245
0.3893 0.112500 0.882541
0.3894 0.112212 0.882838
0.3895 0.111924 0.883135
0.3896 0.111635 0.883432
0.3897 0.111347 0.883728
0.3898 0.111059 0.884025
0.3899 0.110771 0.884322
0.3900 0.110483 0.884619
0.3901 0.110169 0.884943
0.3902 0.109854 0.885267
0.3903 0.109540 0.885592
0.3904 0.109225 0.885916
0.3905 0.108911 0.886241
0.3906 0.108597 0.886565
0.3907 0.108282 0.886890
0.3908 0.107968 0.887214
0.3909 0.107653 0.887538
0.3910 0.107339 0.887863
0.3911 0.107015 0.888197
0.3912 0.106691 0.888531
0.3913 0.106366 0.888865
0.3914 0.106042 0.889199
0.3915 0.105718 0.889533
0.3916 0.105394 0.889868
0.3917 0.105070 0.890202
0.3918 0.104746 0.890536
0.3919 0.104422 0.890870
0.3920 0.104097 0.891204
0.3921 0.103759 0.891553
0.3922 0.103421 0.891903
0.3923 0.103083 0.892252
0.3924 0.102744 0.892601
0.3925 0.102406 0.892950
0.3926 0.102068 0.893299
0.3927 0.101729 0.893648
0.3928 0.101391 0.893998
0.3929 0.101053 0.894347
0.3930 0.100715 0.894696
0.3931 0.100366 0.895055
0.3932 0.100017 0.895413
0.3933 0.099668 0.895772
0.3934 0.099319 0.896130
0.3935 0.098971 0.896489
0.3936 0.098622 0.896847
0.3937 0.098273 0.897206
0.3938 0.097924 0.897564
0.3939 0.097576 0.897923
0.3940 0.097227 0.898281
0.3941 0.096877 0.898642
0.3942 0.096527 0.899003
0.3943 0.096177 0.899364
0.3944 0.095827 0.899725
0.3945 0.095478 0.900086
0.3946 0.095128 0.900447
0.3947 0.094778 0.900807
0.3948 0.094428 0.901168
0.3949 0.094078 0.901529
0.3950 0.093728 0.901890
0.3951 0.093377 0.902255
0.3952 0.093026 0.902620
0.3953 0.092674 0.902985
0.3954 0.092323 0.903350
0.3955 0.091972 0.903715
0.3956 0.091621 0.904080
0.3957 0.091269 0.904445
0.3958 0.090918 0.904810
0.3959 0.090567 0.905175
0.3960 0.090216 0.905540
0.3961 0.089866 0.905899
0.3962 0.089517 0.906258
0.3963 0.089167 0.906616
0.3964 0.088817 0.906975
0.3965 0.088468 0.907333
0.3966 0.088118 0.907692
0.3967 0.087769 0.908050
0.3968 0.087419 0.908409
0.3969 0.087070 0.908768
0.3970 0.086720 0.909126
0.3971 0.086378 0.909477
0.3972 0.086036 0.909828
0.3973 0.085693 0.910178
0.3974 0.085351 0.910529
0.3975 0.085009 0.910880
0.3976 0.084666 0.911231
0.3977 0.084324 0.911582
0.3978 0.083982 0.911932
0.3979 0.083639 0.912283
0.3980 0.083297 0.912634
0.3981 0.082967 0.912973
0.3982 0.082637 0.913312
0.3983 0.082306 0.913651
0.3984 0.081976 0.913990
0.3985 0.081646 0.914329
0.3986 0.081315 0.914668
0.3987 0.080985 0.915007
0.3988 0.080655 0.915346
0.3989 0.080324 0.915685
0.3990 0.079994 0.916024
0.3991 0.079681 0.916347
0.3992 0.079369 0.916671
0.3993 0.079056 0.916995
0.3994 0.078743 0.917319
0.3995 0.078431 0.917643
0.3996 0.078118 0.917967
0.3997 0.077805 0.918291
0.3998 0.077493 0.918615
0.3999 0.077180 0.918939
0.4000 0.076867 0.919263
0.4001 0.076560 0.919569
0.4002 0.076253 0.919874
0.4003 0.075946 0.920179
0.4004 0.075640 0.920485
0.4005 0.075333 0.920790
0.4006 0.075026 0.921095
0.4007 0.074719 0.921401
0.4008 0.074412 0.921706
0.4009 0.074105 0.922011
0.4010 0.073798 0.922317
0.4011 0.073515 0.922600
0.4012 0.073231 0.922882
0.4013 0.072948 0.923165
0.4014 0.072664 0.923448
0.4015 0.072381 0.923730
0.4016 0.072098 0.924013
0.4017 0.071814 0.924296
0.4018 0.071531 0.924579
0.4019 0.071247 0.924861
0.4020 0.070964 0.925144
0.4021 0.070703 0.925409
0.4022 0.070442 0.925673
0.4023 0.070182 0.925938
0.4024 0.069921 0.926203
0.4025 0.069660 0.926467
0.4026 0.069400 0.926732
0.4027 0.069139 0.926996
0.4028 0.068878 0.927261
0.4029 0.068617 0.927526
0.4030 0.068357 0.927790
0.4031 0.068121 0.928026
0.4032 0.067885 0.928262
0.4033 0.067649 0.928498
0.4034 0.067413 0.928733
0.4035 0.067177 0.928969
0.4036 0.066941 0.929205
0.4037 0.066705 0.929441
0.4038 0.066469 0.929677
0.4039 0.066233 0.929912
0.4040 0.065998 0.930148
0.4041 0.065791 0.930358
0.4042 0.065585 0.930568
0.4043 0.065379 0.930778
0.4044 0.065173 0.930988
0.4045 0.064967 0.931198
0.4046 0.064761 0.931407
0.4047 0.064554 0.931617
0.4048 0.064348 0.931827
0.4049 0.064142 0.932037
0.4050 0.063936 0.932247
0.4051 0.063756 0.932427
0.4052 0.063576 0.932607
0.4053 0.063396 0.932787
0.4054 0.063216 0.932967
0.4055 0.063035 0.933147
0.4056 0.062855 0.933327
0.4057 0.062675 0.933507
0.4058 0.062495 0.933687
0.4059 0.062315 0.933867
0.4060 0.062135 0.934047
0.4061 0.061983 0.934200
0.4062 0.061831 0.934352
0.4063 0.061680 0.934505
0.4064 0.061528 0.934658
0.4065 0.061376 0.934810
0.4066 0.061224 0.934963
0.4067 0.061073 0.935115
0.4068 0.060921 0.935268
0.4069 0.060769 0.935420
0.4070 0.060617 0.935573
0.4071 0.060496 0.935696
0.4072 0.060375 0.935819
0.4073 0.060254 0.935943
0.4074 0.060133 0.936066
0.4075 0.060012 0.936189
0.4076 0.059891 0.936312
0.4077 0.059770 0.936436
0.4078 0.059649 0.936559
0.4079 0.059528 0.936682
0.4080 0.059407 0.936805
0.4081 0.059317 0.936902
0.4082 0.059226 0.936998
0.4083 0.059135 0.937094
0.4084 0.059044 0.937191
0.4085 0.058953 0.937287
0.4086 0.058862 0.937383
0.4087 0.058772 0.937480
0.4088 0.058681 0.937576
0.4089 0.058590 0.937673
0.4090 0.058499 0.937769
0.4091 0.058438 0.937833
0.4092 0.058376 0.937896
0.4093 0.058315 0.937960
0.4094 0.058253 0.938024
0.4095 0.058192 0.938087
0.4096 0.058130 0.938151
0.4097 0.058069 0.938215
0.4098 0.058007 0.938278
0.4099 0.057946 0.938342
0.4100 0.057885 0.938406
0.4101 0.057849 0.938441
0.4102 0.057813 0.938476
0.4103 0.057777 0.938510
0.4104 0.057741 0.938545
0.4105 0.057705 0.938580
0.4106 0.057669 0.938615
0.4107 0.057634 0.938650
0.4108 0.057598 0.938685
0.4109 0.057562 0.938720
0.4110 0.057526 0.938755
0.4111 0.057519 0.938760
0.4112 0.057512 0.938765
0.4113 0.057506 0.938770
0.4114 0.057499 0.938776
0.4115 0.057492 0.938781
0.4116 0.057485 0.938786
0.4117 0.057479 0.938791
0.4118 0.057472 0.938797
0.4119 0.057465 0.938802
0.4120 0.057458 0.938807
0.4121 0.057480 0.938791
0.4122 0.057501 0.938775
0.4123 0.057523 0.938758
0.4124 0.057545 0.938742
0.4125 0.057566 0.938726
0.4126 0.057588 0.938709
0.4127 0.057610 0.938693
0.4128 0.057631 0.938677
0.4129 0.057653 0.938660
0.4130 0.057674 0.938644
0.4131 0.057722 0.938600
0.4132 0.057770 0.938556
0.4133 0.057817 0.938513
0.4134 0.057865 0.938469
0.4135 0.057913 0.938425
0.4136 0.057960 0.938381
0.4137 0.058008 0.938337
0.4138 0.058055 0.938294
0.4139 0.058103 0.938250
0.4140 0.058151 0.938206
0.4141 0.058222 0.938137
0.4142 0.058294 0.938067
0.4143 0.058366 0.937998
0.4144 0.058437 0.937929
0.4145 0.058509 0.937859
0.4146 0.058580 0.937790
0.4147 0.058652 0.937720
0.4148 0.058724 0.937651
0.4149 0.058795 0.937582
0.4150 0.058867 0.937512
0.4151 0.058959 0.937421
0.4152 0.059051 0.937330
0.4153 0.059143 0.937239
0.4154 0.059235 0.937148
0.4155 0.059327 0.937056
0.4156 0.059419 0.936965
0.4157 0.059511 0.936874
0.4158 0.059603 0.936783
0.4159 0.059694 0.936692
0.4160 0.059786 0.936601
0.4161 0.059899 0.936491
0.4162 0.060012 0.936381
0.4163 0.060125 0.936271
0.4164 0.060238 0.936161
0.4165 0.060351 0.936051
0.4166 0.060464 0.935941
0.4167 0.060577 0.935831
0.4168 0.060690 0.935721
0.4169 0.060803 0.935611
0.4170 0.060916 0.935501
0.4171 0.061044 0.935375
0.4172 0.061172 0.935249
0.4173 0.061300 0.935124
0.4174 0.061428 0.934998
0.4175 0.061556 0.934872
0.4176 0.061684 0.934746
0.4177 0.061813 0.934620
0.4178 0.061941 0.934495
0.4179 0.062069 0.934369
0.4180 0.062197 0.934243
0.4181 0.062345 0.934101
0.4182 0.062493 0.933959
0.4183 0.062641 0.933817
0.4184 0.062789 0.933675
0.4185 0.062937 0.933533
0.4186 0.063085 0.933391
0.4187 0.063233 0.933250
0.4188 0.063381 0.933108
0.4189 0.063529 0.932966
0.4190 0.063677 0.932824
0.4191 0.063832 0.932668
0.4192 0.063988 0.932513
0.4193 0.064143 0.932357
0.4194 0.064299 0.932201
0.4195 0.064454 0.932046
0.4196 0.064610 0.931890
0.4197 0.064765 0.931735
0.4198 0.064921 0.931579
0.4199 0.065077 0.931424
0.4200 0.065232 0.931268
0.4201 0.065402 0.931105
0.4202 0.065573 0.930941
0.4203 0.065743 0.930778
0.4204 0.065913 0.930615
0.4205 0.066084 0.930451
0.4206 0.066254 0.930288
0.4207 0.066425 0.930125
0.4208 0.066595 0.929961
0.4209 0.066765 0.929798
0.4210 0.066936 0.929635
0.4211 0.067111 0.929459
0.4212 0.067285 0.929283
0.4213 0.067460 0.929108
0.4214 0.067635 0.928932
0.4215 0.067810 0.928757
0.4216 0.067985 0.928581
0.4217 0.068160 0.928405
0.4218 0.068334 0.928230
0.4219 0.068509 0.928054
0.4220 0.068684 0.927879
0.4221 0.068867 0.927697
0.4222 0.069050 0.927516
0.4223 0.069233 0.927335
0.4224 0.069415 0.927153
0.4225 0.069598 0.926972
0.4226 0.069781 0.926791
0.4227 0.069964 0.926609
0.4228 0.070147 0.926428
0.4229 0.070330 0.926246
0.4230 0.070512 0.926065
0.4231 0.070698 0.925883
0.4232 0.070883 0.925701
0.4233 0.071068 0.925518
0.4234 0.071254 0.925336
0.4235 0.071439 0.925154
0.4236 0.071624 0.924972
0.4237 0.071809 0.924789
0.4238 0.071995 0.924607
0.4239 0.072180 0.924425
0.4240 0.072365 0.924243
0.4241 0.072550 0.924064
0.4242 0.072734 0.923884
0.4243 0.072919 0.923705
0.4244 0.073103 0.923526
0.4245 0.073288 0.923347
0.4246 0.073472 0.923167
0.4247 0.073657 0.922988
0.4248 0.073841 0.922809
0.4249 0.074026 0.922630
0.4250 0.074210 0.922450
0.4251 0.074395 0.922269
0.4252 0.074579 0.922087
0.4253 0.074763 0.921905
0.4254 0.074947 0.921723
0.4255 0.075131 0.921541
0.4256 0.075315 0.921359
0.4257 0.075500 0.921177
0.4258 0.075684 0.920995
0.4259 0.075868 0.920813
0.4260 0.076052 0.920631
0.4261 0.076229 0.920454
0.4262 0.076406 0.920278
0.4263 0.076583 0.920101
0.4264 0.076759 0.919924
0.4265 0.076936 0.919747
0.4266 0.077113 0.919570
0.4267 0.077290 0.919394
0.4268 0.077466 0.919217
0.4269 0.077643 0.919040
0.4270 0.077820 0.918863
0.4271 0.077995 0.918692
0.4272 0.078169 0.918520
0.4273 0.078344 0.918349
0.4274 0.078518 0.918177
0.4275 0.078693 0.918006
0.4276 0.078867 0.917834
0.4277 0.079042 0.917663
0.4278 0.079216 0.917491
0.4279 0.079391 0.917320
0.4280 0.079565 0.917148
0.4281 0.079731 0.916983
0.4282 0.079897 0.916819
0.4283 0.080063 0.916654
0.4284 0.080228 0.916489
0.4285 0.080394 0.916325
0.4286 0.080560 0.916160
0.4287 0.080725 0.915995
0.4288 0.080891 0.915831
0.4289 0.081057 0.915666
0.4290 0.081222 0.915501
0.4291 0.081380 0.915346
0.4292 0.081538 0.915192
0.4293 0.081696 0.915037
0.4294 0.081854 0.914882
0.4295 0.082012 0.914727
0.4296 0.082170 0.914572
0.4297 0.082327 0.914417
0.4298 0.082485 0.914262
0.4299 0.082643 0.914107
0.4300 0.082801 0.913953
0.4301 0.082949 0.913808
0.4302 0.083097 0.913663
0.4303 0.083245 0.913518
0.4304 0.083393 0.913373
0.4305 0.083541 0.913229
0.4306 0.083689 0.913084
0.4307 0.083837 0.912939
0.4308 0.083985 0.912794
0.4309 0.084133 0.912649
0.4310 0.084281 0.912504
0.4311 0.084412 0.912373
0.4312 0.084543 0.912241
0.4313 0.084674 0.912109
0.4314 0.084805 0.911977
0.4315 0.084936 0.911845
0.4316 0.085067 0.911713
0.4317 0.085198 0.911581
0.4318 0.085329 0.911449
0.4319 0.085460 0.911317
0.4320 0.085591 0.911185
0.4321 0.085715 0.911063
0.4322 0.085838 0.910942
0.4323 0.085961 0.910820
0.4324 0.086085 0.910698
0.4325 0.086208 0.910576
0.4326 0.086332 0.910455
0.4327 0.086455 0.910333
0.4328 0.086579 0.910211
0.4329 0.086702 0.910089
0.4330 0.086826 0.909967
0.4331 0.086932 0.909864
0.4332 0.087038 0.909761
0.4333 0.087144 0.909658
0.4334 0.087250 0.909555
0.4335 0.087357 0.909451
0.4336 0.087463 0.909348
0.4337 0.087569 0.909245
0.4338 0.087675 0.909142
0.4339 0.087781 0.909039
0.4340 0.087888 0.908936
0.4341 0.087980 0.908848
0.4342 0.088072 0.908760
0.4343 0.088164 0.908673
0.4344 0.088256 0.908585
0.4345 0.088349 0.908497
0.4346 0.088441 0.908410
0.4347 0.088533 0.908322
0.4348 0.088625 0.908235
0.4349 0.088718 0.908147
0.4350 0.088810 0.908059
0.4351 0.088885 0.907986
0.4352 0.088960 0.907912
0.4353 0.089035 0.907839
0.4354 0.089110 0.907765
0.4355 0.089186 0.907692
0.4356 0.089261 0.907618
0.4357 0.089336 0.907545
0.4358 0.089411 0.907472
0.4359 0.089486 0.907398
0.4360 0.089561 0.907325
0.4361 0.089622 0.907269
0.4362 0.089683 0.907214
0.4363 0.089743 0.907158
0.4364 0.089804 0.907103
0.4365 0.089865 0.907047
0.4366 0.089926 0.906992
0.4367 0.089986 0.906936
0.4368 0.090047 0.906881
0.4369 0.090108 0.906825
0.4370 0.090169 0.906770
0.4371 0.090210 0.906726
0.4372 0.090251 0.906682
0.4373 0.090292 0.906638
0.4374 0.090333 0.906594
0.4375 0.090374 0.906549
0.4376 0.090415 0.906505
0.4377 0.090456 0.906461
0.4378 0.090497 0.906417
0.4379 0.090538 0.906373
0.4380 0.090579 0.906329
0.4381 0.090607 0.906302
0.4382 0.090636 0.906274
0.4383 0.090664 0.906247
0.4384 0.090693 0.906219
0.4385 0.090721 0.906192
0.4386 0.090749 0.906164
0.4387 0.090778 0.906137
0.4388 0.090806 0.906110
0.4389 0.090835 0.906082
0.4390 0.090863 0.906055
0.4391 0.090871 0.906051
0.4392 0.090879 0.906046
0.4393 0.090887 0.906042
0.4394 0.090895 0.906038
0.4395 0.090902 0.906034
0.4396 0.090910 0.906030
0.4397 0.090918 0.906026
0.4398 0.090926 0.906022
0.4399 0.090934 0.906018
0.4400 0.090942 0.906014
0.4401 0.090939 0.906016
0.4402 0.090937 0.906018
0.4403 0.090935 0.906021
0.4404 0.090932 0.906023
0.4405 0.090930 0.906025
0.4406 0.090928 0.906028
0.4407 0.090925 0.906030
0.4408 0.090923 0.906032
0.4409 0.090921 0.906035
0.4410 0.090918 0.906037
0.4411 0.090901 0.906058
0.4412 0.090883 0.906078
0.4413 0.090866 0.906099
0.4414 0.090848 0.906119
0.4415 0.090831 0.906140
0.4416 0.090813 0.906160
0.4417 0.090796 0.906181
0.4418 0.090778 0.906201
0.4419 0.090761 0.906222
0.4420 0.090743 0.906242
0.4421 0.090709 0.906280
0.4422 0.090674 0.906318
0.4423 0.090640 0.906355
0.4424 0.090606 0.906393
0.4425 0.090571 0.906430
0.4426 0.090537 0.906468
0.4427 0.090502 0.906505
0.4428 0.090468 0.906543
0.4429 0.090434 0.906581
0.4430 0.090399 0.906618
0.4431 0.090350 0.906667
0.4432 0.090301 0.906717
0.4433 0.090252 0.906766
0.4434 0.090202 0.906815
0.4435 0.090153 0.906864
0.4436 0.090104 0.906913
0.4437 0.090055 0.906963
0.4438 0.090006 0.907012
0.4439 0.089956 0.907061
0.4440 0.089907 0.907110
0.4441 0.089845 0.907176
0.4442 0.089783 0.907241
0.4443 0.089721 0.907307
0.4444 0.089658 0.907372
0.4445 0.089596 0.907437
0.4446 0.089534 0.907503
0.4447 0.089472 0.907568
0.4448 0.089409 0.907634
0.4449 0.089347 0.907699
0.4450 0.089285 0.907765
0.4451 0.089208 0.907838
0.4452 0.089130 0.907911
0.4453 0.089053 0.907985
0.4454 0.088976 0.908058
0.4455 0.088899 0.908131
0.4456 0.088822 0.908204
0.4457 0.088744 0.908278
0.4458 0.088667 0.908351
0.4459 0.088590 0.908424
0.4460 0.088513 0.908498
0.4461 0.088429 0.908584
0.4462 0.088344 0.908670
0.4463 0.088260 0.908755
0.4464 0.088176 0.908841
0.4465 0.088091 0.908927
0.4466 0.088007 0.909013
0.4467 0.087923 0.909099
0.4468 0.087839 0.909185
0.4469 0.087754 0.909271
0.4470 0.087670 0.909357
0.4471 0.087575 0.909458
0.4472 0.087479 0.909558
0.4473 0.087384 0.909659
0.4474 0.087289 0.909759
0.4475 0.087194 0.909860
0.4476 0.087098 0.909961
0.4477 0.087003 0.910061
0.4478 0.086908 0.910162
0.4479 0.086812 0.910263
0.4480 0.086717 0.910363
0.4481 0.086610 0.910468
0.4482 0.086502 0.910573
0.4483 0.086395 0.910678
0.4484 0.086288 0.910783
0.4485 0.086181 0.910888
0.4486 0.086073 0.910993
0.4487 0.085966 0.911097
0.4488 0.085859 0.911202
0.4489 0.085752 0.911307
0.4490 0.085644 0.911412
0.4491 0.085529 0.911531
0.4492 0.085413 0.911650
0.4493 0.085297 0.911769
0.4494 0.085181 0.911888
0.4495 0.085065 0.912007
0.4496 0.084949 0.912126
0.4497 0.084833 0.912245
0.4498 0.084717 0.912364
0.4499 0.084601 0.912483
0.4500 0.084485 0.912602
0.4501 0.084360 0.912727
0.4502 0.084236 0.912852
0.4503 0.084111 0.912977
0.4504 0.083986 0.913102
0.4505 0.083862 0.913227
0.4506 0.083737 0.913352
0.4507 0.083612 0.913477
0.4508 0.083488 0.913601
0.4509 0.083363 0.913726
0.4510 0.083238 0.913851
0.4511 0.083109 0.913984
0.4512 0.082980 0.914117
0.4513 0.082851 0.914250
0.4514 0.082722 0.914383
0.4515 0.082593 0.914516
0.4516 0.082464 0.914648
0.4517 0.082335 0.914781
0.4518 0.082206 0.914914
0.4519 0.082076 0.915047
0.4520 0.081947 0.915180
0.4521 0.081811 0.915315
0.4522 0.081675 0.915451
0.4523 0.081539 0.915586
0.4524 0.081402 0.915722
0.4525 0.081266 0.915857
0.4526 0.081130 0.915993
0.4527 0.080994 0.916128
0.4528 0.080857 0.916264
0.4529 0.080721 0.916399
0.4530 0.080585 0.916534
0.4531 0.080446 0.916677
0.4532 0.080307 0.916819
0.4533 0.080167 0.916961
0.4534 0.080028 0.917103
0.4535 0.079889 0.917246
0.4536 0.079750 0.917388
0.4537 0.079611 0.917530
0.4538 0.079472 0.917672
0.4539 0.079333 0.917814
0.4540 0.079193 0.917957
0.4541 0.079047 0.918098
0.4542 0.078901 0.918240
0.4543 0.078754 0.918382
0.4544 0.078608 0.918524
0.4545 0.078461 0.918665
0.4546 0.078315 0.918807
0.4547 0.078169 0.918949
0.4548 0.078022 0.919091
0.4549 0.077876 0.919233
0.4550 0.077730 0.919374
0.4551 0.077587 0.919521
0.4552 0.077445 0.919668
0.4553 0.077303 0.919815
0.4554 0.077161 0.919961
0.4555 0.077019 0.920108
0.4556 0.076876 0.920255
0.4557 0.076734 0.920402
0.4558 0.076592 0.920548
0.4559 0.076450 0.920695
0.4560 0.076308 0.920842
0.4561 0.076164 0.920988
0.4562 0.076020 0.921133
0.4563 0.075875 0.921279
0.4564 0.075731 0.921425
0.4565 0.075587 0.921571
0.4566 0.075443 0.921717
0.4567 0.075299 0.921862
0.4568 0.075155 0.922008
0.4569 0.075011 0.922154
0.4570 0.074867 0.922300
0.4571 0.074721 0.922441
0.4572 0.074576 0.922583
0.4573 0.074430 0.922724
0.4574 0.074285 0.922866
0.4575 0.074140 0.923007
0.4576 0.073994 0.923148
0.4577 0.073849 0.923290
0.4578 0.073703 0.923431
0.4579 0.073558 0.923573
0.4580 0.073412 0.923714
0.4581 0.073268 0.923862
0.4582 0.073124 0.924011
0.4583 0.072980 0.924159
0.4584 0.072836 0.924307
0.4585 0.072692 0.924455
0.4586 0.072548 0.924603
0.4587 0.072403 0.924751
0.4588 0.072259 0.924899
0.4589 0.072115 0.925047
0.4590 0.071971 0.925195
0.4591 0.071831 0.925339
0.4592 0.071691 0.925482
0.4593 0.071551 0.925625
0.4594 0.071410 0.925768
0.4595 0.071270 0.925911
0.4596 0.071130 0.926055
0.4597 0.070990 0.926198
0.4598 0.070850 0.926341
0.4599 0.070710 0.926484
0.4600 0.070569 0.926627
0.4601 0.070432 0.926765
0.4602 0.070295 0.926902
0.4603 0.070158 0.927039
0.4604 0.070020 0.927176
0.4605 0.069883 0.927314
0.4606 0.069746 0.927451
0.4607 0.069609 0.927588
0.4608 0.069471 0.927725
0.4609 0.069334 0.927863
0.4610 0.069197 0.928000
0.4611 0.069062 0.928137
0.4612 0.068927 0.928274
0.4613 0.068793 0.928411
0.4614 0.068658 0.928548
0.4615 0.068523 0.928685
0.4616 0.068388 0.928822
0.4617 0.068254 0.928959
0.4618 0.068119 0.929096
0.4619 0.067984 0.929233
0.4620 0.067850 0.929370
0.4621 0.067723 0.929503
0.4622 0.067596 0.929635
0.4623 0.067469 0.929768
0.4624 0.067343 0.929901
0.4625 0.067216 0.930034
0.4626 0.067089 0.930166
0.4627 0.066963 0.930299
0.4628 0.066836 0.930432
0.4629 0.066709 0.930565
0.4630 0.066583 0.930698
0.4631 0.066454 0.930819
0.4632 0.066326 0.930941
0.4633 0.066198 0.931062
0.4634 0.066070 0.931184
0.4635 0.065941 0.931305
0.4636 0.065813 0.931427
0.4637 0.065685 0.931548
0.4638 0.065557 0.931670
0.4639 0.065429 0.931792
0.4640 0.065300 0.931913
0.4641 0.065184 0.932037
0.4642 0.065067 0.932161
0.4643 0.064950 0.932285
0.4644 0.064834 0.932409
0.4645 0.064717 0.932533
0.4646 0.064600 0.932658
0.4647 0.064484 0.932782
0.4648 0.064367 0.932906
0.4649 0.064250 0.933030
0.4650 0.064134 0.933154
0.4651 0.064021 0.933264
0.4652 0.063908 0.933374
0.4653 0.063795 0.933483
0.4654 0.063682 0.933593
0.4655 0.063569 0.933703
0.4656 0.063456 0.933813
0.4657 0.063343 0.933923
0.4658 0.063230 0.934033
0.4659 0.063117 0.934143
0.4660 0.063004 0.934253
0.4661 0.062897 0.934357
0.4662 0.062790 0.934462
0.4663 0.062683 0.934567
0.4664 0.062576 0.934672
0.4665 0.062469 0.934776
0.4666 0.062362 0.934881
0.4667 0.062255 0.934986
0.4668 0.062148 0.935091
0.4669 0.062041 0.935196
0.4670 0.061934 0.935300
0.4671 0.061835 0.935404
0.4672 0.061735 0.935508
0.4673 0.061635 0.935611
0.4674 0.061536 0.935715
0.4675 0.061436 0.935818
0.4676 0.061336 0.935922
0.4677 0.061237 0.936026
0.4678 0.061137 0.936129
0.4679 0.061038 0.936233
0.4680 0.060938 0.936336
0.4681 0.060846 0.936430
0.4682 0.060753 0.936524
0.4683 0.060661 0.936617
0.4684 0.060569 0.936711
0.4685 0.060477 0.936804
0.4686 0.060384 0.936898
0.4687 0.060292 0.936991
0.4688 0.060200 0.937085
0.4689 0.060108 0.937178
0.4690 0.060015 0.937272
0.4691 0.059930 0.937355
0.4692 0.059844 0.937438
0.4693 0.059759 0.937521
0.4694 0.059674 0.937605
0.4695 0.059588 0.937688
0.4696 0.059503 0.937771
0.4697 0.059417 0.937854
0.4698 0.059332 0.937937
0.4699 0.059246 0.938020
0.4700 0.059161 0.938103
0.4701 0.059087 0.938181
0.4702 0.059013 0.938260
0.4703 0.058938 0.938338
0.4704 0.058864 0.938416
0.4705 0.058790 0.938494
0.4706 0.058716 0.938572
0.4707 0.058642 0.938650
0.4708 0.058568 0.938728
0.4709 0.058494 0.938806
0.4710 0.058420 0.938884
0.4711 0.058350 0.938954
0.4712 0.058280 0.939024
0.4713 0.058211 0.939093
0.4714 0.058141 0.939163
0.4715 0.058071 0.939233
0.4716 0.058002 0.939302
0.4717 0.057932 0.939372
0.4718 0.057862 0.939442
0.4719 0.057793 0.939511
0.4720 0.057723 0.939581
0.4721 0.057665 0.939647
0.4722 0.057608 0.939713
0.4723 0.057551 0.939778
0.4724 0.057493 0.939844
0.4725 0.057436 0.939910
0.4726 0.057378 0.939976
0.4727 0.057321 0.940041
0.4728 0.057263 0.940107
0.4729 0.057206 0.940173
0.4730 0.057149 0.940239
0.4731 0.057092 0.940293
0.4732 0.057036 0.940346
0.4733 0.056980 0.940400
0.4734 0.056924 0.940454
0.4735 0.056868 0.940508
0.4736 0.056812 0.940562
0.4737 0.056756 0.940616
0.4738 0.056700 0.940669
0.4739 0.056644 0.940723
0.4740 0.056588 0.940777
0.4741 0.056541 0.940821
0.4742 0.056494 0.940865
0.4743 0.056447 0.940908
0.4744 0.056401 0.940952
0.4745 0.056354 0.940996
0.4746 0.056307 0.941040
0.4747 0.056260 0.941083
0.4748 0.056213 0.941127
0.4749 0.056167 0.941171
0.4750 0.056120 0.941215
0.4751 0.056081 0.941257
0.4752 0.056043 0.941300
0.4753 0.056004 0.941342
0.4754 0.055966 0.941385
0.4755 0.055927 0.941427
0.4756 0.055889 0.941469
0.4757 0.055850 0.941512
0.4758 0.055812 0.941554
0.4759 0.055773 0.941597
0.4760 0.055735 0.941639
0.4761 0.055704 0.941672
0.4762 0.055673 0.941705
0.4763 0.055642 0.941738
0.4764 0.055611 0.941771
0.4765 0.055580 0.941804
0.4766 0.055549 0.941837
0.4767 0.055519 0.941870
0.4768 0.055488 0.941903
0.4769 0.055457 0.941936
0.4770 0.055426 0.941969
0.4771 0.055402 0.941993
0.4772 0.055378 0.942016
0.4773 0.055354 0.942040
0.4774 0.055330 0.942064
0.4775 0.055306 0.942088
0.4776 0.055282 0.942112
0.4777 0.055258 0.942136
0.4778 0.055234 0.942160
0.4779 0.055210 0.942184
0.4780 0.055187 0.942208
0.4781 0.055170 0.942228
0.4782 0.055154 0.942248
0.4783 0.055138 0.942268
0.4784 0.055122 0.942288
0.4785 0.055106 0.942308
0.4786 0.055090 0.942329
0.4787 0.055074 0.942349
0.4788 0.055058 0.942369
0.4789 0.055042 0.942389
0.4790 0.055025 0.942409
0.4791 0.055012 0.942418
0.4792 0.054999 0.942427
0.4793 0.054986 0.942436
0.4794 0.054973 0.942446
0.4795 0.054960 0.942455
0.4796 0.054947 0.942464
0.4797 0.054934 0.942473
0.4798 0.054920 0.942482
0.4799 0.054907 0.942491
0.4800 0.054894 0.942500
0.4801 0.054890 0.942509
0.4802 0.054885 0.942517
0.4803 0.054880 0.942525
0.4804 0.054876 0.942534
0.4805 0.054871 0.942542
0.4806 0.054867 0.942550
0.4807 0.054862 0.942559
0.4808 0.054857 0.942567
0.4809 0.054853 0.942576
0.4810 0.054848 0.942584
0.4811 0.054849 0.942582
0.4812 0.054850 0.942581
0.4813 0.054851 0.942579
0.4814 0.054852 0.942577
0.4815 0.054853 0.942576
0.4816 0.054854 0.942574
0.4817 0.054855 0.942573
0.4818 0.054855 0.942571
0.4819 0.054856 0.942569
0.4820 0.054857 0.942568
0.4821 0.054864 0.942561
0.4822 0.054872 0.942555
0.4823 0.054879 0.942548
0.4824 0.054886 0.942542
0.4825 0.054893 0.942536
0.4826 0.054900 0.942529
0.4827 0.054907 0.942523
0.4828 0.054914 0.942516
0.4829 0.054922 0.942510
0.4830 0.054929 0.942503
0.4831 0.054944 0.942493
0.4832 0.054960 0.942483
0.4833 0.054976 0.942472
0.4834 0.054991 0.942462
0.4835 0.055007 0.942452
0.4836 0.055023 0.942441
0.4837 0.055038 0.942431
0.4838 0.055054 0.942420
0.4839 0.055069 0.942410
0.4840 0.055085 0.942400
0.4841 0.055101 0.942388
0.4842 0.055117 0.942376
0.4843 0.055133 0.942364
0.4844 0.055149 0.942352
0.4845 0.055164 0.942340
0.4846 0.055180 0.942329
0.4847 0.055196 0.942317
0.4848 0.055212 0.942305
0.4849 0.055228 0.942293
0.4850 0.055244 0.942281
0.4851 0.055267 0.942262
0.4852 0.055290 0.942243
0.4853 0.055313 0.942224
0.4854 0.055336 0.942205
0.4855 0.055359 0.942186
0.4856 0.055382 0.942167
0.4857 0.055405 0.942148
0.4858 0.055428 0.942129
0.4859 0.055451 0.942109
0.4860 0.055474 0.942090
0.4861 0.055500 0.942062
0.4862 0.055525 0.942033
0.4863 0.055550 0.942005
0.4864 0.055576 0.941976
0.4865 0.055601 0.941948
0.4866 0.055626 0.941919
0.4867 0.055652 0.941891
0.4868 0.055677 0.941862
0.4869 0.055702 0.941834
0.4870 0.055728 0.941805
0.4871 0.055755 0.941777
0.4872 0.055782 0.941750
0.4873 0.055809 0.941722
0.4874 0.055836 0.941694
0.4875 0.055863 0.941666
0.4876 0.055890 0.941639
0.4877 0.055917 0.941611
0.4878 0.055944 0.941583
0.4879 0.055971 0.941555
0.4880 0.055998 0.941527
0.4881 0.056029 0.941499
0.4882 0.056060 0.941472
0.4883 0.056090 0.941444
0.4884 0.056121 0.941416
0.4885 0.056152 0.941388
0.4886 0.056183 0.941360
0.4887 0.056214 0.941332
0.4888 0.056245 0.941304
0.4889 0.056276 0.941276
0.4890 0.056307 0.941248
0.4891 0.056340 0.941217
0.4892 0.056373 0.941185
0.4893 0.056406 0.941154
0.4894 0.056439 0.941123
0.4895 0.056472 0.941092
0.4896 0.056505 0.941060
0.4897 0.056538 0.941029
0.4898 0.056571 0.940998
0.4899 0.056603 0.940967
0.4900 0.056636 0.940936
0.4901 0.056674 0.940898
0.4902 0.056711 0.940861
0.4903 0.056748 0.940823
0.4904 0.056786 0.940786
0.4905 0.056823 0.940749
0.4906 0.056861 0.940711
0.4907 0.056898 0.940674
0.4908 0.056935 0.940636
0.4909 0.056973 0.940599
0.4910 0.057010 0.940562
0.4911 0.057049 0.940526
0.4912 0.057087 0.940491
0.4913 0.057126 0.940455
0.4914 0.057165 0.940419
0.4915 0.057203 0.940384
0.4916 0.057242 0.940348
0.4917 0.057280 0.940313
0.4918 0.057319 0.940277
0.4919 0.057358 0.940242
0.4920 0.057396 0.940206
0.4921 0.057437 0.940165
0.4922 0.057478 0.940125
0.4923 0.057519 0.940084
0.4924 0.057560 0.940043
0.4925 0.057600 0.940002
0.4926 0.057641 0.939961
0.4927 0.057682 0.939921
0.4928 0.057723 0.939880
0.4929 0.057764 0.939839
0.4930 0.057804 0.939798
0.4931 0.057845 0.939760
0.4932 0.057886 0.939722
0.4933 0.057927 0.939684
0.4934 0.057968 0.939646
0.4935 0.058009 0.939608
0.4936 0.058050 0.939570
0.4937 0.058091 0.939532
0.4938 0.058132 0.939494
0.4939 0.058173 0.939456
0.4940 0.058214 0.939418
0.4941 0.058260 0.939375
0.4942 0.058305 0.939332
0.4943 0.058350 0.939289
0.4944 0.058395 0.939246
0.4945 0.058440 0.939203
0.4946 0.058486 0.939160
0.4947 0.058531 0.939117
0.4948 0.058576 0.939074
0.4949 0.058621 0.939032
0.4950 0.058667 0.938989
0.4951 0.058706 0.938947
0.4952 0.058746 0.938906
0.4953 0.058786 0.938864
0.4954 0.058826 0.938823
0.4955 0.058866 0.938782
0.4956 0.058906 0.938740
0.4957 0.058946 0.938699
0.4958 0.058985 0.938657
0.4959 0.059025 0.938616
0.4960 0.059065 0.938575
0.4961 0.059107 0.938532
0.4962 0.059150 0.938488
0.4963 0.059192 0.938445
0.4964 0.059234 0.938402
0.4965 0.059277 0.938359
0.4966 0.059319 0.938316
0.4967 0.059362 0.938273
0.4968 0.059404 0.938230
0.4969 0.059446 0.938187
0.4970 0.059489 0.938144
0.4971 0.059534 0.938101
0.4972 0.059580 0.938059
0.4973 0.059625 0.938016
0.4974 0.059671 0.937974
0.4975 0.059716 0.937932
0.4976 0.059762 0.937889
0.4977 0.059807 0.937847
0.4978 0.059853 0.937805
0.4979 0.059899 0.937762
0.4980 0.059944 0.937720
0.4981 0.059987 0.937680
0.4982 0.060031 0.937639
0.4983 0.060074 0.937599
0.4984 0.060117 0.937558
0.4985 0.060161 0.937518
0.4986 0.060204 0.937477
0.4987 0.060247 0.937437
0.4988 0.060291 0.937397
0.4989 0.060334 0.937356
0.4990 0.060377 0.937316
0.4991 0.060420 0.937275
0.4992 0.060463 0.937235
0.4993 0.060505 0.937194
0.4994 0.060548 0.937154
0.4995 0.060591 0.937113
0.4996 0.060634 0.937073
0.4997 0.060676 0.937032
0.4998 0.060719 0.936992
0.4999 0.060762 0.936951
0.5000 0.060805 0.936911
0.5001 0.060847 0.936867
0.5002 0.060889 0.936824
0.5003 0.060931 0.936781
0.5004 0.060973 0.936737
0.5005 0.061015 0.936694
0.5006 0.061057 0.936650
0.5007 0.061100 0.936607
0.5008 0.061142 0.936563
0.5009 0.061184 0.936520
0.5010 0.061226 0.936476
0.5011 0.061267 0.936438
0.5012 0.061309 0.936400
0.5013 0.061350 0.936361
0.5014 0.061392 0.936323
0.5015 0.061433 0.936284
0.5016 0.061474 0.936246
0.5017 0.061516 0.936207
0.5018 0.061557 0.936169
0.5019 0.061599 0.936131
0.5020 0.061640 0.936092
0.5021 0.061685 0.936051
0.5022 0.061729 0.936009
0.5023 0.061774 0.935968
0.5024 0.061819 0.935927
0.5025 0.061863 0.935885
0.5026 0.061908 0.935844
0.5027 0.061953 0.935802
0.5028 0.061997 0.935761
0.5029 0.062042 0.935720
0.5030 0.062086 0.935678
0.5031 0.062126 0.935640
0.5032 0.062165 0.935601
0.5033 0.062204 0.935563
0.5034 0.062244 0.935524
0.5035 0.062283 0.935485
0.5036 0.062322 0.935447
0.5037 0.062361 0.935408
0.5038 0.062401 0.935370
0.5039 0.062440 0.935331
0.5040 0.062479 0.935293
0.5041 0.062518 0.935253
0.5042 0.062556 0.935214
0.5043 0.062595 0.935174
0.5044 0.062634 0.935134
0.5045 0.062672 0.935095
0.5046 0.062711 0.935055
0.5047 0.062749 0.935016
0.5048 0.062788 0.934976
0.5049 0.062826 0.934937
0.5050 0.062865 0.934897
0.5051 0.062901 0.934861
0.5052 0.062938 0.934825
0.5053 0.062974 0.934789
0.5054 0.063011 0.934752
0.5055 0.063047 0.934716
0.5056 0.063084 0.934680
0.5057 0.063120 0.934644
0.5058 0.063157 0.934607
0.5059 0.063193 0.934571
0.5060 0.063230 0.934535
0.5061 0.063270 0.934495
0.5062 0.063310 0.934456
0.5063 0.063351 0.934416
0.5064 0.063391 0.934377
0.5065 0.063431 0.934337
0.5066 0.063471 0.934298
0.5067 0.063512 0.934258
0.5068 0.063552 0.934219
0.5069 0.063592 0.934179
0.5070 0.063632 0.934140
0.5071 0.063669 0.934108
0.5072 0.063705 0.934077
0.5073 0.063742 0.934046
0.5074 0.063778 0.934015
0.5075 0.063815 0.933984
0.5076 0.063851 0.933952
0.5077 0.063888 0.933921
0.5078 0.063924 0.933890
0.5079 0.063961 0.933859
0.5080 0.063997 0.933828
0.5081 0.064031 0.933794
0.5082 0.064064 0.933761
0.5083 0.064098 0.933727
0.5084 0.064131 0.933694
0.5085 0.064165 0.933660
0.5086 0.064198 0.933627
0.5087 0.064231 0.933593
0.5088 0.064265 0.933560
0.5089 0.064298 0.933526
0.5090 0.064332 0.933493
0.5091 0.064364 0.933461
0.5092 0.064396 0.933429
0.5093 0.064428 0.933396
0.5094 0.064460 0.933364
0.5095 0.064493 0.933332
0.5096 0.064525 0.933300
0.5097 0.064557 0.933268
0.5098 0.064589 0.933236
0.5099 0.064621 0.933204
0.5100 0.064654 0.933171
0.5101 0.064688 0.933141
0.5102 0.064722 0.933111
0.5103 0.064757 0.933080
0.5104 0.064791 0.933050
0.5105 0.064826 0.933019
0.5106 0.064860 0.932989
0.5107 0.064894 0.932958
0.5108 0.064929 0.932928
0.5109 0.064963 0.932898
0.5110 0.064998 0.932867
0.5111 0.065026 0.932838
0.5112 0.065054 0.932809
0.5113 0.065082 0.932780
0.5114 0.065110 0.932751
0.5115 0.065138 0.932722
0.5116 0.065167 0.932692
0.5117 0.065195 0.932663
0.5118 0.065223 0.932634
0.5119 0.065251 0.932605
0.5120 0.065279 0.932576
0.5121 0.065308 0.932550
0.5122 0.065337 0.932524
0.5123 0.065367 0.932498
0.5124 0.065396 0.932472
0.5125 0.065425 0.932446
0.5126 0.065454 0.932420
0.5127 0.065483 0.932394
0.5128 0.065512 0.932367
0.5129 0.065541 0.932341
0.5130 0.065570 0.932315
0.5131 0.065597 0.932287
0.5132 0.065623 0.932259
0.5133 0.065649 0.932231
0.5134 0.065675 0.932203
0.5135 0.065701 0.932175
0.5136 0.065727 0.932146
0.5137 0.065753 0.932118
0.5138 0.065779 0.932090
0.5139 0.065805 0.932062
0.5140 0.065831 0.932034
0.5141 0.065857 0.932010
0.5142 0.065883 0.931986
0.5143 0.065909 0.931962
0.5144 0.065935 0.931938
0.5145 0.065962 0.931914
0.5146 0.065988 0.931891
0.5147 0.066014 0.931867
0.5148 0.066040 0.931843
0.5149 0.066066 0.931819
0.5150 0.066092 0.931795
0.5151 0.066119 0.931773
0.5152 0.066145 0.931751
0.5153 0.066172 0.931728
0.5154 0.066199 0.931706
0.5155 0.066225 0.931684
0.5156 0.066252 0.931661
0.5157 0.066278 0.931639
0.5158 0.066305 0.931617
0.5159 0.066332 0.931594
0.5160 0.066358 0.931572
0.5161 0.066381 0.931552
0.5162 0.066404 0.931532
0.5163 0.066427 0.931512
0.5164 0.066450 0.931493
0.5165 0.066474 0.931473
0.5166 0.066497 0.931453
0.5167 0.066520 0.931433
0.5168 0.066543 0.931413
0.5169 0.066566 0.931393
0.5170 0.066589 0.931374
0.5171 0.066610 0.931350
0.5172 0.066630 0.931326
0.5173 0.066651 0.931302
0.5174 0.066672 0.931278
0.5175 0.066693 0.931254
0.5176 0.066713 0.931230
0.5177 0.066734 0.931207
0.5178 0.066755 0.931183
0.5179 0.066776 0.931159
0.5180 0.066797 0.931135
0.5181 0.066816 0.931115
0.5182 0.066836 0.931095
0.5183 0.066856 0.931076
0.5184 0.066876 0.931056
0.5185 0.066896 0.931036
0.5186 0.066916 0.931016
0.5187 0.066936 0.930996
0.5188 0.066956 0.930976
0.5189 0.066975 0.930957
0.5190 0.066995 0.930937
0.5191 0.067013 0.930922
0.5192 0.067030 0.930908
0.5193 0.067048 0.930893
0.5194 0.067066 0.930879
0.5195 0.067083 0.930864
0.5196 0.067101 0.930849
0.5197 0.067118 0.930835
0.5198 0.067136 0.930820
0.5199 0.067154 0.930806
0.5200 0.067171 0.930791
0.5201 0.067188 0.930774
0.5202 0.067205 0.930756
0.5203 0.067222 0.930738
0.5204 0.067238 0.930721
0.5205 0.067255 0.930703
0.5206 0.067272 0.930686
0.5207 0.067289 0.930668
0.5208 0.067306 0.930651
0.5209 0.067322 0.930633
0.5210 0.067339 0.930615
0.5211 0.067360 0.930599
0.5212 0.067380 0.930582
0.5213 0.067401 0.930565
0.5214 0.067422 0.930548
0.5215 0.067442 0.930531
0.5216 0.067463 0.930515
0.5217 0.067484 0.930498
0.5218 0.067504 0.930481
0.5219 0.067525 0.930464
0.5220 0.067546 0.930447
0.5221 0.067560 0.930435
0.5222 0.067575 0.930423
0.5223 0.067589 0.930410
0.5224 0.067604 0.930398
0.5225 0.067618 0.930386
0.5226 0.067633 0.930373
0.5227 0.067647 0.930361
0.5228 0.067662 0.930349
0.5229 0.067677 0.930337
0.5230 0.067691 0.930324
0.5231 0.067703 0.930311
0.5232 0.067716 0.930297
0.5233 0.067728 0.930283
0.5234 0.067740 0.930270
0.5235 0.067753 0.930256
0.5236 0.067765 0.930243
0.5237 0.067777 0.930229
0.5238 0.067790 0.930215
0.5239 0.067802 0.930202
0.5240 0.067814 0.930188
0.5241 0.067825 0.930181
0.5242 0.067835 0.930173
0.5243 0.067846 0.930165
0.5244 0.067857 0.930158
0.5245 0.067867 0.930150
0.5246 0.067878 0.930143
0.5247 0.067888 0.930135
0.5248 0.067899 0.930127
0.5249 0.067909 0.930120
0.5250 0.067920 0.930112
0.5251 0.067931 0.930098
0.5252 0.067943 0.930085
0.5253 0.067954 0.930071
0.5254 0.067965 0.930058
0.5255 0.067977 0.930044
0.5256 0.067988 0.930030
0.5257 0.067999 0.930017
0.5258 0.068011 0.930003
0.5259 0.068022 0.929990
0.5260 0.068033 0.929976
0.5261 0.068044 0.929965
0.5262 0.068055 0.929953
0.5263 0.068065 0.929942
0.5264 0.068076 0.929931
0.5265 0.068087 0.929919
0.5266 0.068097 0.929908
0.5267 0.068108 0.929897
0.5268 0.068119 0.929885
0.5269 0.068129 0.929874
0.5270 0.068140 0.929863
0.5271 0.068148 0.929854
0.5272 0.068157 0.929846
0.5273 0.068165 0.929838
0.5274 0.068173 0.929829
0.5275 0.068182 0.929821
0.5276 0.068190 0.929813
0.5277 0.068198 0.929804
0.5278 0.068206 0.929796
0.5279 0.068215 0.929788
0.5280 0.068223 0.929779
0.5281 0.068237 0.929774
0.5282 0.068250 0.929769
0.5283 0.068264 0.929764
0.5284 0.068277 0.929759
0.5285 0.068290 0.929754
0.5286 0.068304 0.929749
0.5287 0.068317 0.929743
0.5288 0.068331 0.929738
0.5289 0.068344 0.929733
0.5290 0.068358 0.929728
0.5291 0.068366 0.929718
0.5292 0.068374 0.929709
0.5293 0.068383 0.929699
0.5294 0.068391 0.929689
0.5295 0.068399 0.929680
0.5296 0.068408 0.929670
0.5297 0.068416 0.929660
0.5298 0.068424 0.929651
0.5299 0.068433 0.929641
0.5300 0.068441 0.929631
0.5301 0.068449 0.929626
0.5302 0.068457 0.929621
0.5303 0.068465 0.929616
0.5304 0.068474 0.929611
0.5305 0.068482 0.929606
0.5306 0.068490 0.929601
0.5307 0.068498 0.929595
0.5308 0.068506 0.929590
0.5309 0.068514 0.929585
0.5310 0.068522 0.929580
0.5311 0.068527 0.929575
0.5312 0.068531 0.929570
0.5313 0.068535 0.929565
0.5314 0.068539 0.929560
0.5315 0.068543 0.929554
0.5316 0.068547 0.929549
0.5317 0.068552 0.929544
0.5318 0.068556 0.929539
0.5319 0.068560 0.929534
0.5320 0.068564 0.929529
0.5321 0.068571 0.929525
0.5322 0.068577 0.929522
0.5323 0.068584 0.929519
0.5324 0.068591 0.929515
0.5325 0.068597 0.929512
0.5326 0.068604 0.929508
0.5327 0.068611 0.929505
0.5328 0.068617 0.929501
0.5329 0.068624 0.929498
0.5330 0.068631 0.929494
0.5331 0.068639 0.929486
0.5332 0.068647 0.929478
0.5333 0.068655 0.929470
0.5334 0.068663 0.929462
0.5335 0.068671 0.929454
0.5336 0.068679 0.929446
0.5337 0.068688 0.929437
0.5338 0.068696 0.929429
0.5339 0.068704 0.929421
0.5340 0.068712 0.929413
0.5341 0.068715 0.929409
0.5342 0.068719 0.929406
0.5343 0.068722 0.929403
0.5344 0.068726 0.929399
0.5345 0.068729 0.929396
0.5346 0.068733 0.929392
0.5347 0.068736 0.929389
0.5348 0.068740 0.929385
0.5349 0.068743 0.929382
0.5350 0.068747 0.929378
0.5351 0.068748 0.929374
0.5352 0.068750 0.929370
0.5353 0.068752 0.929366
0.5354 0.068754 0.929362
0.5355 0.068756 0.929358
0.5356 0.068758 0.929353
0.5357 0.068760 0.929349
0.5358 0.068762 0.929345
0.5359 0.068764 0.929341
0.5360 0.068766 0.929337
0.5361 0.068769 0.929336
0.5362 0.068773 0.929334
0.5363 0.068776 0.929333
0.5364 0.068780 0.929332
0.5365 0.068783 0.929331
0.5366 0.068786 0.929330
0.5367 0.068790 0.929328
0.5368 0.068793 0.929327
0.5369 0.068797 0.929326
0.5370 0.068800 0.929325
0.5371 0.068803 0.929322
0.5372 0.068807 0.929320
0.5373 0.068810 0.929317
0.5374 0.068813 0.929315
0.5375 0.068816 0.929312
0.5376 0.068819 0.929310
0.5377 0.068823 0.929307
0.5378 0.068826 0.929305
0.5379 0.068829 0.929302
0.5380 0.068832 0.929300
0.5381 0.068837 0.929299
0.5382 0.068841 0.929297
0.5383 0.068845 0.929296
0.5384 0.068849 0.929295
0.5385 0.068853 0.929294
0.5386 0.068858 0.929293
0.5387 0.068862 0.929291
0.5388 0.068866 0.929290
0.5389 0.068870 0.929289
0.5390 0.068875 0.929288
0.5391 0.068877 0.929285
0.5392 0.068880 0.929283
0.5393 0.068882 0.929280
0.5394 0.068885 0.929278
0.5395 0.068887 0.929275
0.5396 0.068890 0.929273
0.5397 0.068892 0.929270
0.5398 0.068895 0.929268
0.5399 0.068897 0.929265
0.5400 0.068900 0.929263
0.5401 0.068901 0.929263
0.5402 0.068902 0.929262
0.5403 0.068903 0.929262
0.5404 0.068904 0.929262
0.5405 0.068906 0.929262
0.5406 0.068907 0.929261
0.5407 0.068908 0.929261
0.5408 0.068909 0.929261
0.5409 0.068910 0.929261
0.5410 0.068912 0.929260
0.5411 0.068914 0.929260
0.5412 0.068917 0.929260
0.5413 0.068919 0.929260
0.5414 0.068922 0.929259
0.5415 0.068924 0.929259
0.5416 0.068927 0.929259
0.5417 0.068929 0.929259
0.5418 0.068932 0.929258
0.5419 0.068934 0.929258
0.5420 0.068937 0.929258
0.5421 0.068937 0.929255
0.5422 0.068937 0.929253
0.5423 0.068937 0.929250
0.5424 0.068938 0.929248
0.5425 0.068938 0.929245
0.5426 0.068938 0.929243
0.5427 0.068938 0.929240
0.5428 0.068939 0.929238
0.5429 0.068939 0.929235
0.5430 0.068939 0.929233
0.5431 0.068939 0.929233
0.5432 0.068939 0.929232
0.5433 0.068940 0.929232
0.5434 0.068940 0.929232
0.5435 0.068940 0.929232
0.5436 0.068940 0.929231
0.5437 0.068941 0.929231
0.5438 0.068941 0.929231
0.5439 0.068941 0.929231
0.5440 0.068941 0.929230
0.5441 0.068947 0.929234
0.5442 0.068953 0.929237
0.5443 0.068958 0.929241
0.5444 0.068964 0.929244
0.5445 0.068969 0.929248
0.5446 0.068975 0.929252
0.5447 0.068980 0.929255
0.5448 0.068986 0.929259
0.5449 0.068991 0.929262
0.5450 0.068997 0.929266
0.5451 0.068995 0.929263
0.5452 0.068994 0.929261
0.5453 0.068992 0.929259
0.5454 0.068991 0.929256
0.5455 0.068990 0.929254
0.5456 0.068988 0.929252
0.5457 0.068987 0.929249
0.5458 0.068985 0.929247
0.5459 0.068984 0.929245
0.5460 0.068982 0.929243
0.5461 0.068983 0.929243
0.5462 0.068983 0.929243
0.5463 0.068983 0.929244
0.5464 0.068983 0.929244
0.5465 0.068984 0.929245
0.5466 0.068984 0.929245
0.5467 0.068984 0.929246
0.5468 0.068984 0.929246
0.5469 0.068985 0.929247
0.5470 0.068985 0.929247
0.5471 0.068984 0.929249
0.5472 0.068984 0.929252
0.5473 0.068984 0.929254
0.5474 0.068983 0.929256
0.5475 0.068983 0.929258
0.5476 0.068982 0.929260
0.5477 0.068982 0.929263
0.5478 0.068981 0.929265
0.5479 0.068981 0.929267
0.5480 0.068980 0.929269
0.5481 0.068978 0.929269
0.5482 0.068976 0.929269
0.5483 0.068974 0.929269
0.5484 0.068971 0.929268
0.5485 0.068969 0.929268
0.5486 0.068967 0.929268
0.5487 0.068965 0.929268
0.5488 0.068963 0.929267
0.5489 0.068960 0.929267
0.5490 0.068958 0.929267
0.5491 0.068958 0.929271
0.5492 0.068959 0.929276
0.5493 0.068959 0.929280
0.5494 0.068959 0.929285
0.5495 0.068959 0.929289
0.5496 0.068960 0.929294
0.5497 0.068960 0.929298
0.5498 0.068960 0.929303
0.5499 0.068960 0.929307
0.5500 0.068961 0.929312
0.5501 0.068959 0.929312
0.5502 0.068958 0.929313
0.5503 0.068956 0.929313
0.5504 0.068955 0.929314
0.5505 0.068953 0.929314
0.5506 0.068952 0.929314
0.5507 0.068950 0.929315
0.5508 0.068949 0.929315
0.5509 0.068947 0.929316
0.5510 0.068946 0.929316
0.5511 0.068945 0.929321
0.5512 0.068943 0.929325
0.5513 0.068942 0.929330
0.5514 0.068940 0.929334
0.5515 0.068939 0.929339
0.5516 0.068937 0.929343
0.5517 0.068936 0.929348
0.5518 0.068935 0.929352
0.5519 0.068933 0.929357
0.5520 0.068932 0.929361
0.5521 0.068930 0.929363
0.5522 0.068928 0.929365
0.5523 0.068926 0.929368
0.5524 0.068924 0.929370
0.5525 0.068922 0.929372
0.5526 0.068920 0.929374
0.5527 0.068918 0.929376
0.5528 0.068916 0.929378
0.5529 0.068914 0.929380
0.5530 0.068912 0.929382
0.5531 0.068907 0.929386
0.5532 0.068903 0.929389
0.5533 0.068899 0.929393
0.5534 0.068894 0.929397
0.5535 0.068890 0.929400
0.5536 0.068885 0.929404
0.5537 0.068881 0.929407
0.5538 0.068876 0.929411
0.5539 0.068872 0.929414
0.5540 0.068867 0.929418
0.5541 0.068866 0.929420
0.5542 0.068864 0.929422
0.5543 0.068863 0.929424
0.5544 0.068862 0.929427
0.5545 0.068860 0.929429
0.5546 0.068859 0.929431
0.5547 0.068857 0.929433
0.5548 0.068856 0.929435
0.5549 0.068854 0.929438
0.5550 0.068853 0.929440
0.5551 0.068849 0.929445
0.5552 0.068845 0.929450
0.5553 0.068840 0.929455
0.5554 0.068836 0.929461
0.5555 0.068832 0.929466
0.5556 0.068828 0.929471
0.5557 0.068823 0.929476
0.5558 0.068819 0.929481
0.5559 0.068815 0.929487
0.5560 0.068811 0.929492
0.5561 0.068806 0.929496
0.5562 0.068802 0.929501
0.5563 0.068797 0.929505
0.5564 0.068793 0.929510
0.5565 0.068788 0.929514
0.5566 0.068784 0.929519
0.5567 0.068779 0.929523
0.5568 0.068775 0.929528
0.5569 0.068770 0.929532
0.5570 0.068766 0.929537
0.5571 0.068763 0.929542
0.5572 0.068760 0.929547
0.5573 0.068757 0.929552
0.5574 0.068754 0.929557
0.5575 0.068751 0.929563
0.5576 0.068748 0.929568
0.5577 0.068745 0.929573
0.5578 0.068742 0.929578
0.5579 0.068739 0.929583
0.5580 0.068737 0.929588
0.5581 0.068729 0.929593
0.5582 0.068721 0.929597
0.5583 0.068714 0.929601
0.5584 0.068706 0.929605
0.5585 0.068699 0.929610
0.5586 0.068691 0.929614
0.5587 0.068684 0.929618
0.5588 0.068676 0.929622
0.5589 0.068669 0.929627
0.5590 0.068661 0.929631
0.5591 0.068657 0.929641
0.5592 0.068653 0.929652
0.5593 0.068648 0.929662
0.5594 0.068644 0.929673
0.5595 0.068640 0.929684
0.5596 0.068636 0.929694
0.5597 0.068631 0.929705
0.5598 0.068627 0.929715
0.5599 0.068623 0.929726
0.5600 0.068619 0.929736
0.5601 0.068611 0.929739
0.5602 0.068602 0.929742
0.5603 0.068594 0.929745
0.5604 0.068586 0.929748
0.5605 0.068578 0.929751
0.5606 0.068570 0.929754
0.5607 0.068561 0.929757
0.5608 0.068553 0.929760
0.5609 0.068545 0.929763
0.5610 0.068537 0.929766
0.5611 0.068528 0.929771
0.5612 0.068520 0.929776
0.5613 0.068512 0.929781
0.5614 0.068504 0.929787
0.5615 0.068495 0.929792
0.5616 0.068487 0.929797
0.5617 0.068479 0.929802
0.5618 0.068471 0.929807
0.5619 0.068462 0.929812
0.5620 0.068454 0.929818
0.5621 0.068451 0.929828
0.5622 0.068448 0.929838
0.5623 0.068445 0.929849
0.5624 0.068442 0.929859
0.5625 0.068440 0.929869
0.5626 0.068437 0.929880
0.5627 0.068434 0.929890
0.5628 0.068431 0.929900
0.5629 0.068428 0.929910
0.5630 0.068425 0.929921
0.5631 0.068415 0.929929
0.5632 0.068404 0.929937
0.5633 0.068394 0.929946
0.5634 0.068384 0.929954
0.5635 0.068373 0.929962
0.5636 0.068363 0.929970
0.5637 0.068353 0.929979
0.5638 0.068342 0.929987
0.5639 0.068332 0.929995
0.5640 0.068322 0.930003
0.5641 0.068313 0.930015
0.5642 0.068305 0.930027
0.5643 0.068297 0.930039
0.5644 0.068289 0.930051
0.5645 0.068280 0.930063
0.5646 0.068272 0.930075
0.5647 0.068264 0.930087
0.5648 0.068256 0.930099
0.5649 0.068247 0.930111
0.5650 0.068239 0.930123
0.5651 0.068228 0.930128
0.5652 0.068217 0.930133
0.5653 0.068205 0.930139
0.5654 0.068194 0.930144
0.5655 0.068183 0.930149
0.5656 0.068172 0.930154
0.5657 0.068160 0.930159
0.5658 0.068149 0.930165
0.5659 0.068138 0.930170
0.5660 0.068126 0.930175
0.5661 0.068121 0.930189
0.5662 0.068115 0.930204
0.5663 0.068109 0.930218
0.5664 0.068103 0.930232
0.5665 0.068097 0.930247
0.5666 0.068091 0.930261
0.5667 0.068085 0.930275
0.5668 0.068079 0.930290
0.5669 0.068073 0.930304
0.5670 0.068068 0.930318
0.5671 0.068054 0.930329
0.5672 0.068041 0.930339
0.5673 0.068027 0.930349
0.5674 0.068014 0.930360
0.5675 0.068001 0.930370
0.5676 0.067987 0.930380
0.5677 0.067974 0.930391
0.5678 0.067961 0.930401
0.5679 0.067947 0.930411
0.5680 0.067934 0.930421
0.5681 0.067922 0.930430
0.5682 0.067911 0.930439
0.5683 0.067900 0.930448
0.5684 0.067889 0.930457
0.5685 0.067877 0.930466
0.5686 0.067866 0.930475
0.5687 0.067855 0.930484
0.5688 0.067844 0.930493
0.5689 0.067832 0.930502
0.5690 0.067821 0.930511
0.5691 0.067810 0.930522
0.5692 0.067799 0.930534
0.5693 0.067787 0.930545
0.5694 0.067776 0.930556
0.5695 0.067765 0.930567
0.5696 0.067753 0.930579
0.5697 0.067742 0.930590
0.5698 0.067731 0.930601
0.5699 0.067720 0.930612
0.5700 0.067708 0.930624
0.5701 0.067696 0.930638
0.5702 0.067684 0.930652
0.5703 0.067672 0.930667
0.5704 0.067660 0.930681
0.5705 0.067648 0.930695
0.5706 0.067636 0.930710
0.5707 0.067624 0.930724
0.5708 0.067612 0.930738
0.5709 0.067601 0.930753
0.5710 0.067589 0.930767
0.5711 0.067575 0.930782
0.5712 0.067562 0.930797
0.5713 0.067548 0.930812
0.5714 0.067535 0.930827
0.5715 0.067522 0.930842
0.5716 0.067508 0.930857
0.5717 0.067495 0.930872
0.5718 0.067482 0.930887
0.5719 0.067468 0.930902
0.5720 0.067455 0.930917
0.5721 0.067444 0.930930
0.5722 0.067432 0.930944
0.5723 0.067421 0.930957
0.5724 0.067410 0.930971
0.5725 0.067398 0.930984
0.5726 0.067387 0.930997
0.5727 0.067376 0.931011
0.5728 0.067365 0.931024
0.5729 0.067353 0.931037
0.5730 0.067342 0.931051
0.5731 0.067325 0.931064
0.5732 0.067307 0.931078
0.5733 0.067290 0.931091
0.5734 0.067273 0.931105
0.5735 0.067256 0.931118
0.5736 0.067238 0.931132
0.5737 0.067221 0.931146
0.5738 0.067204 0.931159
0.5739 0.067186 0.931173
0.5740 0.067169 0.931186
0.5741 0.067152 0.931201
0.5742 0.067134 0.931216
0.5743 0.067117 0.931231
0.5744 0.067100 0.931246
0.5745 0.067082 0.931261
0.5746 0.067065 0.931276
0.5747 0.067048 0.931291
0.5748 0.067030 0.931306
0.5749 0.067013 0.931321
0.5750 0.066996 0.931336
0.5751 0.066984 0.931356
0.5752 0.066973 0.931376
0.5753 0.066962 0.931395
0.5754 0.066951 0.931415
0.5755 0.066939 0.931435
0.5756 0.066928 0.931454
0.5757 0.066917 0.931474
0.5758 0.066905 0.931493
0.5759 0.066894 0.931513
0.5760 0.066883 0.931533
0.5761 0.066863 0.931550
0.5762 0.066842 0.931567
0.5763 0.066822 0.931585
0.5764 0.066802 0.931602
0.5765 0.066781 0.931619
0.5766 0.066761 0.931637
0.5767 0.066741 0.931654
0.5768 0.066720 0.931671
0.5769 0.066700 0.931689
0.5770 0.066680 0.931706
0.5771 0.066666 0.931723
0.5772 0.066653 0.931741
0.5773 0.066640 0.931758
0.5774 0.066626 0.931775
0.5775 0.066613 0.931793
0.5776 0.066599 0.931810
0.5777 0.066586 0.931827
0.5778 0.066573 0.931844
0.5779 0.066559 0.931862
0.5780 0.066546 0.931879
0.5781 0.066526 0.931896
0.5782 0.066507 0.931914
0.5783 0.066487 0.931931
0.5784 0.066468 0.931948
0.5785 0.066448 0.931966
0.5786 0.066428 0.931983
0.5787 0.066409 0.932000
0.5788 0.066389 0.932018
0.5789 0.066370 0.932035
0.5790 0.066350 0.932053
0.5791 0.066330 0.932072
0.5792 0.066311 0.932092
0.5793 0.066291 0.932111
0.5794 0.066271 0.932131
0.5795 0.066252 0.932151
0.5796 0.066232 0.932170
0.5797 0.066213 0.932190
0.5798 0.066193 0.932209
0.5799 0.066173 0.932229
0.5800 0.066154 0.932249
0.5801 0.066133 0.932268
0.5802 0.066113 0.932288
0.5803 0.066092 0.932307
0.5804 0.066072 0.932327
0.5805 0.066051 0.932347
0.5806 0.066030 0.932366
0.5807 0.066010 0.932386
0.5808 0.065989 0.932405
0.5809 0.065969 0.932425
0.5810 0.065948 0.932445
0.5811 0.065931 0.932464
0.5812 0.065914 0.932484
0.5813 0.065896 0.932504
0.5814 0.065879 0.932523
0.5815 0.065861 0.932543
0.5816 0.065844 0.932562
0.5817 0.065827 0.932582
0.5818 0.065809 0.932602
0.5819 0.065792 0.932621
0.5820 0.065775 0.932641
0.5821 0.065755 0.932661
0.5822 0.065735 0.932682
0.5823 0.065716 0.932702
0.5824 0.065696 0.932723
0.5825 0.065677 0.932744
0.5826 0.065657 0.932764
0.5827 0.065637 0.932785
0.5828 0.065618 0.932805
0.5829 0.065598 0.932826
0.5830 0.065579 0.932846
0.5831 0.065556 0.932866
0.5832 0.065533 0.932886
0.5833 0.065511 0.932905
0.5834 0.065488 0.932925
0.5835 0.065465 0.932944
0.5836 0.065443 0.932964
0.5837 0.065420 0.932984
0.5838 0.065397 0.933003
0.5839 0.065375 0.933023
0.5840 0.065352 0.933042
0.5841 0.065327 0.933065
0.5842 0.065302 0.933088
0.5843 0.065277 0.933110
0.5844 0.065252 0.933133
0.5845 0.065228 0.933156
0.5846 0.065203 0.933178
0.5847 0.065178 0.933201
0.5848 0.065153 0.933223
0.5849 0.065128 0.933246
0.5850 0.065103 0.933269
0.5851 0.065083 0.933292
0.5852 0.065063 0.933316
0.5853 0.065044 0.933340
0.5854 0.065024 0.933363
0.5855 0.065004 0.933387
0.5856 0.064984 0.933410
0.5857 0.064964 0.933434
0.5858 0.064944 0.933458
0.5859 0.064924 0.933481
0.5860 0.064905 0.933505
0.5861 0.064882 0.933529
0.5862 0.064859 0.933553
0.5863 0.064837 0.933577
0.5864 0.064814 0.933602
0.5865 0.064791 0.933626
0.5866 0.064769 0.933650
0.5867 0.064746 0.933674
0.5868 0.064724 0.933698
0.5869 0.064701 0.933722
0.5870 0.064678 0.933747
0.5871 0.064656 0.933767
0.5872 0.064633 0.933788
0.5873 0.064610 0.933808
0.5874 0.064587 0.933829
0.5875 0.064564 0.933849
0.5876 0.064541 0.933870
0.5877 0.064519 0.933891
0.5878 0.064496 0.933911
0.5879 0.064473 0.933932
0.5880 0.064450 0.933952
0.5881 0.064425 0.933976
0.5882 0.064400 0.934001
0.5883 0.064375 0.934025
0.5884 0.064350 0.934049
0.5885 0.064325 0.934073
0.5886 0.064300 0.934097
0.5887 0.064275 0.934121
0.5888 0.064250 0.934146
0.5889 0.064225 0.934170
0.5890 0.064200 0.934194
0.5891 0.064178 0.934221
0.5892 0.064156 0.934247
0.5893 0.064134 0.934274
0.5894 0.064112 0.934301
0.5895 0.064090 0.934327
0.5896 0.064068 0.934354
0.5897 0.064046 0.934381
0.5898 0.064024 0.934407
0.5899 0.064001 0.934434
0.5900 0.063979 0.934460
0.5901 0.063956 0.934486
0.5902 0.063934 0.934511
0.5903 0.063911 0.934536
0.5904 0.063888 0.934561
0.5905 0.063865 0.934586
0.5906 0.063842 0.934611
0.5907 0.063819 0.934636
0.5908 0.063796 0.934661
0.5909 0.063773 0.934687
0.5910 0.063751 0.934712
0.5911 0.063725 0.934734
0.5912 0.063699 0.934756
0.5913 0.063673 0.934778
0.5914 0.063647 0.934800
0.5915 0.063621 0.934822
0.5916 0.063596 0.934844
0.5917 0.063570 0.934866
0.5918 0.063544 0.934889
0.5919 0.063518 0.934911
0.5920 0.063492 0.934933
0.5921 0.063469 0.934958
0.5922 0.063445 0.934983
0.5923 0.063422 0.935008
0.5924 0.063398 0.935033
0.5925 0.063375 0.935058
0.5926 0.063351 0.935084
0.5927 0.063328 0.935109
0.5928 0.063305 0.935134
0.5929 0.063281 0.935159
0.5930 0.063258 0.935184
0.5931 0.063232 0.935209
0.5932 0.063205 0.935234
0.5933 0.063179 0.935259
0.5934 0.063153 0.935285
0.5935 0.063127 0.935310
0.5936 0.063101 0.935335
0.5937 0.063075 0.935360
0.5938 0.063049 0.935385
0.5939 0.063023 0.935410
0.5940 0.062997 0.935435
0.5941 0.062972 0.935460
0.5942 0.062947 0.935484
0.5943 0.062921 0.935509
0.5944 0.062896 0.935533
0.5945 0.062871 0.935557
0.5946 0.062846 0.935582
0.5947 0.062821 0.935606
0.5948 0.062796 0.935631
0.5949 0.062771 0.935655
0.5950 0.062745 0.935680
0.5951 0.062721 0.935705
0.5952 0.062697 0.935730
0.5953 0.062672 0.935755
0.5954 0.062648 0.935780
0.5955 0.062623 0.935805
0.5956 0.062599 0.935830
0.5957 0.062575 0.935855
0.5958 0.062550 0.935881
0.5959 0.062526 0.935906
0.5960 0.062501 0.935931
0.5961 0.062474 0.935957
0.5962 0.062447 0.935984
0.5963 0.062419 0.936011
0.5964 0.062392 0.936037
0.5965 0.062364 0.936064
0.5966 0.062337 0.936091
0.5967 0.062310 0.936117
0.5968 0.062282 0.936144
0.5969 0.062255 0.936171
0.5970 0.062228 0.936197
0.5971 0.062202 0.936227
0.5972 0.062177 0.936256
0.5973 0.062151 0.936285
0.5974 0.062126 0.936314
0.5975 0.062101 0.936343
0.5976 0.062075 0.936372
0.5977 0.062050 0.936401
0.5978 0.062025 0.936430
0.5979 0.061999 0.936459
0.5980 0.061974 0.936489
0.5981 0.061949 0.936513
0.5982 0.061925 0.936537
0.5983 0.061901 0.936562
0.5984 0.061876 0.936586
0.5985 0.061852 0.936611
0.5986 0.061827 0.936635
0.5987 0.061803 0.936659
0.5988 0.061778 0.936684
0.5989 0.061754 0.936708
0.5990 0.061730 0.936733
0.5991 0.061702 0.936760
0.5992 0.061674 0.936788
0.5993 0.061647 0.936816
0.5994 0.061619 0.936843
0.5995 0.061591 0.936871
0.5996 0.061564 0.936898
0.5997 0.061536 0.936926
0.5998 0.061509 0.936954
0.5999 0.061481 0.936981
0.6000 0.061453 0.937009
0.6001 0.061429 0.937037
0.6002 0.061404 0.937064
0.6003 0.061380 0.937092
0.6004 0.061356 0.937119
0.6005 0.061331 0.937147
0.6006 0.061307 0.937175
0.6007 0.061282 0.937202
0.6008 0.061258 0.937230
0.6009 0.061234 0.937258
0.6010 0.061209 0.937285
0.6011 0.061182 0.937306
0.6012 0.061154 0.937327
0.6013 0.061126 0.937347
0.6014 0.061099 0.937368
0.6015 0.061071 0.937388
0.6016 0.061044 0.937409
0.6017 0.061016 0.937430
0.6018 0.060988 0.937450
0.6019 0.060961 0.937471
0.6020 0.060933 0.937492
0.6021 0.060906 0.937519
0.6022 0.060879 0.937547
0.6023 0.060853 0.937575
0.6024 0.060826 0.937602
0.6025 0.060799 0.937630
0.6026 0.060772 0.937657
0.6027 0.060745 0.937685
0.6028 0.060718 0.937713
0.6029 0.060691 0.937740
0.6030 0.060664 0.937768
0.6031 0.060640 0.937795
0.6032 0.060615 0.937822
0.6033 0.060590 0.937849
0.6034 0.060566 0.937876
0.6035 0.060541 0.937902
0.6036 0.060517 0.937929
0.6037 0.060492 0.937956
0.6038 0.060468 0.937983
0.6039 0.060443 0.938010
0.6040 0.060418 0.938037
0.6041 0.060397 0.938064
0.6042 0.060375 0.938092
0.6043 0.060354 0.938120
0.6044 0.060332 0.938147
0.6045 0.060310 0.938175
0.6046 0.060289 0.938203
0.6047 0.060267 0.938230
0.6048 0.060246 0.938258
0.6049 0.060224 0.938285
0.6050 0.060202 0.938313
0.6051 0.060179 0.938335
0.6052 0.060155 0.938356
0.6053 0.060131 0.938378
0.6054 0.060107 0.938399
0.6055 0.060083 0.938421
0.6056 0.060059 0.938443
0.6057 0.060035 0.938464
0.6058 0.060012 0.938486
0.6059 0.059988 0.938507
0.6060 0.059964 0.938529
0.6061 0.059937 0.938554
0.6062 0.059910 0.938579
0.6063 0.059883 0.938604
0.6064 0.059856 0.938628
0.6065 0.059829 0.938653
0.6066 0.059802 0.938678
0.6067 0.059775 0.938703
0.6068 0.059748 0.938728
0.6069 0.059722 0.938752
0.6070 0.059695 0.938777
0.6071 0.059672 0.938800
0.6072 0.059648 0.938823
0.6073 0.059625 0.938847
0.6074 0.059602 0.938870
0.6075 0.059579 0.938893
0.6076 0.059556 0.938916
0.6077 0.059533 0.938939
0.6078 0.059509 0.938962
0.6079 0.059486 0.938986
0.6080 0.059463 0.939009
0.6081 0.059441 0.939033
0.6082 0.059420 0.939056
0.6083 0.059398 0.939080
0.6084 0.059376 0.939104
0.6085 0.059354 0.939128
0.6086 0.059333 0.939152
0.6087 0.059311 0.939176
0.6088 0.059289 0.939200
0.6089 0.059267 0.939223
0.6090 0.059246 0.939247
0.6091 0.059222 0.939272
0.6092 0.059198 0.939297
0.6093 0.059174 0.939322
0.6094 0.059150 0.939346
0.6095 0.059126 0.939371
0.6096 0.059103 0.939396
0.6097 0.059079 0.939421
0.6098 0.059055 0.939446
0.6099 0.059031 0.939471
0.6100 0.059007 0.939495
0.6101 0.058983 0.939518
0.6102 0.058959 0.939540
0.6103 0.058935 0.939562
0.6104 0.058911 0.939585
0.6105 0.058887 0.939607
0.6106 0.058862 0.939629
0.6107 0.058838 0.939652
0.6108 0.058814 0.939674
0.6109 0.058790 0.939696
0.6110 0.058766 0.939719
0.6111 0.058746 0.939743
0.6112 0.058726 0.939767
0.6113 0.058706 0.939791
0.6114 0.058686 0.939815
0.6115 0.058666 0.939839
0.6116 0.058646 0.939863
0.6117 0.058625 0.939887
0.6118 0.058605 0.939912
0.6119 0.058585 0.939936
0.6120 0.058565 0.939960
0.6121 0.058541 0.939981
0.6122 0.058517 0.940002
0.6123 0.058493 0.940023
0.6124 0.058469 0.940044
0.6125 0.058445 0.940065
0.6126 0.058421 0.940086
0.6127 0.058396 0.940107
0.6128 0.058372 0.940128
0.6129 0.058348 0.940149
0.6130 0.058324 0.940170
0.6131 0.058306 0.940187
0.6132 0.058288 0.940204
0.6133 0.058270 0.940221
0.6134 0.058252 0.940238
0.6135 0.058234 0.940256
0.6136 0.058216 0.940273
0.6137 0.058198 0.940290
0.6138 0.058180 0.940307
0.6139 0.058162 0.940324
0.6140 0.058144 0.940341
0.6141 0.058124 0.940365
0.6142 0.058104 0.940389
0.6143 0.058084 0.940413
0.6144 0.058064 0.940437
0.6145 0.058044 0.940461
0.6146 0.058023 0.940485
0.6147 0.058003 0.940510
0.6148 0.057983 0.940534
0.6149 0.057963 0.940558
0.6150 0.057943 0.940582
0.6151 0.057924 0.940600
0.6152 0.057904 0.940618
0.6153 0.057884 0.940636
0.6154 0.057865 0.940654
0.6155 0.057845 0.940672
0.6156 0.057826 0.940690
0.6157 0.057806 0.940708
0.6158 0.057787 0.940726
0.6159 0.057767 0.940744
0.6160 0.057747 0.940762
0.6161 0.057726 0.940779
0.6162 0.057705 0.940796
0.6163 0.057684 0.940814
0.6164 0.057663 0.940831
0.6165 0.057642 0.940848
0.6166 0.057621 0.940866
0.6167 0.057600 0.940883
0.6168 0.057579 0.940900
0.6169 0.057558 0.940917
0.6170 0.057537 0.940935
0.6171 0.057523 0.940953
0.6172 0.057509 0.940971
0.6173 0.057494 0.940989
0.6174 0.057480 0.941007
0.6175 0.057466 0.941025
0.6176 0.057452 0.941043
0.6177 0.057437 0.941061
0.6178 0.057423 0.941079
0.6179 0.057409 0.941097
0.6180 0.057395 0.941115
0.6181 0.057374 0.941135
0.6182 0.057352 0.941156
0.6183 0.057331 0.941176
0.6184 0.057310 0.941196
0.6185 0.057289 0.941217
0.6186 0.057268 0.941237
0.6187 0.057247 0.941257
0.6188 0.057226 0.941278
0.6189 0.057205 0.941298
0.6190 0.057184 0.941318
0.6191 0.057170 0.941333
0.6192 0.057156 0.941347
0.6193 0.057141 0.941361
0.6194 0.057127 0.941375
0.6195 0.057113 0.941390
0.6196 0.057099 0.941404
0.6197 0.057084 0.941418
0.6198 0.057070 0.941432
0.6199 0.057056 0.941447
0.6200 0.057042 0.941461
0.6201 0.057027 0.941475
0.6202 0.057013 0.941489
0.6203 0.056999 0.941504
0.6204 0.056985 0.941518
0.6205 0.056970 0.941532
0.6206 0.056956 0.941546
0.6207 0.056942 0.941561
0.6208 0.056928 0.941575
0.6209 0.056913 0.941589
0.6210 0.056899 0.941603
0.6211 0.056887 0.941618
0.6212 0.056875 0.941632
0.6213 0.056863 0.941646
0.6214 0.056851 0.941660
0.6215 0.056839 0.941675
0.6216 0.056827 0.941689
0.6217 0.056815 0.941703
0.6218 0.056803 0.941717
0.6219 0.056791 0.941732
0.6220 0.056779 0.941746
0.6221 0.056765 0.941760
0.6222 0.056751 0.941774
0.6223 0.056736 0.941789
0.6224 0.056722 0.941803
0.6225 0.056708 0.941817
0.6226 0.056694 0.941831
0.6227 0.056679 0.941846
0.6228 0.056665 0.941860
0.6229 0.056651 0.941874
0.6230 0.056637 0.941888
0.6231 0.056626 0.941903
0.6232 0.056616 0.941917
0.6233 0.056605 0.941931
0.6234 0.056595 0.941945
0.6235 0.056584 0.941960
0.6236 0.056574 0.941974
0.6237 0.056563 0.941988
0.6238 0.056553 0.942002
0.6239 0.056542 0.942017
0.6240 0.056531 0.942031
0.6241 0.056517 0.942042
0.6242 0.056503 0.942053
0.6243 0.056489 0.942064
0.6244 0.056474 0.942076
0.6245 0.056460 0.942087
0.6246 0.056446 0.942098
0.6247 0.056432 0.942109
0.6248 0.056417 0.942121
0.6249 0.056403 0.942132
0.6250 0.056389 0.942143
0.6251 0.056379 0.942154
0.6252 0.056368 0.942166
0.6253 0.056358 0.942177
0.6254 0.056347 0.942188
0.6255 0.056337 0.942200
0.6256 0.056326 0.942211
0.6257 0.056316 0.942222
0.6258 0.056305 0.942233
0.6259 0.056295 0.942245
0.6260 0.056284 0.942256
0.6261 0.056275 0.942264
0.6262 0.056266 0.942272
0.6263 0.056257 0.942280
0.6264 0.056248 0.942289
0.6265 0.056239 0.942297
0.6266 0.056230 0.942305
0.6267 0.056221 0.942313
0.6268 0.056212 0.942321
0.6269 0.056203 0.942329
0.6270 0.056194 0.942338
0.6271 0.056187 0.942348
0.6272 0.056180 0.942359
0.6273 0.056172 0.942369
0.6274 0.056165 0.942380
0.6275 0.056157 0.942390
0.6276 0.056150 0.942401
0.6277 0.056142 0.942411
0.6278 0.056135 0.942421
0.6279 0.056127 0.942432
0.6280 0.056120 0.942442
0.6281 0.056115 0.942451
0.6282 0.056109 0.942459
0.6283 0.056104 0.942467
0.6284 0.056099 0.942476
0.6285 0.056094 0.942484
0.6286 0.056089 0.942492
0.6287 0.056083 0.942500
0.6288 0.056078 0.942509
0.6289 0.056073 0.942517
0.6290 0.056068 0.942525
0.6291 0.056060 0.942533
0.6292 0.056051 0.942541
0.6293 0.056043 0.942550
0.6294 0.056035 0.942558
0.6295 0.056027 0.942566
0.6296 0.056019 0.942574
0.6297 0.056011 0.942582
0.6298 0.056002 0.942590
0.6299 0.055994 0.942599
0.6300 0.055986 0.942607
0.6301 0.055981 0.942609
0.6302 0.055976 0.942611
0.6303 0.055971 0.942613
0.6304 0.055965 0.942615
0.6305 0.055960 0.942618
0.6306 0.055955 0.942620
0.6307 0.055950 0.942622
0.6308 0.055944 0.942624
0.6309 0.055939 0.942626
0.6310 0.055934 0.942628
0.6311 0.055929 0.942633
0.6312 0.055924 0.942639
0.6313 0.055918 0.942644
0.6314 0.055913 0.942649
0.6315 0.055908 0.942654
0.6316 0.055903 0.942659
0.6317 0.055898 0.942665
0.6318 0.055892 0.942670
0.6319 0.055887 0.942675
0.6320 0.055882 0.942680
0.6321 0.055877 0.942682
0.6322 0.055872 0.942685
0.6323 0.055866 0.942687
0.6324 0.055861 0.942689
0.6325 0.055856 0.942691
0.6326 0.055851 0.942693
0.6327 0.055846 0.942696
0.6328 0.055840 0.942698
0.6329 0.055835 0.942700
0.6330 0.055830 0.942702
0.6331 0.055832 0.942704
0.6332 0.055834 0.942706
0.6333 0.055835 0.942709
0.6334 0.055837 0.942711
0.6335 0.055839 0.942713
0.6336 0.055841 0.942715
0.6337 0.055843 0.942717
0.6338 0.055845 0.942719
0.6339 0.055846 0.942721
0.6340 0.055848 0.942724
0.6341 0.055846 0.942726
0.6342 0.055844 0.942728
0.6343 0.055842 0.942730
0.6344 0.055840 0.942732
0.6345 0.055837 0.942734
0.6346 0.055835 0.942737
0.6347 0.055833 0.942739
0.6348 0.055831 0.942741
0.6349 0.055829 0.942743
0.6350 0.055826 0.942745
0.6351 0.055824 0.942744
0.6352 0.055822 0.942742
0.6353 0.055820 0.942740
0.6354 0.055818 0.942738
0.6355 0.055816 0.942736
0.6356 0.055814 0.942734
0.6357 0.055811 0.942733
0.6358 0.055809 0.942731
0.6359 0.055807 0.942729
0.6360 0.055805 0.942727
0.6361 0.055807 0.942729
0.6362 0.055808 0.942731
0.6363 0.055810 0.942734
0.6364 0.055811 0.942736
0.6365 0.055813 0.942738
0.6366 0.055815 0.942740
0.6367 0.055816 0.942742
0.6368 0.055818 0.942744
0.6369 0.055819 0.942746
0.6370 0.055821 0.942749
0.6371 0.055825 0.942744
0.6372 0.055829 0.942740
0.6373 0.055833 0.942736
0.6374 0.055837 0.942732
0.6375 0.055841 0.942728
0.6376 0.055845 0.942724
0.6377 0.055849 0.942720
0.6378 0.055854 0.942716
0.6379 0.055858 0.942712
0.6380 0.055862 0.942708
0.6381 0.055866 0.942706
0.6382 0.055870 0.942705
0.6383 0.055873 0.942703
0.6384 0.055877 0.942702
0.6385 0.055881 0.942700
0.6386 0.055885 0.942699
0.6387 0.055889 0.942697
0.6388 0.055893 0.942695
0.6389 0.055897 0.942694
0.6390 0.055901 0.942692
0.6391 0.055905 0.942685
0.6392 0.055909 0.942678
0.6393 0.055913 0.942671
0.6394 0.055917 0.942664
0.6395 0.055921 0.942656
0.6396 0.055925 0.942649
0.6397 0.055929 0.942642
0.6398 0.055933 0.942635
0.6399 0.055937 0.942628
0.6400 0.055942 0.942621
0.6401 0.055946 0.942620
0.6402 0.055950 0.942619
0.6403 0.055954 0.942618
0.6404 0.055958 0.942617
0.6405 0.055962 0.942616
0.6406 0.055966 0.942615
0.6407 0.055970 0.942615
0.6408 0.055974 0.942614
0.6409 0.055978 0.942613
0.6410 0.055982 0.942612
0.6411 0.055990 0.942605
0.6412 0.055998 0.942598
0.6413 0.056005 0.942591
0.6414 0.056013 0.942584
0.6415 0.056021 0.942576
0.6416 0.056028 0.942569
0.6417 0.056036 0.942562
0.6418 0.056044 0.942555
0.6419 0.056051 0.942548
0.6420 0.056059 0.942541
0.6421 0.056066 0.942533
0.6422 0.056073 0.942525
0.6423 0.056080 0.942517
0.6424 0.056088 0.942510
0.6425 0.056095 0.942502
0.6426 0.056102 0.942494
0.6427 0.056109 0.942486
0.6428 0.056116 0.942478
0.6429 0.056123 0.942471
0.6430 0.056130 0.942463
0.6431 0.056140 0.942456
0.6432 0.056149 0.942448
0.6433 0.056158 0.942441
0.6434 0.056168 0.942434
0.6435 0.056177 0.942427
0.6436 0.056187 0.942420
0.6437 0.056196 0.942413
0.6438 0.056205 0.942406
0.6439 0.056215 0.942398
0.6440 0.056224 0.942391
0.6441 0.056231 0.942382
0.6442 0.056238 0.942373
0.6443 0.056246 0.942363
0.6444 0.056253 0.942354
0.6445 0.056260 0.942344
0.6446 0.056267 0.942335
0.6447 0.056274 0.942326
0.6448 0.056281 0.942316
0.6449 0.056288 0.942307
0.6450 0.056295 0.942298
0.6451 0.056306 0.942287
0.6452 0.056317 0.942277
0.6453 0.056328 0.942267
0.6454 0.056339 0.942257
0.6455 0.056350 0.942247
0.6456 0.056361 0.942237
0.6457 0.056371 0.942226
0.6458 0.056382 0.942216
0.6459 0.056393 0.942206
0.6460 0.056404 0.942196
0.6461 0.056417 0.942186
0.6462 0.056431 0.942176
0.6463 0.056444 0.942165
0.6464 0.056457 0.942155
0.6465 0.056471 0.942145
0.6466 0.056484 0.942135
0.6467 0.056497 0.942125
0.6468 0.056511 0.942115
0.6469 0.056524 0.942104
0.6470 0.056537 0.942094
0.6471 0.056548 0.942081
0.6472 0.056558 0.942068
0.6473 0.056568 0.942055
0.6474 0.056578 0.942042
0.6475 0.056588 0.942029
0.6476 0.056598 0.942016
0.6477 0.056609 0.942003
0.6478 0.056619 0.941990
0.6479 0.056629 0.941976
0.6480 0.056639 0.941963
0.6481 0.056652 0.941950
0.6482 0.056664 0.941937
0.6483 0.056676 0.941923
0.6484 0.056689 0.941910
0.6485 0.056701 0.941896
0.6486 0.056714 0.941883
0.6487 0.056726 0.941870
0.6488 0.056738 0.941856
0.6489 0.056751 0.941843
0.6490 0.056763 0.941830
0.6491 0.056780 0.941814
0.6492 0.056798 0.941799
0.6493 0.056815 0.941783
0.6494 0.056832 0.941768
0.6495 0.056849 0.941752
0.6496 0.056866 0.941737
0.6497 0.056883 0.941721
0.6498 0.056900 0.941706
0.6499 0.056917 0.941691
0.6500 0.056934 0.941675
0.6501 0.056948 0.941662
0.6502 0.056961 0.941648
0.6503 0.056975 0.941635
0.6504 0.056988 0.941622
0.6505 0.057001 0.941608
0.6506 0.057015 0.941595
0.6507 0.057028 0.941582
0.6508 0.057041 0.941568
0.6509 0.057055 0.941555
0.6510 0.057068 0.941541
0.6511 0.057084 0.941525
0.6512 0.057099 0.941509
0.6513 0.057114 0.941492
0.6514 0.057130 0.941476
0.6515 0.057145 0.941459
0.6516 0.057161 0.941443
0.6517 0.057176 0.941427
0.6518 0.057192 0.941410
0.6519 0.057207 0.941394
0.6520 0.057223 0.941377
0.6521 0.057239 0.941362
0.6522 0.057255 0.941347
0.6523 0.057272 0.941331
0.6524 0.057288 0.941316
0.6525 0.057305 0.941300
0.6526 0.057321 0.941285
0.6527 0.057337 0.941269
0.6528 0.057354 0.941254
0.6529 0.057370 0.941238
0.6530 0.057387 0.941223
0.6531 0.057405 0.941207
0.6532 0.057424 0.941190
0.6533 0.057443 0.941174
0.6534 0.057461 0.941157
0.6535 0.057480 0.941141
0.6536 0.057498 0.941125
0.6537 0.057517 0.941108
0.6538 0.057536 0.941092
0.6539 0.057554 0.941075
0.6540 0.057573 0.941059
0.6541 0.057589 0.941040
0.6542 0.057606 0.941022
0.6543 0.057622 0.941003
0.6544 0.057639 0.940984
0.6545 0.057655 0.940966
0.6546 0.057671 0.940947
0.6547 0.057688 0.940928
0.6548 0.057704 0.940910
0.6549 0.057721 0.940891
0.6550 0.057737 0.940872
0.6551 0.057757 0.940855
0.6552 0.057776 0.940838
0.6553 0.057796 0.940820
0.6554 0.057815 0.940803
0.6555 0.057835 0.940786
0.6556 0.057855 0.940768
0.6557 0.057874 0.940751
0.6558 0.057894 0.940734
0.6559 0.057914 0.940716
0.6560 0.057933 0.940699
0.6561 0.057952 0.940680
0.6562 0.057970 0.940662
0.6563 0.057989 0.940643
0.6564 0.058008 0.940624
0.6565 0.058026 0.940606
0.6566 0.058045 0.940587
0.6567 0.058064 0.940568
0.6568 0.058082 0.940550
0.6569 0.058101 0.940531
0.6570 0.058120 0.940512
0.6571 0.058141 0.940493
0.6572 0.058163 0.940473
0.6573 0.058185 0.940454
0.6574 0.058206 0.940434
0.6575 0.058228 0.940414
0.6576 0.058250 0.940395
0.6577 0.058271 0.940375
0.6578 0.058293 0.940356
0.6579 0.058315 0.940336
0.6580 0.058336 0.940316
0.6581 0.058356 0.940298
0.6582 0.058376 0.940279
0.6583 0.058395 0.940260
0.6584 0.058415 0.940242
0.6585 0.058434 0.940223
0.6586 0.058454 0.940204
0.6587 0.058474 0.940186
0.6588 0.058493 0.940167
0.6589 0.058513 0.940149
0.6590 0.058532 0.940130
0.6591 0.058551 0.940108
0.6592 0.058570 0.940086
0.6593 0.058589 0.940064
0.6594 0.058608 0.940042
0.6595 0.058627 0.940020
0.6596 0.058646 0.939998
0.6597 0.058665 0.939976
0.6598 0.058684 0.939955
0.6599 0.058703 0.939933
0.6600 0.058721 0.939911
0.6601 0.058747 0.939891
0.6602 0.058773 0.939871
0.6603 0.058798 0.939852
0.6604 0.058824 0.939832
0.6605 0.058850 0.939813
0.6606 0.058876 0.939793
0.6607 0.058901 0.939773
0.6608 0.058927 0.939754
0.6609 0.058953 0.939734
0.6610 0.058978 0.939715
0.6611 0.059001 0.939690
0.6612 0.059024 0.939665
0.6613 0.059046 0.939640
0.6614 0.059069 0.939615
0.6615 0.059091 0.939590
0.6616 0.059114 0.939565
0.6617 0.059137 0.939540
0.6618 0.059159 0.939516
0.6619 0.059182 0.939491
0.6620 0.059205 0.939466
0.6621 0.059226 0.939447
0.6622 0.059247 0.939428
0.6623 0.059268 0.939409
0.6624 0.059289 0.939390
0.6625 0.059310 0.939371
0.6626 0.059331 0.939352
0.6627 0.059353 0.939334
0.6628 0.059374 0.939315
0.6629 0.059395 0.939296
0.6630 0.059416 0.939277
0.6631 0.059439 0.939255
0.6632 0.059461 0.939233
0.6633 0.059484 0.939211
0.6634 0.059507 0.939189
0.6635 0.059529 0.939167
0.6636 0.059552 0.939145
0.6637 0.059574 0.939123
0.6638 0.059597 0.939101
0.6639 0.059620 0.939080
0.6640 0.059642 0.939058
0.6641 0.059667 0.939030
0.6642 0.059691 0.939002
0.6643 0.059715 0.938974
0.6644 0.059739 0.938946
0.6645 0.059763 0.938918
0.6646 0.059787 0.938890
0.6647 0.059812 0.938862
0.6648 0.059836 0.938834
0.6649 0.059860 0.938806
0.6650 0.059884 0.938778
0.6651 0.059906 0.938753
0.6652 0.059928 0.938728
0.6653 0.059950 0.938703
0.6654 0.059973 0.938678
0.6655 0.059995 0.938653
0.6656 0.060017 0.938627
0.6657 0.060039 0.938602
0.6658 0.060061 0.938577
0.6659 0.060083 0.938552
0.6660 0.060105 0.938527
0.6661 0.060131 0.938506
0.6662 0.060157 0.938485
0.6663 0.060183 0.938463
0.6664 0.060208 0.938442
0.6665 0.060234 0.938421
0.6666 0.060260 0.938400
0.6667 0.060286 0.938379
0.6668 0.060312 0.938358
0.6669 0.060338 0.938337
0.6670 0.060363 0.938315
0.6671 0.060388 0.938292
0.6672 0.060412 0.938268
0.6673 0.060436 0.938245
0.6674 0.060460 0.938221
0.6675 0.060484 0.938198
0.6676 0.060509 0.938174
0.6677 0.060533 0.938150
0.6678 0.060557 0.938127
0.6679 0.060581 0.938103
0.6680 0.060605 0.938080
0.6681 0.060630 0.938054
0.6682 0.060655 0.938029
0.6683 0.060681 0.938004
0.6684 0.060706 0.937979
0.6685 0.060731 0.937954
0.6686 0.060756 0.937929
0.6687 0.060781 0.937904
0.6688 0.060806 0.937879
0.6689 0.060831 0.937853
0.6690 0.060856 0.937828
0.6691 0.060882 0.937801
0.6692 0.060907 0.937774
0.6693 0.060932 0.937746
0.6694 0.060957 0.937719
0.6695 0.060982 0.937691
0.6696 0.061007 0.937664
0.6697 0.061032 0.937637
0.6698 0.061058 0.937609
0.6699 0.061083 0.937582
0.6700 0.061108 0.937555
0.6701 0.061133 0.937529
0.6702 0.061158 0.937504
0.6703 0.061183 0.937479
0.6704 0.061208 0.937454
0.6705 0.061233 0.937429
0.6706 0.061259 0.937404
0.6707 0.061284 0.937379
0.6708 0.061309 0.937354
0.6709 0.061334 0.937328
0.6710 0.061359 0.937303
0.6711 0.061384 0.937282
0.6712 0.061409 0.937261
0.6713 0.061434 0.937239
0.6714 0.061460 0.937218
0.6715 0.061485 0.937196
0.6716 0.061510 0.937175
0.6717 0.061535 0.937154
0.6718 0.061560 0.937132
0.6719 0.061585 0.937111
0.6720 0.061610 0.937090
0.6721 0.061636 0.937065
0.6722 0.061662 0.937039
0.6723 0.061689 0.937014
0.6724 0.061715 0.936989
0.6725 0.061741 0.936964
0.6726 0.061767 0.936939
0.6727 0.061793 0.936914
0.6728 0.061819 0.936889
0.6729 0.061845 0.936864
0.6730 0.061871 0.936838
0.6731 0.061898 0.936811
0.6732 0.061924 0.936784
0.6733 0.061951 0.936756
0.6734 0.061978 0.936729
0.6735 0.062004 0.936702
0.6736 0.062031 0.936674
0.6737 0.062058 0.936647
0.6738 0.062085 0.936619
0.6739 0.062111 0.936592
0.6740 0.062138 0.936565
0.6741 0.062163 0.936539
0.6742 0.062188 0.936514
0.6743 0.062213 0.936488
0.6744 0.062238 0.936463
0.6745 0.062263 0.936438
0.6746 0.062289 0.936412
0.6747 0.062314 0.936387
0.6748 0.062339 0.936362
0.6749 0.062364 0.936336
0.6750 0.062389 0.936311
0.6751 0.062414 0.936283
0.6752 0.062440 0.936256
0.6753 0.062465 0.936229
0.6754 0.062490 0.936201
0.6755 0.062516 0.936174
0.6756 0.062541 0.936147
0.6757 0.062566 0.936119
0.6758 0.062591 0.936092
0.6759 0.062617 0.936064
0.6760 0.062642 0.936037
0.6761 0.062667 0.936015
0.6762 0.062693 0.935992
0.6763 0.062718 0.935970
0.6764 0.062743 0.935948
0.6765 0.062769 0.935926
0.6766 0.062794 0.935903
0.6767 0.062819 0.935881
0.6768 0.062845 0.935859
0.6769 0.062870 0.935836
0.6770 0.062896 0.935814
0.6771 0.062922 0.935786
0.6772 0.062949 0.935757
0.6773 0.062976 0.935729
0.6774 0.063002 0.935701
0.6775 0.063029 0.935672
0.6776 0.063056 0.935644
0.6777 0.063082 0.935616
0.6778 0.063109 0.935587
0.6779 0.063136 0.935559
0.6780 0.063162 0.935531
0.6781 0.063188 0.935508
0.6782 0.063213 0.935486
0.6783 0.063238 0.935464
0.6784 0.063263 0.935441
0.6785 0.063289 0.935419
0.6786 0.063314 0.935397
0.6787 0.063339 0.935374
0.6788 0.063365 0.935352
0.6789 0.063390 0.935330
0.6790 0.063415 0.935307
0.6791 0.063443 0.935280
0.6792 0.063470 0.935252
0.6793 0.063498 0.935225
0.6794 0.063526 0.935197
0.6795 0.063553 0.935169
0.6796 0.063581 0.935142
0.6797 0.063608 0.935114
0.6798 0.063636 0.935086
0.6799 0.063664 0.935059
0.6800 0.063691 0.935031
0.6801 0.063714 0.935007
0.6802 0.063736 0.934982
0.6803 0.063758 0.934957
0.6804 0.063781 0.934933
0.6805 0.063803 0.934908
0.6806 0.063825 0.934884
0.6807 0.063848 0.934859
0.6808 0.063870 0.934835
0.6809 0.063892 0.934810
0.6810 0.063914 0.934786
0.6811 0.063942 0.934758
0.6812 0.063970 0.934730
0.6813 0.063997 0.934703
0.6814 0.064025 0.934675
0.6815 0.064053 0.934647
0.6816 0.064080 0.934620
0.6817 0.064108 0.934592
0.6818 0.064135 0.934565
0.6819 0.064163 0.934537
0.6820 0.064191 0.934509
0.6821 0.064216 0.934487
0.6822 0.064242 0.934465
0.6823 0.064267 0.934442
0.6824 0.064293 0.934420
0.6825 0.064318 0.934398
0.6826 0.064344 0.934375
0.6827 0.064369 0.934353
0.6828 0.064395 0.934331
0.6829 0.064420 0.934308
0.6830 0.064446 0.934286
0.6831 0.064470 0.934262
0.6832 0.064495 0.934237
0.6833 0.064520 0.934212
0.6834 0.064544 0.934188
0.6835 0.064569 0.934163
0.6836 0.064593 0.934139
0.6837 0.064618 0.934114
0.6838 0.064642 0.934090
0.6839 0.064667 0.934065
0.6840 0.064692 0.934040
0.6841 0.064716 0.934016
0.6842 0.064741 0.933991
0.6843 0.064765 0.933967
0.6844 0.064790 0.933942
0.6845 0.064814 0.933918
0.6846 0.064839 0.933893
0.6847 0.064864 0.933869
0.6848 0.064888 0.933844
0.6849 0.064913 0.933819
0.6850 0.064937 0.933795
0.6851 0.064961 0.933770
0.6852 0.064985 0.933745
0.6853 0.065009 0.933720
0.6854 0.065033 0.933696
0.6855 0.065057 0.933671
0.6856 0.065080 0.933646
0.6857 0.065104 0.933621
0.6858 0.065128 0.933596
0.6859 0.065152 0.933572
0.6860 0.065176 0.933547
0.6861 0.065201 0.933525
0.6862 0.065227 0.933504
0.6863 0.065252 0.933482
0.6864 0.065278 0.933461
0.6865 0.065303 0.933439
0.6866 0.065329 0.933417
0.6867 0.065354 0.933396
0.6868 0.065380 0.933374
0.6869 0.065406 0.933353
0.6870 0.065431 0.933331
0.6871 0.065455 0.933306
0.6872 0.065479 0.933282
0.6873 0.065503 0.933257
0.6874 0.065526 0.933232
0.6875 0.065550 0.933207
0.6876 0.065574 0.933182
0.6877 0.065598 0.933158
0.6878 0.065622 0.933133
0.6879 0.065646 0.933108
0.6880 0.065670 0.933083
0.6881 0.065695 0.933059
0.6882 0.065721 0.933034
0.6883 0.065746 0.933009
0.6884 0.065772 0.932985
0.6885 0.065797 0.932960
0.6886 0.065823 0.932936
0.6887 0.065848 0.932911
0.6888 0.065874 0.932887
0.6889 0.065899 0.932862
0.6890 0.065925 0.932838
0.6891 0.065947 0.932813
0.6892 0.065968 0.932788
0.6893 0.065990 0.932763
0.6894 0.066012 0.932738
0.6895 0.066034 0.932713
0.6896 0.066056 0.932689
0.6897 0.066077 0.932664
0.6898 0.066099 0.932639
0.6899 0.066121 0.932614
0.6900 0.066143 0.932589
0.6901 0.066167 0.932572
0.6902 0.066192 0.932554
0.6903 0.066216 0.932536
0.6904 0.066241 0.932518
0.6905 0.066266 0.932501
0.6906 0.066290 0.932483
0.6907 0.066315 0.932465
0.6908 0.066339 0.932447
0.6909 0.066364 0.932429
0.6910 0.066388 0.932412
0.6911 0.066411 0.932386
0.6912 0.066433 0.932361
0.6913 0.066456 0.932335
0.6914 0.066479 0.932310
0.6915 0.066501 0.932284
0.6916 0.066524 0.932259
0.6917 0.066546 0.932233
0.6918 0.066569 0.932207
0.6919 0.066591 0.932182
0.6920 0.066614 0.932156
0.6921 0.066633 0.932132
0.6922 0.066651 0.932107
0.6923 0.066670 0.932082
0.6924 0.066689 0.932057
0.6925 0.066708 0.932032
0.6926 0.066726 0.932008
0.6927 0.066745 0.931983
0.6928 0.066764 0.931958
0.6929 0.066783 0.931933
0.6930 0.066801 0.931908
0.6931 0.066825 0.931893
0.6932 0.066849 0.931877
0.6933 0.066873 0.931862
0.6934 0.066897 0.931846
0.6935 0.066921 0.931831
0.6936 0.066944 0.931815
0.6937 0.066968 0.931800
0.6938 0.066992 0.931784
0.6939 0.067016 0.931769
0.6940 0.067040 0.931753
0.6941 0.067059 0.931731
0.6942 0.067077 0.931710
0.6943 0.067096 0.931688
0.6944 0.067115 0.931666
0.6945 0.067133 0.931644
0.6946 0.067152 0.931623
0.6947 0.067171 0.931601
0.6948 0.067190 0.931579
0.6949 0.067208 0.931557
0.6950 0.067227 0.931536
0.6951 0.067249 0.931515
0.6952 0.067271 0.931493
0.6953 0.067292 0.931472
0.6954 0.067314 0.931451
0.6955 0.067336 0.931430
0.6956 0.067358 0.931409
0.6957 0.067379 0.931388
0.6958 0.067401 0.931367
0.6959 0.067423 0.931346
0.6960 0.067445 0.931325
0.6961 0.067466 0.931306
0.6962 0.067487 0.931287
0.6963 0.067508 0.931269
0.6964 0.067529 0.931250
0.6965 0.067550 0.931231
0.6966 0.067571 0.931212
0.6967 0.067592 0.931194
0.6968 0.067613 0.931175
0.6969 0.067634 0.931156
0.6970 0.067655 0.931138
0.6971 0.067677 0.931116
0.6972 0.067699 0.931094
0.6973 0.067721 0.931072
0.6974 0.067742 0.931051
0.6975 0.067764 0.931029
0.6976 0.067786 0.931007
0.6977 0.067808 0.930985
0.6978 0.067829 0.930963
0.6979 0.067851 0.930942
0.6980 0.067873 0.930920
0.6981 0.067892 0.930901
0.6982 0.067910 0.930883
0.6983 0.067929 0.930864
0.6984 0.067948 0.930845
0.6985 0.067967 0.930826
0.6986 0.067985 0.930808
0.6987 0.068004 0.930789
0.6988 0.068023 0.930770
0.6989 0.068041 0.930751
0.6990 0.068060 0.930733
0.6991 0.068078 0.930716
0.6992 0.068096 0.930699
0.6993 0.068114 0.930682
0.6994 0.068132 0.930664
0.6995 0.068150 0.930647
0.6996 0.068168 0.930630
0.6997 0.068186 0.930613
0.6998 0.068204 0.930596
0.6999 0.068222 0.930579
0.7000 0.068240 0.930562
0.7001 0.068259 0.930546
0.7002 0.068278 0.930529
0.7003 0.068297 0.930513
0.7004 0.068315 0.930496
0.7005 0.068334 0.930480
0.7006 0.068353 0.930463
0.7007 0.068372 0.930447
0.7008 0.068390 0.930430
0.7009 0.068409 0.930414
0.7010 0.068428 0.930397
0.7011 0.068443 0.930379
0.7012 0.068457 0.930361
0.7013 0.068472 0.930343
0.7014 0.068487 0.930325
0.7015 0.068502 0.930307
0.7016 0.068517 0.930289
0.7017 0.068531 0.930271
0.7018 0.068546 0.930253
0.7019 0.068561 0.930235
0.7020 0.068576 0.930217
0.7021 0.068591 0.930199
0.7022 0.068607 0.930181
0.7023 0.068623 0.930163
0.7024 0.068638 0.930145
0.7025 0.068654 0.930127
0.7026 0.068670 0.930109
0.7027 0.068685 0.930091
0.7028 0.068701 0.930073
0.7029 0.068717 0.930055
0.7030 0.068732 0.930037
0.7031 0.068751 0.930021
0.7032 0.068769 0.930006
0.7033 0.068787 0.929990
0.7034 0.068805 0.929974
0.7035 0.068823 0.929959
0.7036 0.068841 0.929943
0.7037 0.068859 0.929927
0.7038 0.068877 0.929912
0.7039 0.068895 0.929896
0.7040 0.068913 0.929880
0.7041 0.068931 0.929864
0.7042 0.068949 0.929849
0.7043 0.068967 0.929833
0.7044 0.068985 0.929817
0.7045 0.069003 0.929801
0.7046 0.069021 0.929786
0.7047 0.069039 0.929770
0.7048 0.069057 0.929754
0.7049 0.069075 0.929738
0.7050 0.069093 0.929723
0.7051 0.069106 0.929708
0.7052 0.069120 0.929693
0.7053 0.069133 0.929678
0.7054 0.069147 0.929663
0.7055 0.069160 0.929648
0.7056 0.069173 0.929633
0.7057 0.069187 0.929618
0.7058 0.069200 0.929603
0.7059 0.069214 0.929588
0.7060 0.069227 0.929573
0.7061 0.069242 0.929560
0.7062 0.069257 0.929547
0.7063 0.069272 0.929535
0.7064 0.069287 0.929522
0.7065 0.069302 0.929509
0.7066 0.069317 0.929496
0.7067 0.069332 0.929484
0.7068 0.069347 0.929471
0.7069 0.069362 0.929458
0.7070 0.069377 0.929446
0.7071 0.069390 0.929431
0.7072 0.069402 0.929417
0.7073 0.069415 0.929403
0.7074 0.069428 0.929389
0.7075 0.069441 0.929375
0.7076 0.069453 0.929361
0.7077 0.069466 0.929347
0.7078 0.069479 0.929333
0.7079 0.069491 0.929319
0.7080 0.069504 0.929305
0.7081 0.069519 0.929293
0.7082 0.069534 0.929280
0.7083 0.069549 0.929267
0.7084 0.069564 0.929255
0.7085 0.069579 0.929242
0.7086 0.069594 0.929229
0.7087 0.069609 0.929217
0.7088 0.069624 0.929204
0.7089 0.069639 0.929191
0.7090 0.069654 0.929178
0.7091 0.069666 0.929163
0.7092 0.069679 0.929148
0.7093 0.069692 0.929133
0.7094 0.069705 0.929118
0.7095 0.069717 0.929103
0.7096 0.069730 0.929088
0.7097 0.069743 0.929073
0.7098 0.069756 0.929058
0.7099 0.069768 0.929043
0.7100 0.069781 0.929028
0.7101 0.069794 0.929019
0.7102 0.069807 0.929009
0.7103 0.069819 0.928999
0.7104 0.069832 0.928990
0.7105 0.069845 0.928980
0.7106 0.069857 0.928970
0.7107 0.069870 0.928961
0.7108 0.069883 0.928951
0.7109 0.069895 0.928941
0.7110 0.069908 0.928932
0.7111 0.069919 0.928919
0.7112 0.069930 0.928906
0.7113 0.069941 0.928893
0.7114 0.069952 0.928881
0.7115 0.069963 0.928868
0.7116 0.069974 0.928855
0.7117 0.069985 0.928843
0.7118 0.069996 0.928830
0.7119 0.070007 0.928817
0.7120 0.070018 0.928805
0.7121 0.070027 0.928796
0.7122 0.070036 0.928787
0.7123 0.070045 0.928778
0.7124 0.070054 0.928770
0.7125 0.070063 0.928761
0.7126 0.070072 0.928752
0.7127 0.070081 0.928743
0.7128 0.070090 0.928735
0.7129 0.070099 0.928726
0.7130 0.070108 0.928717
0.7131 0.070117 0.928706
0.7132 0.070127 0.928695
0.7133 0.070137 0.928684
0.7134 0.070147 0.928672
0.7135 0.070156 0.928661
0.7136 0.070166 0.928650
0.7137 0.070176 0.928639
0.7138 0.070185 0.928627
0.7139 0.070195 0.928616
0.7140 0.070205 0.928605
0.7141 0.070210 0.928598
0.7142 0.070216 0.928592
0.7143 0.070222 0.928585
0.7144 0.070227 0.928578
0.7145 0.070233 0.928572
0.7146 0.070239 0.928565
0.7147 0.070244 0.928559
0.7148 0.070250 0.928552
0.7149 0.070256 0.928545
0.7150 0.070261 0.928539
0.7151 0.070271 0.928530
0.7152 0.070281 0.928521
0.7153 0.070290 0.928513
0.7154 0.070300 0.928504
0.7155 0.070310 0.928495
0.7156 0.070319 0.928486
0.7157 0.070329 0.928478
0.7158 0.070339 0.928469
0.7159 0.070348 0.928460
0.7160 0.070358 0.928451
0.7161 0.070367 0.928442
0.7162 0.070376 0.928433
0.7163 0.070385 0.928424
0.7164 0.070394 0.928416
0.7165 0.070403 0.928407
0.7166 0.070412 0.928398
0.7167 0.070421 0.928389
0.7168 0.070430 0.928380
0.7169 0.070439 0.928371
0.7170 0.070448 0.928362
0.7171 0.070457 0.928355
0.7172 0.070465 0.928348
0.7173 0.070474 0.928342
0.7174 0.070483 0.928335
0.7175 0.070492 0.928329
0.7176 0.070500 0.928322
0.7177 0.070509 0.928315
0.7178 0.070518 0.928309
0.7179 0.070526 0.928302
0.7180 0.070535 0.928295
0.7181 0.070541 0.928289
0.7182 0.070547 0.928282
0.7183 0.070553 0.928276
0.7184 0.070559 0.928270
0.7185 0.070565 0.928263
0.7186 0.070571 0.928257
0.7187 0.070577 0.928250
0.7188 0.070583 0.928244
0.7189 0.070588 0.928237
0.7190 0.070594 0.928231
0.7191 0.070603 0.928226
0.7192 0.070612 0.928221
0.7193 0.070621 0.928216
0.7194 0.070629 0.928211
0.7195 0.070638 0.928206
0.7196 0.070647 0.928201
0.7197 0.070655 0.928196
0.7198 0.070664 0.928191
0.7199 0.070673 0.928186
0.7200 0.070682 0.928181
0.7201 0.070685 0.928175
0.7202 0.070687 0.928169
0.7203 0.070690 0.928163
0.7204 0.070693 0.928157
0.7205 0.070696 0.928151
0.7206 0.070699 0.928145
0.7207 0.070702 0.928139
0.7208 0.070705 0.928133
0.7209 0.070708 0.928127
0.7210 0.070711 0.928122
0.7211 0.070717 0.928118
0.7212 0.070723 0.928115
0.7213 0.070730 0.928111
0.7214 0.070736 0.928108
0.7215 0.070743 0.928104
0.7216 0.070749 0.928101
0.7217 0.070756 0.928098
0.7218 0.070762 0.928094
0.7219 0.070769 0.928091
0.7220 0.070775 0.928087
0.7221 0.070780 0.928082
0.7222 0.070785 0.928077
0.7223 0.070790 0.928072
0.7224 0.070795 0.928067
0.7225 0.070800 0.928062
0.7226 0.070805 0.928057
0.7227 0.070810 0.928052
0.7228 0.070815 0.928047
0.7229 0.070820 0.928042
0.7230 0.070825 0.928037
0.7231 0.070826 0.928036
0.7232 0.070828 0.928035
0.7233 0.070829 0.928033
0.7234 0.070830 0.928032
0.7235 0.070832 0.928031
0.7236 0.070833 0.928029
0.7237 0.070834 0.928028
0.7238 0.070836 0.928027
0.7239 0.070837 0.928025
0.7240 0.070838 0.928024
0.7241 0.070840 0.928019
0.7242 0.070842 0.928014
0.7243 0.070844 0.928009
0.7244 0.070846 0.928004
0.7245 0.070848 0.927999
0.7246 0.070850 0.927994
0.7247 0.070852 0.927989
0.7248 0.070854 0.927984
0.7249 0.070856 0.927979
0.7250 0.070858 0.927974
0.7251 0.070864 0.927975
0.7252 0.070869 0.927975
0.7253 0.070875 0.927975
0.7254 0.070881 0.927976
0.7255 0.070887 0.927976
0.7256 0.070892 0.927976
0.7257 0.070898 0.927977
0.7258 0.070904 0.927977
0.7259 0.070910 0.927977
0.7260 0.070915 0.927977
0.7261 0.070916 0.927977
0.7262 0.070916 0.927977
0.7263 0.070917 0.927976
0.7264 0.070917 0.927976
0.7265 0.070917 0.927976
0.7266 0.070918 0.927975
0.7267 0.070918 0.927975
0.7268 0.070919 0.927974
0.7269 0.070919 0.927974
0.7270 0.070919 0.927974
0.7271 0.070919 0.927972
0.7272 0.070919 0.927970
0.7273 0.070918 0.927968
0.7274 0.070918 0.927966
0.7275 0.070918 0.927964
0.7276 0.070917 0.927962
0.7277 0.070917 0.927960
0.7278 0.070917 0.927958
0.7279 0.070917 0.927956
0.7280 0.070916 0.927954
0.7281 0.070918 0.927954
0.7282 0.070920 0.927955
0.7283 0.070922 0.927955
0.7284 0.070924 0.927955
0.7285 0.070926 0.927956
0.7286 0.070928 0.927956
0.7287 0.070930 0.927956
0.7288 0.070932 0.927957
0.7289 0.070934 0.927957
0.7290 0.070936 0.927957
0.7291 0.070936 0.927958
0.7292 0.070936 0.927958
0.7293 0.070937 0.927958
0.7294 0.070937 0.927959
0.7295 0.070938 0.927959
0.7296 0.070938 0.927959
0.7297 0.070938 0.927960
0.7298 0.070939 0.927960
0.7299 0.070939 0.927960
0.7300 0.070940 0.927960
0.7301 0.070939 0.927960
0.7302 0.070939 0.927960
0.7303 0.070939 0.927959
0.7304 0.070938 0.927959
0.7305 0.070938 0.927959
0.7306 0.070938 0.927958
0.7307 0.070937 0.927958
0.7308 0.070937 0.927957
0.7309 0.070937 0.927957
0.7310 0.070936 0.927957
0.7311 0.070933 0.927958
0.7312 0.070930 0.927959
0.7313 0.070926 0.927960
0.7314 0.070923 0.927962
0.7315 0.070919 0.927963
0.7316 0.070916 0.927964
0.7317 0.070913 0.927965
0.7318 0.070909 0.927967
0.7319 0.070906 0.927968
0.7320 0.070903 0.927969
0.7321 0.070896 0.927972
0.7322 0.070890 0.927974
0.7323 0.070883 0.927977
0.7324 0.070876 0.927980
0.7325 0.070870 0.927982
0.7326 0.070863 0.927985
0.7327 0.070857 0.927987
0.7328 0.070850 0.927990
0.7329 0.070844 0.927992
0.7330 0.070837 0.927995
0.7331 0.070837 0.928001
0.7332 0.070837 0.928008
0.7333 0.070836 0.928014
0.7334 0.070836 0.928021
0.7335 0.070836 0.928027
0.7336 0.070835 0.928033
0.7337 0.070835 0.928040
0.7338 0.070835 0.928046
0.7339 0.070834 0.928053
0.7340 0.070834 0.928059
0.7341 0.070833 0.928060
0.7342 0.070833 0.928061
0.7343 0.070832 0.928063
0.7344 0.070832 0.928064
0.7345 0.070831 0.928065
0.7346 0.070831 0.928067
0.7347 0.070830 0.928068
0.7348 0.070829 0.928069
0.7349 0.070829 0.928070
0.7350 0.070828 0.928072
0.7351 0.070820 0.928073
0.7352 0.070811 0.928075
0.7353 0.070802 0.928077
0.7354 0.070794 0.928079
0.7355 0.070785 0.928081
0.7356 0.070776 0.928083
0.7357 0.070768 0.928085
0.7358 0.070759 0.928087
0.7359 0.070751 0.928088
0.7360 0.070742 0.928090
0.7361 0.070741 0.928098
0.7362 0.070739 0.928105
0.7363 0.070738 0.928112
0.7364 0.070737 0.928120
0.7365 0.070736 0.928127
0.7366 0.070734 0.928134
0.7367 0.070733 0.928142
0.7368 0.070732 0.928149
0.7369 0.070730 0.928156
0.7370 0.070729 0.928164
0.7371 0.070724 0.928167
0.7372 0.070718 0.928171
0.7373 0.070712 0.928174
0.7374 0.070707 0.928178
0.7375 0.070701 0.928181
0.7376 0.070696 0.928185
0.7377 0.070690 0.928188
0.7378 0.070684 0.928192
0.7379 0.070679 0.928195
0.7380 0.070673 0.928199
0.7381 0.070669 0.928202
0.7382 0.070665 0.928206
0.7383 0.070660 0.928209
0.7384 0.070656 0.928212
0.7385 0.070652 0.928216
0.7386 0.070647 0.928219
0.7387 0.070643 0.928222
0.7388 0.070639 0.928226
0.7389 0.070634 0.928229
0.7390 0.070630 0.928232
0.7391 0.070624 0.928242
0.7392 0.070618 0.928252
0.7393 0.070612 0.928261
0.7394 0.070607 0.928271
0.7395 0.070601 0.928280
0.7396 0.070595 0.928290
0.7397 0.070589 0.928300
0.7398 0.070583 0.928309
0.7399 0.070577 0.928319
0.7400 0.070572 0.928328
0.7401 0.070565 0.928332
0.7402 0.070558 0.928335
0.7403 0.070552 0.928339
0.7404 0.070545 0.928343
0.7405 0.070539 0.928346
0.7406 0.070532 0.928350
0.7407 0.070525 0.928353
0.7408 0.070519 0.928357
0.7409 0.070512 0.928360
0.7410 0.070506 0.928364
0.7411 0.070501 0.928373
0.7412 0.070497 0.928381
0.7413 0.070493 0.928390
0.7414 0.070489 0.928399
0.7415 0.070484 0.928408
0.7416 0.070480 0.928417
0.7417 0.070476 0.928426
0.7418 0.070471 0.928435
0.7419 0.070467 0.928444
0.7420 0.070463 0.928453
0.7421 0.070453 0.928459
0.7422 0.070444 0.928466
0.7423 0.070434 0.928472
0.7424 0.070424 0.928479
0.7425 0.070415 0.928485
0.7426 0.070405 0.928492
0.7427 0.070396 0.928498
0.7428 0.070386 0.928505
0.7429 0.070376 0.928512
0.7430 0.070367 0.928518
0.7431 0.070360 0.928528
0.7432 0.070354 0.928537
0.7433 0.070347 0.928547
0.7434 0.070341 0.928557
0.7435 0.070334 0.928566
0.7436 0.070327 0.928576
0.7437 0.070321 0.928585
0.7438 0.070314 0.928595
0.7439 0.070308 0.928605
0.7440 0.070301 0.928614
0.7441 0.070292 0.928624
0.7442 0.070283 0.928633
0.7443 0.070275 0.928643
0.7444 0.070266 0.928653
0.7445 0.070257 0.928662
0.7446 0.070248 0.928672
0.7447 0.070239 0.928681
0.7448 0.070230 0.928691
0.7449 0.070221 0.928701
0.7450 0.070212 0.928710
0.7451 0.070203 0.928718
0.7452 0.070193 0.928725
0.7453 0.070183 0.928733
0.7454 0.070174 0.928740
0.7455 0.070164 0.928748
0.7456 0.070155 0.928755
0.7457 0.070145 0.928763
0.7458 0.070135 0.928770
0.7459 0.070126 0.928778
0.7460 0.070116 0.928785
0.7461 0.070110 0.928794
0.7462 0.070103 0.928803
0.7463 0.070097 0.928812
0.7464 0.070090 0.928821
0.7465 0.070084 0.928830
0.7466 0.070077 0.928839
0.7467 0.070070 0.928848
0.7468 0.070064 0.928856
0.7469 0.070057 0.928865
0.7470 0.070051 0.928874
0.7471 0.070038 0.928884
0.7472 0.070025 0.928893
0.7473 0.070012 0.928903
0.7474 0.070000 0.928913
0.7475 0.069987 0.928922
0.7476 0.069974 0.928932
0.7477 0.069961 0.928941
0.7478 0.069948 0.928951
0.7479 0.069935 0.928961
0.7480 0.069923 0.928970
0.7481 0.069916 0.928978
0.7482 0.069910 0.928985
0.7483 0.069903 0.928993
0.7484 0.069896 0.929000
0.7485 0.069890 0.929008
0.7486 0.069883 0.929015
0.7487 0.069877 0.929023
0.7488 0.069870 0.929030
0.7489 0.069864 0.929038
0.7490 0.069857 0.929045
0.7491 0.069847 0.929057
0.7492 0.069837 0.929069
0.7493 0.069828 0.929081
0.7494 0.069818 0.929093
0.7495 0.069808 0.929105
0.7496 0.069798 0.929116
0.7497 0.069788 0.929128
0.7498 0.069778 0.929140
0.7499 0.069768 0.929152
0.7500 0.069759 0.929164
0.7501 0.069747 0.929174
0.7502 0.069735 0.929185
0.7503 0.069723 0.929196
0.7504 0.069711 0.929206
0.7505 0.069699 0.929217
0.7506 0.069687 0.929227
0.7507 0.069676 0.929238
0.7508 0.069664 0.929248
0.7509 0.069652 0.929259
0.7510 0.069640 0.929269
0.7511 0.069633 0.929282
0.7512 0.069625 0.929294
0.7513 0.069618 0.929306
0.7514 0.069610 0.929318
0.7515 0.069603 0.929330
0.7516 0.069595 0.929342
0.7517 0.069588 0.929354
0.7518 0.069580 0.929366
0.7519 0.069573 0.929378
0.7520 0.069565 0.929390
0.7521 0.069550 0.929400
0.7522 0.069535 0.929409
0.7523 0.069520 0.929419
0.7524 0.069505 0.929429
0.7525 0.069489 0.929438
0.7526 0.069474 0.929448
0.7527 0.069459 0.929457
0.7528 0.069444 0.929467
0.7529 0.069429 0.929477
0.7530 0.069414 0.929486
0.7531 0.069404 0.929499
0.7532 0.069395 0.929512
0.7533 0.069385 0.929525
0.7534 0.069375 0.929537
0.7535 0.069366 0.929550
0.7536 0.069356 0.929563
0.7537 0.069347 0.929576
0.7538 0.069337 0.929589
0.7539 0.069327 0.929602
0.7540 0.069318 0.929614
0.7541 0.069305 0.929628
0.7542 0.069292 0.929642
0.7543 0.069279 0.929655
0.7544 0.069266 0.929669
0.7545 0.069254 0.929682
0.7546 0.069241 0.929696
0.7547 0.069228 0.929709
0.7548 0.069215 0.929723
0.7549 0.069202 0.929737
0.7550 0.069190 0.929750
0.7551 0.069179 0.929759
0.7552 0.069169 0.929768
0.7553 0.069158 0.929777
0.7554 0.069147 0.929786
0.7555 0.069137 0.929795
0.7556 0.069126 0.929804
0.7557 0.069116 0.929814
0.7558 0.069105 0.929823
0.7559 0.069095 0.929832
0.7560 0.069084 0.929841
0.7561 0.069072 0.929853
0.7562 0.069060 0.929866
0.7563 0.069048 0.929879
0.7564 0.069036 0.929892
0.7565 0.069024 0.929905
0.7566 0.069012 0.929918
0.7567 0.069000 0.929930
0.7568 0.068987 0.929943
0.7569 0.068975 0.929956
0.7570 0.068963 0.929969
0.7571 0.068950 0.929985
0.7572 0.068938 0.930000
0.7573 0.068925 0.930016
0.7574 0.068912 0.930032
0.7575 0.068899 0.930048
0.7576 0.068886 0.930064
0.7577 0.068874 0.930080
0.7578 0.068861 0.930095
0.7579 0.068848 0.930111
0.7580 0.068835 0.930127
0.7581 0.068820 0.930137
0.7582 0.068805 0.930147
0.7583 0.068790 0.930157
0.7584 0.068775 0.930167
0.7585 0.068759 0.930176
0.7586 0.068744 0.930186
0.7587 0.068729 0.930196
0.7588 0.068714 0.930206
0.7589 0.068699 0.930216
0.7590 0.068684 0.930226
0.7591 0.068674 0.930238
0.7592 0.068664 0.930251
0.7593 0.068655 0.930264
0.7594 0.068645 0.930277
0.7595 0.068635 0.930290
0.7596 0.068625 0.930302
0.7597 0.068616 0.930315
0.7598 0.068606 0.930328
0.7599 0.068596 0.930341
0.7600 0.068586 0.930353
0.7601 0.068570 0.930366
0.7602 0.068553 0.930378
0.7603 0.068536 0.930390
0.7604 0.068519 0.930402
0.7605 0.068502 0.930414
0.7606 0.068486 0.930426
0.7607 0.068469 0.930438
0.7608 0.068452 0.930450
0.7609 0.068435 0.930462
0.7610 0.068418 0.930475
0.7611 0.068406 0.930491
0.7612 0.068394 0.930508
0.7613 0.068382 0.930525
0.7614 0.068370 0.930542
0.7615 0.068358 0.930558
0.7616 0.068346 0.930575
0.7617 0.068334 0.930592
0.7618 0.068322 0.930609
0.7619 0.068309 0.930626
0.7620 0.068297 0.930642
0.7621 0.068282 0.930655
0.7622 0.068266 0.930667
0.7623 0.068250 0.930679
0.7624 0.068234 0.930691
0.7625 0.068218 0.930703
0.7626 0.068202 0.930715
0.7627 0.068186 0.930727
0.7628 0.068171 0.930739
0.7629 0.068155 0.930751
0.7630 0.068139 0.930763
0.7631 0.068129 0.930779
0.7632 0.068119 0.930795
0.7633 0.068109 0.930811
0.7634 0.068099 0.930827
0.7635 0.068089 0.930843
0.7636 0.068079 0.930859
0.7637 0.068069 0.930874
0.7638 0.068059 0.930890
0.7639 0.068049 0.930906
0.7640 0.068039 0.930922
0.7641 0.068023 0.930935
0.7642 0.068007 0.930948
0.7643 0.067991 0.930961
0.7644 0.067976 0.930974
0.7645 0.067960 0.930987
0.7646 0.067944 0.931000
0.7647 0.067928 0.931013
0.7648 0.067912 0.931026
0.7649 0.067896 0.931039
0.7650 0.067881 0.931052
0.7651 0.067865 0.931067
0.7652 0.067848 0.931082
0.7653 0.067832 0.931097
0.7654 0.067816 0.931112
0.7655 0.067800 0.931127
0.7656 0.067784 0.931142
0.7657 0.067768 0.931158
0.7658 0.067752 0.931173
0.7659 0.067736 0.931188
0.7660 0.067720 0.931203
0.7661 0.067708 0.931219
0.7662 0.067696 0.931235
0.7663 0.067683 0.931251
0.7664 0.067671 0.931267
0.7665 0.067659 0.931283
0.7666 0.067647 0.931299
0.7667 0.067635 0.931315
0.7668 0.067623 0.931331
0.7669 0.067611 0.931347
0.7670 0.067599 0.931364
0.7671 0.067585 0.931374
0.7672 0.067571 0.931385
0.7673 0.067558 0.931396
0.7674 0.067544 0.931406
0.7675 0.067530 0.931417
0.7676 0.067516 0.931428
0.7677 0.067503 0.931439
0.7678 0.067489 0.931449
0.7679 0.067475 0.931460
0.7680 0.067461 0.931471
0.7681 0.067446 0.931486
0.7682 0.067431 0.931501
0.7683 0.067416 0.931516
0.7684 0.067401 0.931531
0.7685 0.067386 0.931546
0.7686 0.067371 0.931561
0.7687 0.067356 0.931577
0.7688 0.067340 0.931592
0.7689 0.067325 0.931607
0.7690 0.067310 0.931622
0.7691 0.067294 0.931641
0.7692 0.067278 0.931660
0.7693 0.067262 0.931679
0.7694 0.067246 0.931698
0.7695 0.067230 0.931717
0.7696 0.067214 0.931736
0.7697 0.067198 0.931755
0.7698 0.067182 0.931774
0.7699 0.067166 0.931793
0.7700 0.067150 0.931812
0.7701 0.067137 0.931825
0.7702 0.067124 0.931839
0.7703 0.067111 0.931852
0.7704 0.067098 0.931865
0.7705 0.067085 0.931878
0.7706 0.067072 0.931891
0.7707 0.067059 0.931904
0.7708 0.067046 0.931917
0.7709 0.067033 0.931930
0.7710 0.067020 0.931943
0.7711 0.067004 0.931956
0.7712 0.066988 0.931969
0.7713 0.066971 0.931982
0.7714 0.066955 0.931995
0.7715 0.066939 0.932008
0.7716 0.066923 0.932021
0.7717 0.066907 0.932034
0.7718 0.066891 0.932047
0.7719 0.066875 0.932060
0.7720 0.066859 0.932073
0.7721 0.066844 0.932092
0.7722 0.066828 0.932110
0.7723 0.066813 0.932128
0.7724 0.066798 0.932147
0.7725 0.066782 0.932165
0.7726 0.066767 0.932183
0.7727 0.066752 0.932202
0.7728 0.066736 0.932220
0.7729 0.066721 0.932238
0.7730 0.066706 0.932257
0.7731 0.066693 0.932272
0.7732 0.066680 0.932288
0.7733 0.066667 0.932304
0.7734 0.066655 0.932320
0.7735 0.066642 0.932336
0.7736 0.066629 0.932352
0.7737 0.066616 0.932367
0.7738 0.066604 0.932383
0.7739 0.066591 0.932399
0.7740 0.066578 0.932415
0.7741 0.066560 0.932425
0.7742 0.066541 0.932435
0.7743 0.066523 0.932445
0.7744 0.066505 0.932455
0.7745 0.066486 0.932465
0.7746 0.066468 0.932475
0.7747 0.066450 0.932485
0.7748 0.066431 0.932495
0.7749 0.066413 0.932505
0.7750 0.066395 0.932515
0.7751 0.066385 0.932534
0.7752 0.066375 0.932554
0.7753 0.066365 0.932573
0.7754 0.066355 0.932592
0.7755 0.066345 0.932611
0.7756 0.066335 0.932631
0.7757 0.066325 0.932650
0.7758 0.066315 0.932669
0.7759 0.066305 0.932689
0.7760 0.066295 0.932708
0.7761 0.066275 0.932723
0.7762 0.066256 0.932738
0.7763 0.066237 0.932754
0.7764 0.066217 0.932769
0.7765 0.066198 0.932784
0.7766 0.066179 0.932799
0.7767 0.066160 0.932815
0.7768 0.066140 0.932830
0.7769 0.066121 0.932845
0.7770 0.066102 0.932861
0.7771 0.066086 0.932877
0.7772 0.066070 0.932893
0.7773 0.066053 0.932909
0.7774 0.066037 0.932925
0.7775 0.066021 0.932941
0.7776 0.066005 0.932957
0.7777 0.065989 0.932973
0.7778 0.065973 0.932989
0.7779 0.065957 0.933005
0.7780 0.065941 0.933021
0.7781 0.065926 0.933037
0.7782 0.065910 0.933052
0.7783 0.065895 0.933067
0.7784 0.065880 0.933083
0.7785 0.065865 0.933098
0.7786 0.065849 0.933113
0.7787 0.065834 0.933129
0.7788 0.065819 0.933144
0.7789 0.065803 0.933159
0.7790 0.065788 0.933175
0.7791 0.065775 0.933188
0.7792 0.065762 0.933201
0.7793 0.065749 0.933214
0.7794 0.065736 0.933227
0.7795 0.065723 0.933240
0.7796 0.065710 0.933253
0.7797 0.065697 0.933266
0.7798 0.065684 0.933279
0.7799 0.065671 0.933292
0.7800 0.065658 0.933305
0.7801 0.065642 0.933324
0.7802 0.065627 0.933343
0.7803 0.065612 0.933363
0.7804 0.065596 0.933382
0.7805 0.065581 0.933401
0.7806 0.065566 0.933421
0.7807 0.065551 0.933440
0.7808 0.065535 0.933459
0.7809 0.065520 0.933478
0.7810 0.065505 0.933498
0.7811 0.065485 0.933510
0.7812 0.065466 0.933522
0.7813 0.065447 0.933534
0.7814 0.065428 0.933547
0.7815 0.065408 0.933559
0.7816 0.065389 0.933571
0.7817 0.065370 0.933583
0.7818 0.065350 0.933596
0.7819 0.065331 0.933608
0.7820 0.065312 0.933620
0.7821 0.065302 0.933636
0.7822 0.065292 0.933652
0.7823 0.065282 0.933668
0.7824 0.065272 0.933685
0.7825 0.065262 0.933701
0.7826 0.065252 0.933717
0.7827 0.065242 0.933733
0.7828 0.065232 0.933749
0.7829 0.065222 0.933765
0.7830 0.065212 0.933781
0.7831 0.065194 0.933797
0.7832 0.065175 0.933813
0.7833 0.065157 0.933830
0.7834 0.065139 0.933846
0.7835 0.065120 0.933862
0.7836 0.065102 0.933878
0.7837 0.065084 0.933895
0.7838 0.065065 0.933911
0.7839 0.065047 0.933927
0.7840 0.065029 0.933943
0.7841 0.065012 0.933962
0.7842 0.064996 0.933980
0.7843 0.064980 0.933998
0.7844 0.064964 0.934017
0.7845 0.064947 0.934035
0.7846 0.064931 0.934053
0.7847 0.064915 0.934072
0.7848 0.064899 0.934090
0.7849 0.064882 0.934108
0.7850 0.064866 0.934127
0.7851 0.064856 0.934138
0.7852 0.064846 0.934149
0.7853 0.064836 0.934160
0.7854 0.064826 0.934171
0.7855 0.064816 0.934181
0.7856 0.064806 0.934192
0.7857 0.064796 0.934203
0.7858 0.064786 0.934214
0.7859 0.064776 0.934225
0.7860 0.064766 0.934236
0.7861 0.064747 0.934252
0.7862 0.064728 0.934267
0.7863 0.064708 0.934282
0.7864 0.064689 0.934297
0.7865 0.064670 0.934313
0.7866 0.064650 0.934328
0.7867 0.064631 0.934343
0.7868 0.064612 0.934358
0.7869 0.064593 0.934374
0.7870 0.064573 0.934389
0.7871 0.064561 0.934407
0.7872 0.064549 0.934426
0.7873 0.064536 0.934444
0.7874 0.064524 0.934462
0.7875 0.064512 0.934481
0.7876 0.064499 0.934499
0.7877 0.064487 0.934517
0.7878 0.064475 0.934536
0.7879 0.064462 0.934554
0.7880 0.064450 0.934572
0.7881 0.064437 0.934583
0.7882 0.064424 0.934594
0.7883 0.064411 0.934605
0.7884 0.064397 0.934616
0.7885 0.064384 0.934627
0.7886 0.064371 0.934638
0.7887 0.064358 0.934649
0.7888 0.064345 0.934660
0.7889 0.064331 0.934671
0.7890 0.064318 0.934682
0.7891 0.064300 0.934696
0.7892 0.064281 0.934711
0.7893 0.064263 0.934726
0.7894 0.064245 0.934740
0.7895 0.064226 0.934755
0.7896 0.064208 0.934769
0.7897 0.064190 0.934784
0.7898 0.064171 0.934798
0.7899 0.064153 0.934813
0.7900 0.064135 0.934828
0.7901 0.064121 0.934847
0.7902 0.064108 0.934866
0.7903 0.064095 0.934885
0.7904 0.064082 0.934905
0.7905 0.064068 0.934924
0.7906 0.064055 0.934943
0.7907 0.064042 0.934963
0.7908 0.064029 0.934982
0.7909 0.064015 0.935001
0.7910 0.064002 0.935020
0.7911 0.063990 0.935030
0.7912 0.063978 0.935040
0.7913 0.063965 0.935050
0.7914 0.063953 0.935060
0.7915 0.063941 0.935070
0.7916 0.063929 0.935080
0.7917 0.063916 0.935090
0.7918 0.063904 0.935100
0.7919 0.063892 0.935110
0.7920 0.063880 0.935120
0.7921 0.063863 0.935136
0.7922 0.063847 0.935152
0.7923 0.063831 0.935167
0.7924 0.063815 0.935183
0.7925 0.063798 0.935198
0.7926 0.063782 0.935214
0.7927 0.063766 0.935229
0.7928 0.063750 0.935245
0.7929 0.063733 0.935260
0.7930 0.063717 0.935276
0.7931 0.063708 0.935289
0.7932 0.063699 0.935302
0.7933 0.063689 0.935315
0.7934 0.063680 0.935329
0.7935 0.063671 0.935342
0.7936 0.063661 0.935355
0.7937 0.063652 0.935368
0.7938 0.063643 0.935381
0.7939 0.063634 0.935395
0.7940 0.063624 0.935408
0.7941 0.063608 0.935421
0.7942 0.063592 0.935434
0.7943 0.063576 0.935447
0.7944 0.063559 0.935460
0.7945 0.063543 0.935473
0.7946 0.063527 0.935486
0.7947 0.063511 0.935499
0.7948 0.063494 0.935512
0.7949 0.063478 0.935525
0.7950 0.063462 0.935538
0.7951 0.063447 0.935550
0.7952 0.063431 0.935563
0.7953 0.063416 0.935575
0.7954 0.063401 0.935588
0.7955 0.063385 0.935600
0.7956 0.063370 0.935613
0.7957 0.063355 0.935625
0.7958 0.063340 0.935638
0.7959 0.063324 0.935650
0.7960 0.063309 0.935663
0.7961 0.063296 0.935678
0.7962 0.063282 0.935694
0.7963 0.063269 0.935709
0.7964 0.063256 0.935724
0.7965 0.063243 0.935739
0.7966 0.063229 0.935755
0.7967 0.063216 0.935770
0.7968 0.063203 0.935785
0.7969 0.063189 0.935800
0.7970 0.063176 0.935816
0.7971 0.063164 0.935829
0.7972 0.063152 0.935842
0.7973 0.063139 0.935856
0.7974 0.063127 0.935869
0.7975 0.063115 0.935882
0.7976 0.063103 0.935896
0.7977 0.063090 0.935909
0.7978 0.063078 0.935922
0.7979 0.063066 0.935935
0.7980 0.063054 0.935949
0.7981 0.063038 0.935965
0.7982 0.063023 0.935981
0.7983 0.063007 0.935997
0.7984 0.062992 0.936014
0.7985 0.062976 0.936030
0.7986 0.062961 0.936046
0.7987 0.062945 0.936062
0.7988 0.062930 0.936079
0.7989 0.062914 0.936095
0.7990 0.062898 0.936111
0.7991 0.062888 0.936123
0.7992 0.062878 0.936134
0.7993 0.062868 0.936146
0.7994 0.062857 0.936157
0.7995 0.062847 0.936169
0.7996 0.062837 0.936180
0.7997 0.062827 0.936192
0.7998 0.062817 0.936203
0.7999 0.062806 0.936215
0.8000 0.062796 0.936227
0.8001 0.062784 0.936240
0.8002 0.062772 0.936254
0.8003 0.062759 0.936268
0.8004 0.062747 0.936282
0.8005 0.062735 0.936296
0.8006 0.062722 0.936310
0.8007 0.062710 0.936324
0.8008 0.062698 0.936338
0.8009 0.062686 0.936352
0.8010 0.062673 0.936366
0.8011 0.062660 0.936375
0.8012 0.062647 0.936383
0.8013 0.062634 0.936392
0.8014 0.062620 0.936400
0.8015 0.062607 0.936409
0.8016 0.062594 0.936417
0.8017 0.062581 0.936426
0.8018 0.062567 0.936434
0.8019 0.062554 0.936443
0.8020 0.062541 0.936451
0.8021 0.062532 0.936464
0.8022 0.062522 0.936476
0.8023 0.062513 0.936489
0.8024 0.062504 0.936501
0.8025 0.062495 0.936514
0.8026 0.062486 0.936526
0.8027 0.062476 0.936539
0.8028 0.062467 0.936551
0.8029 0.062458 0.936564
0.8030 0.062449 0.936576
0.8031 0.062436 0.936590
0.8032 0.062424 0.936604
0.8033 0.062411 0.936618
0.8034 0.062399 0.936632
0.8035 0.062386 0.936646
0.8036 0.062374 0.936660
0.8037 0.062361 0.936674
0.8038 0.062349 0.936688
0.8039 0.062336 0.936702
0.8040 0.062324 0.936716
0.8041 0.062311 0.936727
0.8042 0.062297 0.936739
0.8043 0.062284 0.936751
0.8044 0.062271 0.936762
0.8045 0.062258 0.936774
0.8046 0.062244 0.936785
0.8047 0.062231 0.936797
0.8048 0.062218 0.936808
0.8049 0.062204 0.936820
0.8050 0.062191 0.936831
0.8051 0.062179 0.936842
0.8052 0.062167 0.936852
0.8053 0.062154 0.936862
0.8054 0.062142 0.936872
0.8055 0.062130 0.936883
0.8056 0.062118 0.936893
0.8057 0.062105 0.936903
0.8058 0.062093 0.936913
0.8059 0.062081 0.936924
0.8060 0.062069 0.936934
0.8061 0.062058 0.936947
0.8062 0.062048 0.936960
0.8063 0.062038 0.936973
0.8064 0.062028 0.936987
0.8065 0.062017 0.937000
0.8066 0.062007 0.937013
0.8067 0.061997 0.937026
0.8068 0.061987 0.937039
0.8069 0.061976 0.937053
0.8070 0.061966 0.937066
0.8071 0.061954 0.937078
0.8072 0.061941 0.937090
0.8073 0.061929 0.937103
0.8074 0.061916 0.937115
0.8075 0.061904 0.937127
0.8076 0.061891 0.937140
0.8077 0.061879 0.937152
0.8078 0.061866 0.937164
0.8079 0.061854 0.937177
0.8080 0.061841 0.937189
0.8081 0.061832 0.937198
0.8082 0.061823 0.937208
0.8083 0.061813 0.937217
0.8084 0.061804 0.937227
0.8085 0.061795 0.937236
0.8086 0.061786 0.937246
0.8087 0.061776 0.937255
0.8088 0.061767 0.937264
0.8089 0.061758 0.937274
0.8090 0.061749 0.937283
0.8091 0.061736 0.937293
0.8092 0.061722 0.937302
0.8093 0.061709 0.937311
0.8094 0.061696 0.937321
0.8095 0.061683 0.937330
0.8096 0.061669 0.937339
0.8097 0.061656 0.937348
0.8098 0.061643 0.937358
0.8099 0.061630 0.937367
0.8100 0.061617 0.937376
0.8101 0.061607 0.937389
0.8102 0.061598 0.937403
0.8103 0.061589 0.937416
0.8104 0.061579 0.937429
0.8105 0.061570 0.937442
0.8106 0.061561 0.937456
0.8107 0.061552 0.937469
0.8108 0.061542 0.937482
0.8109 0.061533 0.937495
0.8110 0.061524 0.937508
0.8111 0.061514 0.937516
0.8112 0.061505 0.937523
0.8113 0.061495 0.937530
0.8114 0.061486 0.937537
0.8115 0.061477 0.937544
0.8116 0.061467 0.937551
0.8117 0.061458 0.937559
0.8118 0.061448 0.937566
0.8119 0.061439 0.937573
0.8120 0.061429 0.937580
0.8121 0.061420 0.937595
0.8122 0.061411 0.937609
0.8123 0.061401 0.937624
0.8124 0.061392 0.937638
0.8125 0.061383 0.937653
0.8126 0.061374 0.937668
0.8127 0.061364 0.937682
0.8128 0.061355 0.937697
0.8129 0.061346 0.937711
0.8130 0.061336 0.937726
0.8131 0.061326 0.937736
0.8132 0.061316 0.937746
0.8133 0.061306 0.937757
0.8134 0.061295 0.937767
0.8135 0.061285 0.937777
0.8136 0.061275 0.937787
0.8137 0.061265 0.937798
0.8138 0.061254 0.937808
0.8139 0.061244 0.937818
0.8140 0.061234 0.937828
0.8141 0.061225 0.937837
0.8142 0.061215 0.937845
0.8143 0.061206 0.937854
0.8144 0.061196 0.937862
0.8145 0.061187 0.937871
0.8146 0.061177 0.937879
0.8147 0.061168 0.937888
0.8148 0.061158 0.937896
0.8149 0.061149 0.937905
0.8150 0.061140 0.937913
0.8151 0.061130 0.937923
0.8152 0.061121 0.937934
0.8153 0.061112 0.937944
0.8154 0.061102 0.937954
0.8155 0.061093 0.937964
0.8156 0.061084 0.937975
0.8157 0.061075 0.937985
0.8158 0.061065 0.937995
0.8159 0.061056 0.938005
0.8160 0.061047 0.938016
0.8161 0.061037 0.938024
0.8162 0.061026 0.938031
0.8163 0.061016 0.938039
0.8164 0.061006 0.938047
0.8165 0.060996 0.938055
0.8166 0.060986 0.938063
0.8167 0.060976 0.938071
0.8168 0.060966 0.938079
0.8169 0.060955 0.938087
0.8170 0.060945 0.938095
0.8171 0.060936 0.938106
0.8172 0.060927 0.938118
0.8173 0.060917 0.938129
0.8174 0.060908 0.938141
0.8175 0.060899 0.938152
0.8176 0.060889 0.938164
0.8177 0.060880 0.938175
0.8178 0.060871 0.938187
0.8179 0.060862 0.938198
0.8180 0.060852 0.938210
0.8181 0.060845 0.938220
0.8182 0.060838 0.938230
0.8183 0.060831 0.938241
0.8184 0.060824 0.938251
0.8185 0.060816 0.938261
0.8186 0.060809 0.938271
0.8187 0.060802 0.938282
0.8188 0.060795 0.938292
0.8189 0.060788 0.938302
0.8190 0.060780 0.938312
0.8191 0.060771 0.938319
0.8192 0.060762 0.938325
0.8193 0.060753 0.938331
0.8194 0.060743 0.938337
0.8195 0.060734 0.938344
0.8196 0.060725 0.938350
0.8197 0.060715 0.938356
0.8198 0.060706 0.938362
0.8199 0.060697 0.938369
0.8200 0.060688 0.938375
0.8201 0.060678 0.938382
0.8202 0.060669 0.938389
0.8203 0.060659 0.938396
0.8204 0.060650 0.938404
0.8205 0.060640 0.938411
0.8206 0.060631 0.938418
0.8207 0.060621 0.938425
0.8208 0.060612 0.938432
0.8209 0.060603 0.938439
0.8210 0.060593 0.938447
0.8211 0.060587 0.938455
0.8212 0.060581 0.938464
0.8213 0.060574 0.938472
0.8214 0.060568 0.938481
0.8215 0.060562 0.938489
0.8216 0.060556 0.938498
0.8217 0.060550 0.938506
0.8218 0.060543 0.938515
0.8219 0.060537 0.938523
0.8220 0.060531 0.938532
0.8221 0.060522 0.938538
0.8222 0.060512 0.938544
0.8223 0.060503 0.938551
0.8224 0.060494 0.938557
0.8225 0.060484 0.938563
0.8226 0.060475 0.938569
0.8227 0.060466 0.938575
0.8228 0.060457 0.938582
0.8229 0.060447 0.938588
0.8230 0.060438 0.938594
0.8231 0.060434 0.938604
0.8232 0.060430 0.938615
0.8233 0.060425 0.938625
0.8234 0.060421 0.938635
0.8235 0.060417 0.938645
0.8236 0.060413 0.938656
0.8237 0.060409 0.938666
0.8238 0.060405 0.938676
0.8239 0.060400 0.938686
0.8240 0.060396 0.938697
0.8241 0.060387 0.938703
0.8242 0.060378 0.938709
0.8243 0.060368 0.938715
0.8244 0.060359 0.938722
0.8245 0.060350 0.938728
0.8246 0.060341 0.938734
0.8247 0.060331 0.938740
0.8248 0.060322 0.938746
0.8249 0.060313 0.938753
0.8250 0.060303 0.938759
0.8251 0.060294 0.938766
0.8252 0.060285 0.938773
0.8253 0.060275 0.938780
0.8254 0.060266 0.938788
0.8255 0.060256 0.938795
0.8256 0.060247 0.938802
0.8257 0.060237 0.938809
0.8258 0.060228 0.938816
0.8259 0.060218 0.938824
0.8260 0.060209 0.938831
0.8261 0.060203 0.938839
0.8262 0.060198 0.938848
0.8263 0.060192 0.938856
0.8264 0.060187 0.938865
0.8265 0.060181 0.938873
0.8266 0.060176 0.938882
0.8267 0.060170 0.938890
0.8268 0.060165 0.938899
0.8269 0.060159 0.938907
0.8270 0.060154 0.938916
0.8271 0.060151 0.938922
0.8272 0.060147 0.938928
0.8273 0.060144 0.938935
0.8274 0.060141 0.938941
0.8275 0.060138 0.938947
0.8276 0.060135 0.938953
0.8277 0.060131 0.938960
0.8278 0.060128 0.938966
0.8279 0.060125 0.938972
0.8280 0.060122 0.938978
0.8281 0.060111 0.938985
0.8282 0.060101 0.938993
0.8283 0.060091 0.939000
0.8284 0.060081 0.939007
0.8285 0.060070 0.939014
0.8286 0.060060 0.939021
0.8287 0.060050 0.939029
0.8288 0.060040 0.939036
0.8289 0.060030 0.939043
0.8290 0.060019 0.939050
0.8291 0.060013 0.939056
0.8292 0.060007 0.939061
0.8293 0.060001 0.939067
0.8294 0.059994 0.939072
0.8295 0.059988 0.939078
0.8296 0.059982 0.939083
0.8297 0.059976 0.939089
0.8298 0.059969 0.939095
0.8299 0.059963 0.939100
0.8300 0.059957 0.939106
0.8301 0.059954 0.939112
0.8302 0.059951 0.939118
0.8303 0.059947 0.939124
0.8304 0.059944 0.939131
0.8305 0.059941 0.939137
0.8306 0.059938 0.939143
0.8307 0.059935 0.939149
0.8308 0.059931 0.939156
0.8309 0.059928 0.939162
0.8310 0.059925 0.939168
0.8311 0.059918 0.939175
0.8312 0.059911 0.939182
0.8313 0.059903 0.939190
0.8314 0.059896 0.939197
0.8315 0.059889 0.939204
0.8316 0.059882 0.939211
0.8317 0.059875 0.939218
0.8318 0.059867 0.939226
0.8319 0.059860 0.939233
0.8320 0.059853 0.939240
0.8321 0.059844 0.939243
0.8322 0.059834 0.939246
0.8323 0.059825 0.939250
0.8324 0.059816 0.939253
0.8325 0.059807 0.939256
0.8326 0.059797 0.939259
0.8327 0.059788 0.939262
0.8328 0.059779 0.939266
0.8329 0.059769 0.939269
0.8330 0.059760 0.939272
0.8331 0.059757 0.939278
0.8332 0.059754 0.939284
0.8333 0.059750 0.939291
0.8334 0.059747 0.939297
0.8335 0.059744 0.939303
0.8336 0.059741 0.939309
0.8337 0.059738 0.939316
0.8338 0.059734 0.939322
0.8339 0.059731 0.939328
0.8340 0.059728 0.939334
0.8341 0.059723 0.939341
0.8342 0.059717 0.939347
0.8343 0.059711 0.939353
0.8344 0.059706 0.939359
0.8345 0.059700 0.939366
0.8346 0.059695 0.939372
0.8347 0.059689 0.939378
0.8348 0.059684 0.939384
0.8349 0.059678 0.939391
0.8350 0.059673 0.939397
0.8351 0.059670 0.939404
0.8352 0.059666 0.939411
0.8353 0.059663 0.939419
0.8354 0.059660 0.939426
0.8355 0.059657 0.939433
0.8356 0.059654 0.939440
0.8357 0.059650 0.939447
0.8358 0.059647 0.939454
0.8359 0.059644 0.939462
0.8360 0.059641 0.939469
0.8361 0.059636 0.939473
0.8362 0.059631 0.939477
0.8363 0.059626 0.939481
0.8364 0.059621 0.939485
0.8365 0.059616 0.939489
0.8366 0.059611 0.939493
0.8367 0.059606 0.939497
0.8368 0.059601 0.939501
0.8369 0.059596 0.939505
0.8370 0.059591 0.939509
0.8371 0.059588 0.939511
0.8372 0.059585 0.939514
0.8373 0.059582 0.939516
0.8374 0.059579 0.939519
0.8375 0.059575 0.939521
0.8376 0.059572 0.939524
0.8377 0.059569 0.939526
0.8378 0.059566 0.939529
0.8379 0.059563 0.939531
0.8380 0.059559 0.939534
0.8381 0.059553 0.939537
0.8382 0.059547 0.939540
0.8383 0.059541 0.939543
0.8384 0.059534 0.939546
0.8385 0.059528 0.939550
0.8386 0.059522 0.939553
0.8387 0.059516 0.939556
0.8388 0.059509 0.939559
0.8389 0.059503 0.939562
0.8390 0.059497 0.939566
0.8391 0.059494 0.939572
0.8392 0.059491 0.939578
0.8393 0.059487 0.939584
0.8394 0.059484 0.939591
0.8395 0.059481 0.939597
0.8396 0.059478 0.939603
0.8397 0.059475 0.939609
0.8398 0.059471 0.939615
0.8399 0.059468 0.939622
0.8400 0.059465 0.939628
0.8401 0.059462 0.939631
0.8402 0.059460 0.939634
0.8403 0.059457 0.939638
0.8404 0.059455 0.939641
0.8405 0.059452 0.939644
0.8406 0.059450 0.939647
0.8407 0.059447 0.939650
0.8408 0.059445 0.939654
0.8409 0.059442 0.939657
0.8410 0.059440 0.939660
0.8411 0.059436 0.939666
0.8412 0.059432 0.939672
0.8413 0.059428 0.939679
0.8414 0.059424 0.939685
0.8415 0.059420 0.939691
0.8416 0.059416 0.939697
0.8417 0.059412 0.939704
0.8418 0.059408 0.939710
0.8419 0.059404 0.939716
0.8420 0.059400 0.939722
0.8421 0.059394 0.939723
0.8422 0.059388 0.939723
0.8423 0.059381 0.939723
0.8424 0.059375 0.939723
0.8425 0.059369 0.939724
0.8426 0.059363 0.939724
0.8427 0.059356 0.939724
0.8428 0.059350 0.939724
0.8429 0.059344 0.939725
0.8430 0.059338 0.939725
0.8431 0.059334 0.939731
0.8432 0.059331 0.939737
0.8433 0.059328 0.939743
0.8434 0.059325 0.939750
0.8435 0.059321 0.939756
0.8436 0.059318 0.939762
0.8437 0.059315 0.939768
0.8438 0.059312 0.939775
0.8439 0.059309 0.939781
0.8440 0.059305 0.939787
0.8441 0.059302 0.939790
0.8442 0.059299 0.939794
0.8443 0.059296 0.939797
0.8444 0.059292 0.939800
0.8445 0.059289 0.939803
0.8446 0.059286 0.939806
0.8447 0.059283 0.939810
0.8448 0.059279 0.939813
0.8449 0.059276 0.939816
0.8450 0.059273 0.939819
0.8451 0.059273 0.939820
0.8452 0.059272 0.939821
0.8453 0.059272 0.939822
0.8454 0.059272 0.939823
0.8455 0.059272 0.939824
0.8456 0.059272 0.939825
0.8457 0.059272 0.939826
0.8458 0.059272 0.939827
0.8459 0.059271 0.939828
0.8460 0.059271 0.939829
0.8461 0.059268 0.939832
0.8462 0.059265 0.939835
0.8463 0.059262 0.939838
0.8464 0.059258 0.939842
0.8465 0.059255 0.939845
0.8466 0.059252 0.939848
0.8467 0.059249 0.939851
0.8468 0.059246 0.939854
0.8469 0.059242 0.939858
0.8470 0.059239 0.939861
0.8471 0.059235 0.939866
0.8472 0.059231 0.939872
0.8473 0.059227 0.939877
0.8474 0.059223 0.939883
0.8475 0.059219 0.939888
0.8476 0.059215 0.939894
0.8477 0.059211 0.939899
0.8478 0.059207 0.939905
0.8479 0.059203 0.939911
0.8480 0.059199 0.939916
0.8481 0.059197 0.939917
0.8482 0.059194 0.939918
0.8483 0.059192 0.939919
0.8484 0.059189 0.939920
0.8485 0.059187 0.939921
0.8486 0.059184 0.939922
0.8487 0.059182 0.939923
0.8488 0.059179 0.939924
0.8489 0.059177 0.939925
0.8490 0.059174 0.939926
0.8491 0.059171 0.939929
0.8492 0.059168 0.939932
0.8493 0.059165 0.939935
0.8494 0.059162 0.939938
0.8495 0.059158 0.939942
0.8496 0.059155 0.939945
0.8497 0.059152 0.939948
0.8498 0.059149 0.939951
0.8499 0.059146 0.939954
0.8500 0.059142 0.939958
0.8501 0.059142 0.939962
0.8502 0.059142 0.939966
0.8503 0.059142 0.939970
0.8504 0.059142 0.939974
0.8505 0.059142 0.939978
0.8506 0.059142 0.939982
0.8507 0.059142 0.939986
0.8508 0.059142 0.939989
0.8509 0.059142 0.939993
0.8510 0.059142 0.939997
0.8511 0.059136 0.940000
0.8512 0.059130 0.940002
0.8513 0.059124 0.940005
0.8514 0.059117 0.940007
0.8515 0.059111 0.940010
0.8516 0.059105 0.940012
0.8517 0.059099 0.940015
0.8518 0.059093 0.940017
0.8519 0.059086 0.940020
0.8520 0.059080 0.940022
0.8521 0.059080 0.940023
0.8522 0.059080 0.940024
0.8523 0.059079 0.940025
0.8524 0.059079 0.940026
0.8525 0.059079 0.940027
0.8526 0.059079 0.940028
0.8527 0.059078 0.940029
0.8528 0.059078 0.940030
0.8529 0.059078 0.940031
0.8530 0.059078 0.940032
0.8531 0.059074 0.940034
0.8532 0.059071 0.940036
0.8533 0.059068 0.940039
0.8534 0.059065 0.940041
0.8535 0.059062 0.940043
0.8536 0.059058 0.940045
0.8537 0.059055 0.940048
0.8538 0.059052 0.940050
0.8539 0.059049 0.940052
0.8540 0.059046 0.940054
0.8541 0.059045 0.940055
0.8542 0.059044 0.940056
0.8543 0.059043 0.940057
0.8544 0.059042 0.940058
0.8545 0.059041 0.940059
0.8546 0.059040 0.940060
0.8547 0.059039 0.940061
0.8548 0.059038 0.940062
0.8549 0.059037 0.940063
0.8550 0.059036 0.940064
0.8551 0.059037 0.940067
0.8552 0.059037 0.940069
0.8553 0.059038 0.940072
0.8554 0.059039 0.940074
0.8555 0.059039 0.940077
0.8556 0.059040 0.940079
0.8557 0.059041 0.940082
0.8558 0.059042 0.940084
0.8559 0.059042 0.940087
0.8560 0.059043 0.940089
0.8561 0.059040 0.940093
0.8562 0.059037 0.940097
0.8563 0.059033 0.940101
0.8564 0.059030 0.940105
0.8565 0.059027 0.940109
0.8566 0.059024 0.940113
0.8567 0.059021 0.940117
0.8568 0.059017 0.940121
0.8569 0.059014 0.940125
0.8570 0.059011 0.940129
0.8571 0.059013 0.940131
0.8572 0.059015 0.940133
0.8573 0.059017 0.940136
0.8574 0.059019 0.940138
0.8575 0.059021 0.940140
0.8576 0.059024 0.940142
0.8577 0.059026 0.940145
0.8578 0.059028 0.940147
0.8579 0.059030 0.940149
0.8580 0.059032 0.940151
0.8581 0.059030 0.940149
0.8582 0.059028 0.940147
0.8583 0.059025 0.940145
0.8584 0.059023 0.940143
0.8585 0.059021 0.940141
0.8586 0.059018 0.940139
0.8587 0.059016 0.940137
0.8588 0.059014 0.940135
0.8589 0.059012 0.940132
0.8590 0.059009 0.940130
0.8591 0.059006 0.940133
0.8592 0.059003 0.940135
0.8593 0.059000 0.940138
0.8594 0.058996 0.940140
0.8595 0.058993 0.940143
0.8596 0.058990 0.940145
0.8597 0.058987 0.940148
0.8598 0.058983 0.940150
0.8599 0.058980 0.940153
0.8600 0.058977 0.940155
0.8601 0.058976 0.940155
0.8602 0.058975 0.940155
0.8603 0.058974 0.940155
0.8604 0.058973 0.940155
0.8605 0.058972 0.940155
0.8606 0.058971 0.940155
0.8607 0.058970 0.940155
0.8608 0.058969 0.940155
0.8609 0.058968 0.940155
0.8610 0.058967 0.940155
0.8611 0.058965 0.940156
0.8612 0.058963 0.940157
0.8613 0.058960 0.940158
0.8614 0.058958 0.940159
0.8615 0.058956 0.940160
0.8616 0.058954 0.940161
0.8617 0.058951 0.940162
0.8618 0.058949 0.940163
0.8619 0.058947 0.940164
0.8620 0.058945 0.940165
0.8621 0.058944 0.940166
0.8622 0.058944 0.940168
0.8623 0.058944 0.940169
0.8624 0.058944 0.940171
0.8625 0.058943 0.940173
0.8626 0.058943 0.940174
0.8627 0.058943 0.940176
0.8628 0.058943 0.940177
0.8629 0.058943 0.940179
0.8630 0.058942 0.940180
0.8631 0.058945 0.940181
0.8632 0.058948 0.940182
0.8633 0.058951 0.940183
0.8634 0.058954 0.940184
0.8635 0.058958 0.940185
0.8636 0.058961 0.940186
0.8637 0.058964 0.940187
0.8638 0.058967 0.940188
0.8639 0.058970 0.940189
0.8640 0.058973 0.940190
0.8641 0.058970 0.940188
0.8642 0.058966 0.940186
0.8643 0.058963 0.940184
0.8644 0.058960 0.940181
0.8645 0.058957 0.940179
0.8646 0.058954 0.940177
0.8647 0.058950 0.940175
0.8648 0.058947 0.940173
0.8649 0.058944 0.940171
0.8650 0.058941 0.940169
0.8651 0.058941 0.940169
0.8652 0.058941 0.940169
0.8653 0.058941 0.940169
0.8654 0.058941 0.940169
0.8655 0.058941 0.940169
0.8656 0.058941 0.940169
0.8657 0.058941 0.940169
0.8658 0.058941 0.940169
0.8659 0.058941 0.940169
0.8660 0.058941 0.940169
0.8661 0.058941 0.940171
0.8662 0.058940 0.940174
0.8663 0.058940 0.940176
0.8664 0.058940 0.940179
0.8665 0.058940 0.940181
0.8666 0.058939 0.940184
0.8667 0.058939 0.940186
0.8668 0.058939 0.940189
0.8669 0.058939 0.940191
0.8670 0.058938 0.940194
0.8671 0.058938 0.940194
0.8672 0.058938 0.940194
0.8673 0.058938 0.940194
0.8674 0.058938 0.940194
0.8675 0.058938 0.940194
0.8676 0.058938 0.940194
0.8677 0.058938 0.940194
0.8678 0.058938 0.940194
0.8679 0.058938 0.940194
0.8680 0.058938 0.940194
0.8681 0.058940 0.940195
0.8682 0.058943 0.940196
0.8683 0.058945 0.940197
0.8684 0.058947 0.940198
0.8685 0.058949 0.940199
0.8686 0.058951 0.940199
0.8687 0.058953 0.940200
0.8688 0.058955 0.940201
0.8689 0.058957 0.940202
0.8690 0.058959 0.940203
0.8691 0.058958 0.940200
0.8692 0.058956 0.940196
0.8693 0.058955 0.940192
0.8694 0.058953 0.940188
0.8695 0.058952 0.940184
0.8696 0.058950 0.940181
0.8697 0.058949 0.940177
0.8698 0.058947 0.940173
0.8699 0.058945 0.940169
0.8700 0.058944 0.940166
0.8701 0.058943 0.940168
0.8702 0.058942 0.940170
0.8703 0.058941 0.940172
0.8704 0.058940 0.940175
0.8705 0.058939 0.940177
0.8706 0.058938 0.940179
0.8707 0.058937 0.940181
0.8708 0.058936 0.940184
0.8709 0.058935 0.940186
0.8710 0.058934 0.940188
0.8711 0.058937 0.940189
0.8712 0.058940 0.940190
0.8713 0.058943 0.940191
0.8714 0.058946 0.940192
0.8715 0.058949 0.940193
0.8716 0.058953 0.940194
0.8717 0.058956 0.940195
0.8718 0.058959 0.940196
0.8719 0.058962 0.940197
0.8720 0.058965 0.940198
0.8721 0.058968 0.940198
0.8722 0.058972 0.940198
0.8723 0.058976 0.940198
0.8724 0.058980 0.940198
0.8725 0.058983 0.940198
0.8726 0.058987 0.940198
0.8727 0.058991 0.940198
0.8728 0.058995 0.940198
0.8729 0.058999 0.940198
0.8730 0.059002 0.940198
0.8731 0.059001 0.940198
0.8732 0.059000 0.940198
0.8733 0.058999 0.940198
0.8734 0.058998 0.940199
0.8735 0.058998 0.940199
0.8736 0.058997 0.940199
0.8737 0.058996 0.940199
0.8738 0.058995 0.940200
0.8739 0.058994 0.940200
0.8740 0.058993 0.940200
0.8741 0.058993 0.940197
0.8742 0.058993 0.940194
0.8743 0.058993 0.940191
0.8744 0.058993 0.940188
0.8745 0.058993 0.940185
0.8746 0.058993 0.940182
0.8747 0.058993 0.940179
0.8748 0.058993 0.940176
0.8749 0.058993 0.940173
0.8750 0.058993 0.940170
0.8751 0.058990 0.940170
0.8752 0.058986 0.940170
0.8753 0.058983 0.940170
0.8754 0.058980 0.940170
0.8755 0.058977 0.940170
0.8756 0.058974 0.940170
0.8757 0.058970 0.940170
0.8758 0.058967 0.940170
0.8759 0.058964 0.940170
0.8760 0.058961 0.940170
0.8761 0.058964 0.940170
0.8762 0.058968 0.940170
0.8763 0.058972 0.940170
0.8764 0.058976 0.940171
0.8765 0.058980 0.940171
0.8766 0.058983 0.940171
0.8767 0.058987 0.940171
0.8768 0.058991 0.940172
0.8769 0.058995 0.940172
0.8770 0.058998 0.940172
0.8771 0.058998 0.940172
0.8772 0.058998 0.940172
0.8773 0.058998 0.940172
0.8774 0.058998 0.940172
0.8775 0.058998 0.940172
0.8776 0.058998 0.940172
0.8777 0.058998 0.940172
0.8778 0.058998 0.940172
0.8779 0.058998 0.940172
0.8780 0.058998 0.940172
0.8781 0.058998 0.940168
0.8782 0.058998 0.940164
0.8783 0.058998 0.940161
0.8784 0.058998 0.940157
0.8785 0.058998 0.940153
0.8786 0.058998 0.940149
0.8787 0.058998 0.940145
0.8788 0.058998 0.940141
0.8789 0.058998 0.940138
0.8790 0.058998 0.940134
0.8791 0.058998 0.940135
0.8792 0.058998 0.940136
0.8793 0.058998 0.940137
0.8794 0.058997 0.940138
0.8795 0.058997 0.940138
0.8796 0.058997 0.940139
0.8797 0.058997 0.940140
0.8798 0.058996 0.940141
0.8799 0.058996 0.940142
0.8800 0.058996 0.940143
0.8801 0.058999 0.940143
0.8802 0.059002 0.940142
0.8803 0.059005 0.940141
0.8804 0.059008 0.940140
0.8805 0.059011 0.940140
0.8806 0.059014 0.940139
0.8807 0.059017 0.940138
0.8808 0.059020 0.940138
0.8809 0.059023 0.940137
0.8810 0.059027 0.940136
0.8811 0.059030 0.940136
0.8812 0.059033 0.940136
0.8813 0.059036 0.940136
0.8814 0.059039 0.940136
0.8815 0.059042 0.940136
0.8816 0.059045 0.940136
0.8817 0.059048 0.940136
0.8818 0.059051 0.940136
0.8819 0.059054 0.940136
0.8820 0.059057 0.940136
0.8821 0.059057 0.940136
0.8822 0.059058 0.940136
0.8823 0.059059 0.940136
0.8824 0.059060 0.940136
0.8825 0.059060 0.940136
0.8826 0.059061 0.940136
0.8827 0.059062 0.940136
0.8828 0.059062 0.940136
0.8829 0.059063 0.940136
0.8830 0.059064 0.940136
0.8831 0.059063 0.940134
0.8832 0.059062 0.940132
0.8833 0.059061 0.940130
0.8834 0.059060 0.940128
0.8835 0.059059 0.940126
0.8836 0.059058 0.940124
0.8837 0.059057 0.940121
0.8838 0.059056 0.940119
0.8839 0.059055 0.940117
0.8840 0.059054 0.940115
0.8841 0.059057 0.940114
0.8842 0.059060 0.940114
0.8843 0.059063 0.940113
0.8844 0.059067 0.940112
0.8845 0.059070 0.940112
0.8846 0.059073 0.940111
0.8847 0.059076 0.940110
0.8848 0.059079 0.940109
0.8849 0.059082 0.940109
0.8850 0.059085 0.940108
0.8851 0.059085 0.940105
0.8852 0.059085 0.940102
0.8853 0.059085 0.940099
0.8854 0.059085 0.940096
0.8855 0.059085 0.940093
0.8856 0.059085 0.940090
0.8857 0.059085 0.940087
0.8858 0.059085 0.940084
0.8859 0.059085 0.940081
0.8860 0.059085 0.940078
0.8861 0.059086 0.940078
0.8862 0.059086 0.940078
0.8863 0.059087 0.940078
0.8864 0.059088 0.940078
0.8865 0.059088 0.940078
0.8866 0.059089 0.940078
0.8867 0.059090 0.940078
0.8868 0.059091 0.940078
0.8869 0.059091 0.940078
0.8870 0.059092 0.940078
0.8871 0.059095 0.940074
0.8872 0.059098 0.940070
0.8873 0.059101 0.940066
0.8874 0.059104 0.940063
0.8875 0.059107 0.940059
0.8876 0.059110 0.940055
0.8877 0.059113 0.940051
0.8878 0.059116 0.940048
0.8879 0.059119 0.940044
0.8880 0.059122 0.940040
0.8881 0.059125 0.940041
0.8882 0.059128 0.940042
0.8883 0.059131 0.940043
0.8884 0.059134 0.940044
0.8885 0.059137 0.940045
0.8886 0.059141 0.940046
0.8887 0.059144 0.940047
0.8888 0.059147 0.940048
0.8889 0.059150 0.940049
0.8890 0.059153 0.940050
0.8891 0.059153 0.940050
0.8892 0.059152 0.940050
0.8893 0.059152 0.940050
0.8894 0.059152 0.940050
0.8895 0.059152 0.940050
0.8896 0.059151 0.940050
0.8897 0.059151 0.940050
0.8898 0.059151 0.940050
0.8899 0.059151 0.940050
0.8900 0.059150 0.940050
0.8901 0.059150 0.940047
0.8902 0.059150 0.940044
0.8903 0.059150 0.940040
0.8904 0.059150 0.940037
0.8905 0.059150 0.940034
0.8906 0.059150 0.940031
0.8907 0.059150 0.940028
0.8908 0.059150 0.940025
0.8909 0.059150 0.940022
0.8910 0.059150 0.940019
0.8911 0.059150 0.940015
0.8912 0.059150 0.940012
0.8913 0.059150 0.940008
0.8914 0.059150 0.940004
0.8915 0.059150 0.940000
0.8916 0.059150 0.939997
0.8917 0.059150 0.939993
0.8918 0.059150 0.939989
0.8919 0.059150 0.939985
0.8920 0.059150 0.939982
0.8921 0.059156 0.939982
0.8922 0.059163 0.939982
0.8923 0.059169 0.939982
0.8924 0.059175 0.939982
0.8925 0.059181 0.939982
0.8926 0.059187 0.939982
0.8927 0.059193 0.939982
0.8928 0.059199 0.939982
0.8929 0.059205 0.939982
0.8930 0.059211 0.939982
0.8931 0.059214 0.939982
0.8932 0.059217 0.939982
0.8933 0.059220 0.939982
0.8934 0.059223 0.939982
0.8935 0.059226 0.939982
0.8936 0.059229 0.939982
0.8937 0.059232 0.939982
0.8938 0.059235 0.939982
0.8939 0.059238 0.939982
0.8940 0.059241 0.939982
0.8941 0.059241 0.939976
0.8942 0.059241 0.939971
0.8943 0.059241 0.939966
0.8944 0.059241 0.939960
0.8945 0.059241 0.939955
0.8946 0.059241 0.939950
0.8947 0.059241 0.939945
0.8948 0.059241 0.939939
0.8949 0.059241 0.939934
0.8950 0.059241 0.939929
0.8951 0.059244 0.939928
0.8952 0.059247 0.939927
0.8953 0.059250 0.939926
0.8954 0.059253 0.939926
0.8955 0.059256 0.939925
0.8956 0.059259 0.939924
0.8957 0.059262 0.939924
0.8958 0.059265 0.939923
0.8959 0.059268 0.939922
0.8960 0.059271 0.939922
0.8961 0.059271 0.939918
0.8962 0.059271 0.939915
0.8963 0.059271 0.939912
0.8964 0.059271 0.939909
0.8965 0.059271 0.939906
0.8966 0.059271 0.939903
0.8967 0.059271 0.939900
0.8968 0.059271 0.939897
0.8969 0.059271 0.939894
0.8970 0.059271 0.939891
0.8971 0.059275 0.939891
0.8972 0.059279 0.939891
0.8973 0.059283 0.939891
0.8974 0.059286 0.939891
0.8975 0.059290 0.939891
0.8976 0.059294 0.939891
0.8977 0.059298 0.939891
0.8978 0.059301 0.939891
0.8979 0.059305 0.939891
0.8980 0.059309 0.939891
0.8981 0.059309 0.939888
0.8982 0.059309 0.939885
0.8983 0.059309 0.939882
0.8984 0.059309 0.939879
0.8985 0.059309 0.939876
0.8986 0.059309 0.939873
0.8987 0.059309 0.939870
0.8988 0.059309 0.939867
0.8989 0.059309 0.939864
0.8990 0.059309 0.939861
0.8991 0.059312 0.939860
0.8992 0.059315 0.939859
0.8993 0.059318 0.939859
0.8994 0.059321 0.939858
0.8995 0.059324 0.939857
0.8996 0.059327 0.939856
0.8997 0.059330 0.939856
0.8998 0.059333 0.939855
0.8999 0.059336 0.939854
0.9000 0.059339 0.939854
0.9001 0.059340 0.939854
0.9002 0.059341 0.939854
0.9003 0.059341 0.939854
0.9004 0.059342 0.939854
0.9005 0.059343 0.939854
0.9006 0.059344 0.939854
0.9007 0.059344 0.939854
0.9008 0.059345 0.939854
0.9009 0.059346 0.939854
0.9010 0.059346 0.939854
0.9011 0.059352 0.939851
0.9012 0.059357 0.939848
0.9013 0.059362 0.939845
0.9014 0.059368 0.939842
0.9015 0.059373 0.939838
0.9016 0.059378 0.939835
0.9017 0.059383 0.939832
0.9018 0.059389 0.939829
0.9019 0.059394 0.939826
0.9020 0.059399 0.939823
0.9021 0.059399 0.939820
0.9022 0.059399 0.939817
0.9023 0.059399 0.939814
0.9024 0.059399 0.939811
0.9025 0.059399 0.939808
0.9026 0.059399 0.939805
0.9027 0.059399 0.939802
0.9028 0.059399 0.939799
0.9029 0.059399 0.939796
0.9030 0.059399 0.939793
0.9031 0.059402 0.939790
0.9032 0.059405 0.939787
0.9033 0.059408 0.939784
0.9034 0.059411 0.939781
0.9035 0.059414 0.939778
0.9036 0.059418 0.939775
0.9037 0.059421 0.939772
0.9038 0.059424 0.939769
0.9039 0.059427 0.939766
0.9040 0.059430 0.939763
0.9041 0.059430 0.939763
0.9042 0.059431 0.939763
0.9043 0.059432 0.939763
0.9044 0.059433 0.939763
0.9045 0.059433 0.939763
0.9046 0.059434 0.939763
0.9047 0.059435 0.939763
0.9048 0.059435 0.939763
0.9049 0.059436 0.939763
0.9050 0.059437 0.939763
0.9051 0.059440 0.939760
0.9052 0.059443 0.939757
0.9053 0.059446 0.939754
0.9054 0.059449 0.939751
0.9055 0.059452 0.939748
0.9056 0.059455 0.939745
0.9057 0.059458 0.939742
0.9058 0.059461 0.939739
0.9059 0.059464 0.939736
0.9060 0.059467 0.939733
0.9061 0.059470 0.939730
0.9062 0.059473 0.939727
0.9063 0.059476 0.939724
0.9064 0.059479 0.939721
0.9065 0.059482 0.939718
0.9066 0.059485 0.939715
0.9067 0.059488 0.939712
0.9068 0.059492 0.939708
0.9069 0.059495 0.939705
0.9070 0.059498 0.939702
0.9071 0.059500 0.939702
0.9072 0.059502 0.939701
0.9073 0.059504 0.939700
0.9074 0.059507 0.939699
0.9075 0.059509 0.939699
0.9076 0.059511 0.939698
0.9077 0.059513 0.939697
0.9078 0.059516 0.939697
0.9079 0.059518 0.939696
0.9080 0.059520 0.939695
0.9081 0.059521 0.939695
0.9082 0.059522 0.939695
0.9083 0.059522 0.939695
0.9084 0.059523 0.939695
0.9085 0.059524 0.939695
0.9086 0.059524 0.939695
0.9087 0.059525 0.939695
0.9088 0.059526 0.939695
0.9089 0.059527 0.939695
0.9090 0.059527 0.939695
0.9091 0.059531 0.939693
0.9092 0.059535 0.939691
0.9093 0.059539 0.939688
0.9094 0.059543 0.939686
0.9095 0.059547 0.939684
0.9096 0.059551 0.939682
0.9097 0.059555 0.939679
0.9098 0.059559 0.939677
0.9099 0.059563 0.939675
0.9100 0.059567 0.939673
0.9101 0.059570 0.939667
0.9102 0.059573 0.939661
0.9103 0.059576 0.939654
0.9104 0.059579 0.939648
0.9105 0.059582 0.939642
0.9106 0.059585 0.939636
0.9107 0.059588 0.939630
0.9108 0.059592 0.939624
0.9109 0.059595 0.939618
0.9110 0.059598 0.939612
0.9111 0.059598 0.939612
0.9112 0.059598 0.939612
0.9113 0.059598 0.939612
0.9114 0.059598 0.939612
0.9115 0.059598 0.939612
0.9116 0.059598 0.939612
0.9117 0.059598 0.939612
0.9118 0.059598 0.939612
0.9119 0.059598 0.939612
0.9120 0.059598 0.939612
0.9121 0.059601 0.939611
0.9122 0.059604 0.939610
0.9123 0.059607 0.939610
0.9124 0.059610 0.939609
0.9125 0.059612 0.939608
0.9126 0.059615 0.939608
0.9127 0.059618 0.939607
0.9128 0.059621 0.939606
0.9129 0.059624 0.939605
0.9130 0.059627 0.939605
0.9131 0.059630 0.939605
0.9132 0.059633 0.939605
0.9133 0.059636 0.939605
0.9134 0.059639 0.939605
0.9135 0.059642 0.939605
0.9136 0.059645 0.939605
0.9137 0.059648 0.939605
0.9138 0.059651 0.939605
0.9139 0.059654 0.939605
0.9140 0.059658 0.939605
0.9141 0.059661 0.939595
0.9142 0.059664 0.939586
0.9143 0.059667 0.939577
0.9144 0.059670 0.939568
0.9145 0.059673 0.939558
0.9146 0.059676 0.939549
0.9147 0.059679 0.939540
0.9148 0.059682 0.939530
0.9149 0.059685 0.939521
0.9150 0.059688 0.939512
0.9151 0.059688 0.939512
0.9152 0.059688 0.939512
0.9153 0.059688 0.939512
0.9154 0.059688 0.939512
0.9155 0.059688 0.939512
0.9156 0.059688 0.939512
0.9157 0.059688 0.939512
0.9158 0.059688 0.939512
0.9159 0.059688 0.939512
0.9160 0.059688 0.939512
0.9161 0.059689 0.939511
0.9162 0.059690 0.939510
0.9163 0.059690 0.939510
0.9164 0.059691 0.939509
0.9165 0.059692 0.939508
0.9166 0.059692 0.939508
0.9167 0.059693 0.939507
0.9168 0.059694 0.939506
0.9169 0.059695 0.939505
0.9170 0.059695 0.939505
0.9171 0.059704 0.939505
0.9172 0.059712 0.939505
0.9173 0.059720 0.939505
0.9174 0.059729 0.939505
0.9175 0.059737 0.939505
0.9176 0.059745 0.939505
0.9177 0.059754 0.939505
0.9178 0.059762 0.939505
0.9179 0.059770 0.939505
0.9180 0.059779 0.939505
0.9181 0.059780 0.939499
0.9182 0.059780 0.939493
0.9183 0.059781 0.939487
0.9184 0.059782 0.939480
0.9185 0.059783 0.939474
0.9186 0.059784 0.939468
0.9187 0.059785 0.939462
0.9188 0.059786 0.939456
0.9189 0.059787 0.939450
0.9190 0.059788 0.939444
0.9191 0.059788 0.939444
0.9192 0.059788 0.939444
0.9193 0.059788 0.939444
0.9194 0.059788 0.939444
0.9195 0.059788 0.939444
0.9196 0.059788 0.939444
0.9197 0.059788 0.939444
0.9198 0.059788 0.939444
0.9199 0.059788 0.939444
0.9200 0.059788 0.939444
0.9201 0.059788 0.939442
0.9202 0.059788 0.939439
0.9203 0.059788 0.939437
0.9204 0.059788 0.939435
0.9205 0.059788 0.939433
0.9206 0.059788 0.939430
0.9207 0.059788 0.939428
0.9208 0.059788 0.939426
0.9209 0.059788 0.939424
0.9210 0.059788 0.939421
0.9211 0.059795 0.939421
0.9212 0.059802 0.939420
0.9213 0.059808 0.939419
0.9214 0.059815 0.939419
0.9215 0.059822 0.939418
0.9216 0.059829 0.939417
0.9217 0.059836 0.939416
0.9218 0.059842 0.939416
0.9219 0.059849 0.939415
0.9220 0.059856 0.939414
0.9221 0.059858 0.939407
0.9222 0.059861 0.939400
0.9223 0.059863 0.939393
0.9224 0.059865 0.939386
0.9225 0.059867 0.939379
0.9226 0.059870 0.939372
0.9227 0.059872 0.939365
0.9228 0.059874 0.939358
0.9229 0.059876 0.939351
0.9230 0.059879 0.939344
0.9231 0.059879 0.939344
0.9232 0.059879 0.939344
0.9233 0.059879 0.939344
0.9234 0.059879 0.939344
0.9235 0.059879 0.939344
0.9236 0.059879 0.939344
0.9237 0.059879 0.939344
0.9238 0.059879 0.939344
0.9239 0.059879 0.939344
0.9240 0.059879 0.939344
0.9241 0.059880 0.939342
0.9242 0.059880 0.939339
0.9243 0.059881 0.939337
0.9244 0.059882 0.939335
0.9245 0.059883 0.939333
0.9246 0.059884 0.939330
0.9247 0.059885 0.939328
0.9248 0.059886 0.939326
0.9249 0.059887 0.939324
0.9250 0.059888 0.939321
0.9251 0.059895 0.939321
0.9252 0.059902 0.939320
0.9253 0.059908 0.939319
0.9254 0.059915 0.939319
0.9255 0.059922 0.939318
0.9256 0.059929 0.939317
0.9257 0.059936 0.939316
0.9258 0.059942 0.939316
0.9259 0.059949 0.939315
0.9260 0.059956 0.939314
0.9261 0.059958 0.939311
0.9262 0.059961 0.939308
0.9263 0.059963 0.939305
0.9264 0.059965 0.939302
0.9265 0.059967 0.939299
0.9266 0.059970 0.939296
0.9267 0.059972 0.939293
0.9268 0.059974 0.939290
0.9269 0.059976 0.939287
0.9270 0.059979 0.939284
0.9271 0.059979 0.939281
0.9272 0.059979 0.939278
0.9273 0.059979 0.939275
0.9274 0.059979 0.939272
0.9275 0.059979 0.939269
0.9276 0.059979 0.939266
0.9277 0.059979 0.939263
0.9278 0.059979 0.939260
0.9279 0.059979 0.939257
0.9280 0.059979 0.939254
0.9281 0.059979 0.939254
0.9282 0.059979 0.939254
0.9283 0.059979 0.939254
0.9284 0.059979 0.939254
0.9285 0.059979 0.939254
0.9286 0.059979 0.939254
0.9287 0.059979 0.939254
0.9288 0.059979 0.939254
0.9289 0.059979 0.939254
0.9290 0.059979 0.939254
0.9291 0.059985 0.939250
0.9292 0.059992 0.939247
0.9293 0.059999 0.939244
0.9294 0.060006 0.939241
0.9295 0.060013 0.939237
0.9296 0.060019 0.939234
0.9297 0.060026 0.939231
0.9298 0.060033 0.939228
0.9299 0.060040 0.939225
0.9300 0.060046 0.939221
0.9301 0.060047 0.939221
0.9302 0.060048 0.939220
0.9303 0.060049 0.939219
0.9304 0.060050 0.939219
0.9305 0.060051 0.939218
0.9306 0.060052 0.939217
0.9307 0.060053 0.939216
0.9308 0.060054 0.939216
0.9309 0.060055 0.939215
0.9310 0.060056 0.939214
0.9311 0.060058 0.939208
0.9312 0.060061 0.939202
0.9313 0.060063 0.939196
0.9314 0.060065 0.939190
0.9315 0.060067 0.939184
0.9316 0.060070 0.939178
0.9317 0.060072 0.939172
0.9318 0.060074 0.939166
0.9319 0.060076 0.939160
0.9320 0.060079 0.939154
0.9321 0.060079 0.939154
0.9322 0.060079 0.939154
0.9323 0.060079 0.939154
0.9324 0.060079 0.939154
0.9325 0.060079 0.939154
0.9326 0.060079 0.939154
0.9327 0.060079 0.939154
0.9328 0.060079 0.939154
0.9329 0.060079 0.939154
0.9330 0.060079 0.939154
0.9331 0.060085 0.939154
0.9332 0.060091 0.939154
0.9333 0.060097 0.939154
0.9334 0.060103 0.939154
0.9335 0.060109 0.939154
0.9336 0.060115 0.939154
0.9337 0.060121 0.939154
0.9338 0.060127 0.939154
0.9339 0.060133 0.939154
0.9340 0.060139 0.939154
0.9341 0.060140 0.939151
0.9342 0.060141 0.939149
0.9343 0.060142 0.939147
0.9344 0.060142 0.939145
0.9345 0.060143 0.939142
0.9346 0.060144 0.939140
0.9347 0.060144 0.939138
0.9348 0.060145 0.939135
0.9349 0.060146 0.939133
0.9350 0.060146 0.939131
0.9351 0.060150 0.939123
0.9352 0.060153 0.939115
0.9353 0.060156 0.939108
0.9354 0.060159 0.939100
0.9355 0.060163 0.939092
0.9356 0.060166 0.939085
0.9357 0.060169 0.939077
0.9358 0.060172 0.939069
0.9359 0.060175 0.939061
0.9360 0.060179 0.939054
0.9361 0.060179 0.939054
0.9362 0.060179 0.939054
0.9363 0.060179 0.939054
0.9364 0.060179 0.939054
0.9365 0.060179 0.939054
0.9366 0.060179 0.939054
0.9367 0.060179 0.939054
0.9368 0.060179 0.939054
0.9369 0.060179 0.939054
0.9370 0.060179 0.939054
0.9371 0.060185 0.939054
0.9372 0.060191 0.939054
0.9373 0.060197 0.939054
0.9374 0.060203 0.939054
0.9375 0.060209 0.939054
0.9376 0.060215 0.939054
0.9377 0.060221 0.939054
0.9378 0.060227 0.939054
0.9379 0.060233 0.939054
0.9380 0.060239 0.939054
0.9381 0.060240 0.939051
0.9382 0.060241 0.939049
0.9383 0.060242 0.939047
0.9384 0.060242 0.939045
0.9385 0.060243 0.939042
0.9386 0.060244 0.939040
0.9387 0.060244 0.939038
0.9388 0.060245 0.939035
0.9389 0.060246 0.939033
0.9390 0.060246 0.939031
0.9391 0.060249 0.939025
0.9392 0.060251 0.939019
0.9393 0.060253 0.939013
0.9394 0.060255 0.939007
0.9395 0.060258 0.939001
0.9396 0.060260 0.938994
0.9397 0.060262 0.938988
0.9398 0.060265 0.938982
0.9399 0.060267 0.938976
0.9400 0.060269 0.938970
0.9401 0.060270 0.938968
0.9402 0.060271 0.938967
0.9403 0.060272 0.938965
0.9404 0.060273 0.938963
0.9405 0.060274 0.938962
0.9406 0.060275 0.938960
0.9407 0.060276 0.938959
0.9408 0.060277 0.938957
0.9409 0.060278 0.938955
0.9410 0.060279 0.938954
0.9411 0.060285 0.938954
0.9412 0.060291 0.938954
0.9413 0.060297 0.938954
0.9414 0.060303 0.938954
0.9415 0.060309 0.938954
0.9416 0.060315 0.938954
0.9417 0.060321 0.938954
0.9418 0.060327 0.938954
0.9419 0.060333 0.938954
0.9420 0.060339 0.938954
0.9421 0.060339 0.938954
0.9422 0.060339 0.938954
0.9423 0.060339 0.938954
0.9424 0.060339 0.938954
0.9425 0.060339 0.938954
0.9426 0.060339 0.938954
0.9427 0.060339 0.938954
0.9428 0.060339 0.938954
0.9429 0.060339 0.938954
0.9430 0.060339 0.938954
0.9431 0.060342 0.938948
0.9432 0.060345 0.938943
0.9433 0.060348 0.938938
0.9434 0.060351 0.938932
0.9435 0.060354 0.938927
0.9436 0.060357 0.938922
0.9437 0.060360 0.938917
0.9438 0.060363 0.938911
0.9439 0.060366 0.938906
0.9440 0.060369 0.938901
0.9441 0.060369 0.938898
0.9442 0.060369 0.938895
0.9443 0.060369 0.938892
0.9444 0.060369 0.938889
0.9445 0.060369 0.938885
0.9446 0.060369 0.938882
0.9447 0.060369 0.938879
0.9448 0.060369 0.938876
0.9449 0.060369 0.938873
0.9450 0.060369 0.938870
0.9451 0.060376 0.938868
0.9452 0.060383 0.938867
0.9453 0.060390 0.938865
0.9454 0.060397 0.938863
0.9455 0.060404 0.938862
0.9456 0.060411 0.938860
0.9457 0.060418 0.938859
0.9458 0.060425 0.938857
0.9459 0.060432 0.938855
0.9460 0.060439 0.938854
0.9461 0.060439 0.938854
0.9462 0.060439 0.938854
0.9463 0.060439 0.938854
0.9464 0.060439 0.938854
0.9465 0.060439 0.938854
0.9466 0.060439 0.938854
0.9467 0.060439 0.938854
0.9468 0.060439 0.938854
0.9469 0.060439 0.938854
0.9470 0.060439 0.938854
0.9471 0.060440 0.938851
0.9472 0.060441 0.938849
0.9473 0.060442 0.938847
0.9474 0.060442 0.938845
0.9475 0.060443 0.938842
0.9476 0.060444 0.938840
0.9477 0.060444 0.938838
0.9478 0.060445 0.938835
0.9479 0.060446 0.938833
0.9480 0.060446 0.938831
0.9481 0.060449 0.938825
0.9482 0.060451 0.938819
0.9483 0.060453 0.938813
0.9484 0.060455 0.938807
0.9485 0.060458 0.938801
0.9486 0.060460 0.938794
0.9487 0.060462 0.938788
0.9488 0.060465 0.938782
0.9489 0.060467 0.938776
0.9490 0.060469 0.938770
0.9491 0.060472 0.938770
0.9492 0.060475 0.938770
0.9493 0.060478 0.938770
0.9494 0.060481 0.938770
0.9495 0.060484 0.938770
0.9496 0.060487 0.938770
0.9497 0.060490 0.938770
0.9498 0.060493 0.938770
0.9499 0.060496 0.938770
0.9500 0.060499 0.938770
0.9501 0.060503 0.938768
0.9502 0.060507 0.938767
0.9503 0.060511 0.938765
0.9504 0.060515 0.938763
0.9505 0.060519 0.938762
0.9506 0.060523 0.938760
0.9507 0.060527 0.938759
0.9508 0.060531 0.938757
0.9509 0.060535 0.938755
0.9510 0.060539 0.938754
0.9511 0.060539 0.938754
0.9512 0.060539 0.938754
0.9513 0.060539 0.938754
0.9514 0.060539 0.938754
0.9515 0.060539 0.938754
0.9516 0.060539 0.938754
0.9517 0.060539 0.938754
0.9518 0.060539 0.938754
0.9519 0.060539 0.938754
0.9520 0.060539 0.938754
0.9521 0.060542 0.938748
0.9522 0.060545 0.938743
0.9523 0.060548 0.938738
0.9524 0.060551 0.938732
0.9525 0.060554 0.938727
0.9526 0.060557 0.938722
0.9527 0.060560 0.938717
0.9528 0.060563 0.938711
0.9529 0.060566 0.938706
0.9530 0.060569 0.938701
0.9531 0.060572 0.938698
0.9532 0.060575 0.938695
0.9533 0.060578 0.938692
0.9534 0.060581 0.938689
0.9535 0.060584 0.938685
0.9536 0.060587 0.938682
0.9537 0.060590 0.938679
0.9538 0.060593 0.938676
0.9539 0.060596 0.938673
0.9540 0.060599 0.938670
0.9541 0.060603 0.938670
0.9542 0.060607 0.938670
0.9543 0.060611 0.938670
0.9544 0.060615 0.938670
0.9545 0.060619 0.938670
0.9546 0.060623 0.938670
0.9547 0.060627 0.938670
0.9548 0.060631 0.938670
0.9549 0.060635 0.938670
0.9550 0.060639 0.938670
0.9551 0.060639 0.938668
0.9552 0.060639 0.938667
0.9553 0.060639 0.938665
0.9554 0.060639 0.938663
0.9555 0.060639 0.938662
0.9556 0.060639 0.938660
0.9557 0.060639 0.938659
0.9558 0.060639 0.938657
0.9559 0.060639 0.938655
0.9560 0.060639 0.938654
0.9561 0.060642 0.938648
0.9562 0.060644 0.938643
0.9563 0.060646 0.938638
0.9564 0.060648 0.938632
0.9565 0.060651 0.938627
0.9566 0.060653 0.938622
0.9567 0.060655 0.938617
0.9568 0.060657 0.938611
0.9569 0.060660 0.938606
0.9570 0.060662 0.938601
0.9571 0.060666 0.938598
0.9572 0.060669 0.938595
0.9573 0.060673 0.938592
0.9574 0.060677 0.938589
0.9575 0.060681 0.938585
0.9576 0.060684 0.938582
0.9577 0.060688 0.938579
0.9578 0.060692 0.938576
0.9579 0.060696 0.938573
0.9580 0.060699 0.938570
0.9581 0.060702 0.938570
0.9582 0.060705 0.938570
0.9583 0.060708 0.938570
0.9584 0.060711 0.938570
0.9585 0.060715 0.938570
0.9586 0.060718 0.938570
0.9587 0.060721 0.938570
0.9588 0.060724 0.938570
0.9589 0.060727 0.938570
0.9590 0.060730 0.938570
0.9591 0.060731 0.938570
0.9592 0.060732 0.938570
0.9593 0.060733 0.938570
0.9594 0.060734 0.938570
0.9595 0.060735 0.938570
0.9596 0.060736 0.938570
0.9597 0.060737 0.938570
0.9598 0.060737 0.938570
0.9599 0.060738 0.938570
0.9600 0.060739 0.938570
0.9601 0.060742 0.938568
0.9602 0.060744 0.938567
0.9603 0.060746 0.938565
0.9604 0.060748 0.938563
0.9605 0.060751 0.938562
0.9606 0.060753 0.938560
0.9607 0.060755 0.938559
0.9608 0.060757 0.938557
0.9609 0.060760 0.938555
0.9610 0.060762 0.938554
0.9611 0.060765 0.938548
0.9612 0.060768 0.938543
0.9613 0.060771 0.938538
0.9614 0.060774 0.938532
0.9615 0.060777 0.938527
0.9616 0.060780 0.938522
0.9617 0.060783 0.938517
0.9618 0.060786 0.938511
0.9619 0.060789 0.938506
0.9620 0.060792 0.938501
0.9621 0.060796 0.938498
0.9622 0.060800 0.938495
0.9623 0.060803 0.938492
0.9624 0.060807 0.938489
0.9625 0.060811 0.938485
0.9626 0.060815 0.938482
0.9627 0.060819 0.938479
0.9628 0.060822 0.938476
0.9629 0.060826 0.938473
0.9630 0.060830 0.938470
0.9631 0.060831 0.938470
0.9632 0.060832 0.938470
0.9633 0.060833 0.938470
0.9634 0.060834 0.938470
0.9635 0.060835 0.938470
0.9636 0.060836 0.938470
0.9637 0.060837 0.938470
0.9638 0.060837 0.938470
0.9639 0.060838 0.938470
0.9640 0.060839 0.938470
0.9641 0.060842 0.938470
0.9642 0.060844 0.938470
0.9643 0.060846 0.938470
0.9644 0.060848 0.938470
0.9645 0.060851 0.938470
0.9646 0.060853 0.938470
0.9647 0.060855 0.938470
0.9648 0.060857 0.938470
0.9649 0.060860 0.938470
0.9650 0.060862 0.938470
0.9651 0.060865 0.938464
0.9652 0.060868 0.938458
0.9653 0.060871 0.938451
0.9654 0.060874 0.938445
0.9655 0.060877 0.938439
0.9656 0.060880 0.938433
0.9657 0.060883 0.938427
0.9658 0.060886 0.938420
0.9659 0.060889 0.938414
0.9660 0.060892 0.938408
0.9661 0.060892 0.938404
0.9662 0.060892 0.938400
0.9663 0.060892 0.938397
0.9664 0.060892 0.938393
0.9665 0.060892 0.938389
0.9666 0.060892 0.938385
0.9667 0.060892 0.938381
0.9668 0.060892 0.938378
0.9669 0.060892 0.938374
0.9670 0.060892 0.938370
0.9671 0.060896 0.938370
0.9672 0.060900 0.938370
0.9673 0.060903 0.938370
0.9674 0.060907 0.938370
0.9675 0.060911 0.938370
0.9676 0.060915 0.938370
0.9677 0.060919 0.938370
0.9678 0.060922 0.938370
0.9679 0.060926 0.938370
0.9680 0.060930 0.938370
0.9681 0.060933 0.938370
0.9682 0.060936 0.938370
0.9683 0.060939 0.938370
0.9684 0.060943 0.938370
0.9685 0.060946 0.938370
0.9686 0.060949 0.938370
0.9687 0.060952 0.938370
0.9688 0.060956 0.938370
0.9689 0.060959 0.938370
0.9690 0.060962 0.938370
0.9691 0.060965 0.938364
0.9692 0.060968 0.938358
0.9693 0.060971 0.938351
0.9694 0.060974 0.938345
0.9695 0.060977 0.938339
0.9696 0.060980 0.938333
0.9697 0.060983 0.938327
0.9698 0.060986 0.938320
0.9699 0.060989 0.938314
0.9700 0.060992 0.938308
0.9701 0.060992 0.938308
0.9702 0.060992 0.938308
0.9703 0.060992 0.938308
0.9704 0.060992 0.938308
0.9705 0.060992 0.938308
0.9706 0.060992 0.938308
0.9707 0.060992 0.938308
0.9708 0.060992 0.938308
0.9709 0.060992 0.938308
0.9710 0.060992 0.938308
0.9711 0.060995 0.938305
0.9712 0.060998 0.938302
0.9713 0.061001 0.938299
0.9714 0.061004 0.938296
0.9715 0.061007 0.938293
0.9716 0.061011 0.938289
0.9717 0.061014 0.938286
0.9718 0.061017 0.938283
0.9719 0.061020 0.938280
0.9720 0.061023 0.938277
0.9721 0.061026 0.938277
0.9722 0.061029 0.938276
0.9723 0.061032 0.938275
0.9724 0.061036 0.938274
0.9725 0.061039 0.938274
0.9726 0.061042 0.938273
0.9727 0.061045 0.938272
0.9728 0.061048 0.938272
0.9729 0.061052 0.938271
0.9730 0.061055 0.938270
0.9731 0.061059 0.938270
0.9732 0.061062 0.938270
0.9733 0.061066 0.938270
0.9734 0.061070 0.938270
0.9735 0.061073 0.938270
0.9736 0.061077 0.938270
0.9737 0.061081 0.938270
0.9738 0.061085 0.938270
0.9739 0.061088 0.938270
0.9740 0.061092 0.938270
0.9741 0.061092 0.938264
0.9742 0.061092 0.938258
0.9743 0.061092 0.938251
0.9744 0.061092 0.938245
0.9745 0.061092 0.938239
0.9746 0.061092 0.938233
0.9747 0.061092 0.938227
0.9748 0.061092 0.938220
0.9749 0.061092 0.938214
0.9750 0.061092 0.938208
0.9751 0.061092 0.938208
0.9752 0.061092 0.938208
0.9753 0.061092 0.938208
0.9754 0.061092 0.938208
0.9755 0.061092 0.938208
0.9756 0.061092 0.938208
0.9757 0.061092 0.938208
0.9758 0.061092 0.938208
0.9759 0.061092 0.938208
0.9760 0.061092 0.938208
0.9761 0.061098 0.938205
0.9762 0.061105 0.938202
0.9763 0.061111 0.938199
0.9764 0.061117 0.938196
0.9765 0.061123 0.938193
0.9766 0.061130 0.938189
0.9767 0.061136 0.938186
0.9768 0.061142 0.938183
0.9769 0.061149 0.938180
0.9770 0.061155 0.938177
0.9771 0.061158 0.938177
0.9772 0.061161 0.938177
0.9773 0.061164 0.938177
0.9774 0.061167 0.938177
0.9775 0.061170 0.938177
0.9776 0.061173 0.938177
0.9777 0.061176 0.938177
0.9778 0.061179 0.938177
0.9779 0.061182 0.938177
0.9780 0.061185 0.938177
0.9781 0.061186 0.938170
0.9782 0.061186 0.938163
0.9783 0.061187 0.938156
0.9784 0.061188 0.938149
0.9785 0.061189 0.938143
0.9786 0.061189 0.938136
0.9787 0.061190 0.938129
0.9788 0.061191 0.938122
0.9789 0.061191 0.938115
0.9790 0.061192 0.938108
0.9791 0.061192 0.938108
0.9792 0.061192 0.938108
0.9793 0.061192 0.938108
0.9794 0.061192 0.938108
0.9795 0.061192 0.938108
0.9796 0.061192 0.938108
0.9797 0.061192 0.938108
0.9798 0.061192 0.938108
0.9799 0.061192 0.938108
0.9800 0.061192 0.938108
0.9801 0.061198 0.938108
0.9802 0.061205 0.938108
0.9803 0.061211 0.938108
0.9804 0.061217 0.938108
0.9805 0.061223 0.938108
0.9806 0.061230 0.938108
0.9807 0.061236 0.938108
0.9808 0.061242 0.938108
0.9809 0.061249 0.938108
0.9810 0.061255 0.938108
0.9811 0.061258 0.938105
0.9812 0.061261 0.938102
0.9813 0.061264 0.938099
0.9814 0.061267 0.938096
0.9815 0.061270 0.938093
0.9816 0.061273 0.938089
0.9817 0.061276 0.938086
0.9818 0.061279 0.938083
0.9819 0.061282 0.938080
0.9820 0.061285 0.938077
0.9821 0.061285 0.938071
0.9822 0.061285 0.938065
0.9823 0.061285 0.938059
0.9824 0.061285 0.938052
0.9825 0.061285 0.938046
0.9826 0.061285 0.938040
0.9827 0.061285 0.938034
0.9828 0.061285 0.938027
0.9829 0.061285 0.938021
0.9830 0.061285 0.938015
0.9831 0.061285 0.938015
0.9832 0.061285 0.938015
0.9833 0.061285 0.938015
0.9834 0.061285 0.938015
0.9835 0.061285 0.938015
0.9836 0.061285 0.938015
0.9837 0.061285 0.938015
0.9838 0.061285 0.938015
0.9839 0.061285 0.938015
0.9840 0.061285 0.938015
0.9841 0.061289 0.938014
0.9842 0.061293 0.938014
0.9843 0.061297 0.938013
0.9844 0.061301 0.938012
0.9845 0.061305 0.938011
0.9846 0.061309 0.938011
0.9847 0.061312 0.938010
0.9848 0.061316 0.938009
0.9849 0.061320 0.938009
0.9850 0.061324 0.938008
0.9851 0.061330 0.938008
0.9852 0.061336 0.938008
0.9853 0.061342 0.938008
0.9854 0.061349 0.938008
0.9855 0.061355 0.938008
0.9856 0.061361 0.938008
0.9857 0.061367 0.938008
0.9858 0.061373 0.938008
0.9859 0.061379 0.938008
0.9860 0.061385 0.938008
0.9861 0.061385 0.938003
0.9862 0.061385 0.937997
0.9863 0.061385 0.937992
0.9864 0.061385 0.937987
0.9865 0.061385 0.937981
0.9866 0.061385 0.937976
0.9867 0.061385 0.937971
0.9868 0.061385 0.937965
0.9869 0.061385 0.937960
0.9870 0.061385 0.937955
0.9871 0.061385 0.937951
0.9872 0.061385 0.937947
0.9873 0.061385 0.937943
0.9874 0.061385 0.937939
0.9875 0.061385 0.937935
0.9876 0.061385 0.937931
0.9877 0.061385 0.937927
0.9878 0.061385 0.937923
0.9879 0.061385 0.937919
0.9880 0.061385 0.937915
0.9881 0.061388 0.937915
0.9882 0.061391 0.937915
0.9883 0.061395 0.937915
0.9884 0.061398 0.937915
0.9885 0.061401 0.937915
0.9886 0.061404 0.937915
0.9887 0.061408 0.937915
0.9888 0.061411 0.937915
0.9889 0.061414 0.937915
0.9890 0.061417 0.937915
0.9891 0.061423 0.937915
0.9892 0.061429 0.937915
0.9893 0.061435 0.937915
0.9894 0.061441 0.937915
0.9895 0.061448 0.937915
0.9896 0.061454 0.937915
0.9897 0.061460 0.937915
0.9898 0.061466 0.937915
0.9899 0.061472 0.937915
0.9900 0.061478 0.937915
0.9901 0.061479 0.937913
0.9902 0.061479 0.937910
0.9903 0.061480 0.937908
0.9904 0.061481 0.937906
0.9905 0.061482 0.937904
0.9906 0.061482 0.937901
0.9907 0.061483 0.937899
0.9908 0.061484 0.937897
0.9909 0.061484 0.937895
0.9910 0.061485 0.937892
0.9911 0.061485 0.937885
0.9912 0.061485 0.937877
0.9913 0.061485 0.937869
0.9914 0.061485 0.937861
0.9915 0.061485 0.937854
0.9916 0.061485 0.937846
0.9917 0.061485 0.937838
0.9918 0.061485 0.937830
0.9919 0.061485 0.937823
0.9920 0.061485 0.937815
0.9921 0.061487 0.937815
0.9922 0.061490 0.937815
0.9923 0.061492 0.937815
0.9924 0.061494 0.937815
0.9925 0.061496 0.937815
0.9926 0.061499 0.937815
0.9927 0.061501 0.937815
0.9928 0.061503 0.937815
0.9929 0.061505 0.937815
0.9930 0.061508 0.937815
0.9931 0.061512 0.937815
0.9932 0.061516 0.937815
0.9933 0.061520 0.937815
0.9934 0.061523 0.937815
0.9935 0.061527 0.937815
0.9936 0.061531 0.937815
0.9937 0.061535 0.937815
0.9938 0.061539 0.937815
0.9939 0.061543 0.937815
0.9940 0.061547 0.937815
0.9941 0.061550 0.937815
0.9942 0.061553 0.937815
0.9943 0.061557 0.937815
0.9944 0.061560 0.937815
0.9945 0.061563 0.937815
0.9946 0.061566 0.937815
0.9947 0.061569 0.937815
0.9948 0.061572 0.937815
0.9949 0.061575 0.937815
0.9950 0.061578 0.937815
0.9951 0.061578 0.937809
0.9952 0.061578 0.937802
0.9953 0.061578 0.937796
0.9954 0.061578 0.937790
0.9955 0.061578 0.937784
0.9956 0.061578 0.937778
0.9957 0.061578 0.937771
0.9958 0.061578 0.937765
0.9959 0.061578 0.937759
0.9960 0.061578 0.937753
0.9961 0.061581 0.937750
0.9962 0.061584 0.937747
0.9963 0.061588 0.937743
0.9964 0.061591 0.937740
0.9965 0.061594 0.937737
0.9966 0.061597 0.937734
0.9967 0.061600 0.937731
0.9968 0.061604 0.937728
0.9969 0.061607 0.937725
0.9970 0.061610 0.937722
0.9971 0.061611 0.937722
0.9972 0.061611 0.937722
0.9973 0.061612 0.937722
0.9974 0.061613 0.937722
0.9975 0.061614 0.937722
0.9976 0.061614 0.937722
0.9977 0.061615 0.937722
0.9978 0.061616 0.937722
0.9979 0.061616 0.937722
0.9980 0.061617 0.937722
0.9981 0.061620 0.937722
0.9982 0.061623 0.937722
0.9983 0.061626 0.937722
0.9984 0.061629 0.937722
0.9985 0.061632 0.937722
0.9986 0.061635 0.937722
0.9987 0.061638 0.937722
0.9988 0.061641 0.937722
0.9989 0.061644 0.937722
0.9990 0.061647 0.937722
0.9991 0.061650 0.937718
0.9992 0.061653 0.937714
0.9993 0.061657 0.937710
0.9994 0.061660 0.937706
0.9995 0.061663 0.937702
0.9996 0.061666 0.937699
0.9997 0.061669 0.937695
0.9998 0.061672 0.937691
0.9999 0.061675 0.937687
1.0000 0.061678 0.937683
1.0001 0.061678 0.937683
1.0002 0.061678 0.937683
1.0003 0.061678 0.937683
1.0004 0.061678 0.937683
1.0005 0.061678 0.937683
1.0006 0.061678 0.937683
1.0007 0.061678 0.937683
1.0008 0.061678 0.937683
1.0009 0.061678 0.937683
1.0010 0.061678 0.937683
1.0011 0.061678 0.937683
1.0012 0.061678 0.937683
1.0013 0.061678 0.937683
1.0014 0.061678 0.937683
1.0015 0.061678 0.937683
1.0016 0.061678 0.937683
1.0017 0.061678 0.937683
1.0018 0.061678 0.937683
1.0019 0.061678 0.937683
1.0020 0.061678 0.937683
1.0021 0.061678 0.937683
1.0022 0.061678 0.937683
1.0023 0.061678 0.937683
1.0024 0.061678 0.937683
1.0025 0.061678 0.937683
1.0026 0.061678 0.937683
1.0027 0.061678 0.937683
1.0028 0.061678 0.937683
1.0029 0.061678 0.937683
1.0030 0.061678 0.937683
1.0031 0.061678 0.937683
1.0032 0.061678 0.937683
1.0033 0.061678 0.937683
1.0034 0.061678 0.937683
1.0035 0.061678 0.937683
1.0036 0.061678 0.937683
1.0037 0.061678 0.937683
1.0038 0.061678 0.937683
1.0039 0.061678 0.937683
1.0040 0.061678 0.937683
1.0041 0.061678 0.937683
1.0042 0.061678 0.937683
1.0043 0.061678 0.937683
1.0044 0.061678 0.937683
1.0045 0.061678 0.937683
1.0046 0.061678 0.937683
1.0047 0.061678 0.937683
1.0048 0.061678 0.937683
1.0049 0.061678 0.937683
1.0050 0.061678 0.937683
1.0051 0.061678 0.937683
1.0052 0.061678 0.937683
1.0053 0.061678 0.937683
1.0054 0.061678 0.937683
1.0055 0.061678 0.937683
1.0056 0.061678 0.937683
1.0057 0.061678 0.937683
1.0058 0.061678 0.937683
1.0059 0.061678 0.937683
1.0060 0.061678 0.937683
1.0061 0.061678 0.937683
1.0062 0.061678 0.937683
1.0063 0.061678 0.937683
1.0064 0.061678 0.937683
1.0065 0.061678 0.937683
1.0066 0.061678 0.937683
1.0067 0.061678 0.937683
1.0068 0.061678 0.937683
1.0069 0.061678 0.937683
1.0070 0.061678 0.937683
1.0071 0.061678 0.937683
1.0072 0.061678 0.937683
1.0073 0.061678 0.937683
1.0074 0.061678 0.937683
1.0075 0.061678 0.937683
1.0076 0.061678 0.937683
1.0077 0.061678 0.937683
1.0078 0.061678 0.937683
1.0079 0.061678 0.937683
1.0080 0.061678 0.937683
1.0081 0.061678 0.937683
1.0082 0.061678 0.937683
1.0083 0.061678 0.937683
1.0084 0.061678 0.937683
1.0085 0.061678 0.937683
1.0086 0.061678 0.937683
1.0087 0.061678 0.937683
1.0088 0.061678 0.937683
1.0089 0.061678 0.937683
1.0090 0.061678 0.937683
1.0091 0.061678 0.937683
1.0092 0.061678 0.937683
1.0093 0.061678 0.937683
1.0094 0.061678 0.937683
1.0095 0.061678 0.937683
1.0096 0.061678 0.937683
1.0097 0.061678 0.937683
1.0098 0.061678 0.937683
1.0099 0.061678 0.937683
1.0100 0.061678 0.937683
1.0101 0.061678 0.937683
1.0102 0.061678 0.937683
1.0103 0.061678 0.937683
1.0104 0.061678 0.937683
1.0105 0.061678 0.937683
1.0106 0.061678 0.937683
1.0107 0.061678 0.937683
1.0108 0.061678 0.937683
1.0109 0.061678 0.937683
1.0110 0.061678 0.937683
1.0111 0.061678 0.937683
1.0112 0.061678 0.937683
1.0113 0.061678 0.937683
1.0114 0.061678 0.937683
1.0115 0.061678 0.937683
1.0116 0.061678 0.937683
1.0117 0.061678 0.937683
1.0118 0.061678 0.937683
1.0119 0.061678 0.937683
1.0120 0.061678 0.937683
1.0121 0.061678 0.937683
1.0122 0.061678 0.937683
1.0123 0.061678 0.937683
1.0124 0.061678 0.937683
1.0125 0.061678 0.937683
1.0126 0.061678 0.937683
1.0127 0.061678 0.937683
1.0128 0.061678 0.937683
1.0129 0.061678 0.937683
1.0130 0.061678 0.937683
1.0131 0.061678 0.937683
1.0132 0.061678 0.937683
1.0133 0.061678 0.937683
1.0134 0.061678 0.937683
1.0135 0.061678 0.937683
1.0136 0.061678 0.937683
1.0137 0.061678 0.937683
1.0138 0.061678 0.937683
1.0139 0.061678 0.937683
1.0140 0.061678 0.937683
1.0141 0.061678 0.937683
1.0142 0.061678 0.937683
1.0143 0.061678 0.937683
1.0144 0.061678 0.937683
1.0145 0.061678 0.937683
1.0146 0.061678 0.937683
1.0147 0.061678 0.937683
1.0148 0.061678 0.937683
1.0149 0.061678 0.937683
1.0150 0.061678 0.937683
1.0151 0.061678 0.937683
1.0152 0.061678 0.937683
1.0153 0.061678 0.937683
1.0154 0.061678 0.937683
1.0155 0.061678 0.937683
1.0156 0.061678 0.937683
1.0157 0.061678 0.937683
1.0158 0.061678 0.937683
1.0159 0.061678 0.937683
1.0160 0.061678 0.937683
1.0161 0.061678 0.937683
1.0162 0.061678 0.937683
1.0163 0.061678 0.937683
1.0164 0.061678 0.937683
1.0165 0.061678 0.937683
1.0166 0.061678 0.937683
1.0167 0.061678 0.937683
1.0168 0.061678 0.937683
1.0169 0.061678 0.937683
1.0170 0.061678 0.937683
1.0171 0.061678 0.937683
1.0172 0.061678 0.937683
1.0173 0.061678 0.937683
1.0174 0.061678 0.937683
1.0175 0.061678 0.937683
1.0176 0.061678 0.937683
1.0177 0.061678 0.937683
1.0178 0.061678 0.937683
1.0179 0.061678 0.937683
1.0180 0.061678 0.937683
1.0181 0.061678 0.937683
1.0182 0.061678 0.937683
1.0183 0.061678 0.937683
1.0184 0.061678 0.937683
1.0185 0.061678 0.937683
1.0186 0.061678 0.937683
1.0187 0.061678 0.937683
1.0188 0.061678 0.937683
1.0189 0.061678 0.937683
1.0190 0.061678 0.937683
1.0191 0.061678 0.937683
1.0192 0.061678 0.937683
1.0193 0.061678 0.937683
1.0194 0.061678 0.937683
1.0195 0.061678 0.937683
1.0196 0.061678 0.937683
1.0197 0.061678 0.937683
1.0198 0.061678 0.937683
1.0199 0.061678 0.937683
1.0200 0.061678 0.937683
1.0201 0.061678 0.937683
1.0202 0.061678 0.937683
1.0203 0.061678 0.937683
1.0204 0.061678 0.937683
1.0205 0.061678 0.937683
1.0206 0.061678 0.937683
1.0207 0.061678 0.937683
1.0208 0.061678 0.937683
1.0209 0.061678 0.937683
1.0210 0.061678 0.937683
1.0211 0.061678 0.937683
1.0212 0.061678 0.937683
1.0213 0.061678 0.937683
1.0214 0.061678 0.937683
1.0215 0.061678 0.937683
1.0216 0.061678 0.937683
1.0217 0.061678 0.937683
1.0218 0.061678 0.937683
1.0219 0.061678 0.937683
1.0220 0.061678 0.937683
1.0221 0.061678 0.937683
1.0222 0.061678 0.937683
1.0223 0.061678 0.937683
1.0224 0.061678 0.937683
1.0225 0.061678 0.937683
1.0226 0.061678 0.937683
1.0227 0.061678 0.937683
1.0228 0.061678 0.937683
1.0229 0.061678 0.937683
1.0230 0.061678 0.937683
1.0231 0.061678 0.937683
1.0232 0.061678 0.937683
1.0233 0.061678 0.937683
1.0234 0.061678 0.937683
1.0235 0.061678 0.937683
1.0236 0.061678 0.937683
1.0237 0.061678 0.937683
1.0238 0.061678 0.937683
1.0239 0.061678 0.937683
1.0240 0.061678 0.937683
1.0241 0.061678 0.937683
1.0242 0.061678 0.937683
1.0243 0.061678 0.937683
1.0244 0.061678 0.937683
1.0245 0.061678 0.937683
1.0246 0.061678 0.937683
1.0247 0.061678 0.937683
1.0248 0.061678 0.937683
1.0249 0.061678 0.937683
1.0250 0.061678 0.937683
1.0251 0.061678 0.937683
1.0252 0.061678 0.937683
1.0253 0.061678 0.937683
1.0254 0.061678 0.937683
1.0255 0.061678 0.937683
1.0256 0.061678 0.937683
1.0257 0.061678 0.937683
1.0258 0.061678 0.937683
1.0259 0.061678 0.937683
1.0260 0.061678 0.937683
1.0261 0.061678 0.937683
1.0262 0.061678 0.937683
1.0263 0.061678 0.937683
1.0264 0.061678 0.937683
1.0265 0.061678 0.937683
1.0266 0.061678 0.937683
1.0267 0.061678 0.937683
1.0268 0.061678 0.937683
1.0269 0.061678 0.937683
1.0270 0.061678 0.937683
1.0271 0.061678 0.937683
1.0272 0.061678 0.937683
1.0273 0.061678 0.937683
1.0274 0.061678 0.937683
1.0275 0.061678 0.937683
1.0276 0.061678 0.937683
1.0277 0.061678 0.937683
1.0278 0.061678 0.937683
1.0279 0.061678 0.937683
1.0280 0.061678 0.937683
1.0281 0.061678 0.937683
1.0282 0.061678 0.937683
1.0283 0.061678 0.937683
1.0284 0.061678 0.937683
1.0285 0.061678 0.937683
1.0286 0.061678 0.937683
1.0287 0.061678 0.937683
1.0288 0.061678 0.937683
1.0289 0.061678 0.937683
1.0290 0.061678 0.937683
1.0291 0.061678 0.937683
1.0292 0.061678 0.937683
1.0293 0.061678 0.937683
1.0294 0.061678 0.937683
1.0295 0.061678 0.937683
1.0296 0.061678 0.937683
1.0297 0.061678 0.937683
1.0298 0.061678 0.937683
1.0299 0.061678 0.937683
1.0300 0.061678 0.937683
1.0301 0.061678 0.937683
1.0302 0.061678 0.937683
1.0303 0.061678 0.937683
1.0304 0.061678 0.937683
1.0305 0.061678 0.937683
1.0306 0.061678 0.937683
1.0307 0.061678 0.937683
1.0308 0.061678 0.937683
1.0309 0.061678 0.937683
1.0310 0.061678 0.937683
1.0311 0.061678 0.937683
1.0312 0.061678 0.937683
1.0313 0.061678 0.937683
1.0314 0.061678 0.937683
1.0315 0.061678 0.937683
1.0316 0.061678 0.937683
1.0317 0.061678 0.937683
1.0318 0.061678 0.937683
1.0319 0.061678 0.937683
1.0320 0.061678 0.937683
1.0321 0.061678 0.937683
1.0322 0.061678 0.937683
1.0323 0.061678 0.937683
1.0324 0.061678 0.937683
1.0325 0.061678 0.937683
1.0326 0.061678 0.937683
1.0327 0.061678 0.937683
1.0328 0.061678 0.937683
1.0329 0.061678 0.937683
1.0330 0.061678 0.937683
1.0331 0.061678 0.937683
1.0332 0.061678 0.937683
1.0333 0.061678 0.937683
1.0334 0.061678 0.937683
1.0335 0.061678 0.937683
1.0336 0.061678 0.937683
1.0337 0.061678 0.937683
1.0338 0.061678 0.937683
1.0339 0.061678 0.937683
1.0340 0.061678 0.937683
1.0341 0.061678 0.937683
1.0342 0.061678 0.937683
1.0343 0.061678 0.937683
1.0344 0.061678 0.937683
1.0345 0.061678 0.937683
1.0346 0.061678 0.937683
1.0347 0.061678 0.937683
1.0348 0.061678 0.937683
1.0349 0.061678 0.937683
1.0350 0.061678 0.937683
1.0351 0.061678 0.937683
1.0352 0.061678 0.937683
1.0353 0.061678 0.937683
1.0354 0.061678 0.937683
1.0355 0.061678 0.937683
1.0356 0.061678 0.937683
1.0357 0.061678 0.937683
1.0358 0.061678 0.937683
1.0359 0.061678 0.937683
1.0360 0.061678 0.937683
1.0361 0.061678 0.937683
1.0362 0.061678 0.937683
1.0363 0.061678 0.937683
1.0364 0.061678 0.937683
1.0365 0.061678 0.937683
1.0366 0.061678 0.937683
1.0367 0.061678 0.937683
1.0368 0.061678 0.937683
1.0369 0.061678 0.937683
1.0370 0.061678 0.937683
1.0371 0.061678 0.937683
1.0372 0.061678 0.937683
1.0373 0.061678 0.937683
1.0374 0.061678 0.937683
1.0375 0.061678 0.937683
1.0376 0.061678 0.937683
1.0377 0.061678 0.937683
1.0378 0.061678 0.937683
1.0379 0.061678 0.937683
1.0380 0.061678 0.937683
1.0381 0.061678 0.937683
1.0382 0.061678 0.937683
1.0383 0.061678 0.937683
1.0384 0.061678 0.937683
1.0385 0.061678 0.937683
1.0386 0.061678 0.937683
1.0387 0.061678 0.937683
1.0388 0.061678 0.937683
1.0389 0.061678 0.937683
1.0390 0.061678 0.937683
1.0391 0.061678 0.937683
1.0392 0.061678 0.937683
1.0393 0.061678 0.937683
1.0394 0.061678 0.937683
1.0395 0.061678 0.937683
1.0396 0.061678 0.937683
1.0397 0.061678 0.937683
1.0398 0.061678 0.937683
1.0399 0.061678 0.937683
1.0400 0.061678 0.937683
1.0401 0.061678 0.937683
1.0402 0.061678 0.937683
1.0403 0.061678 0.937683
1.0404 0.061678 0.937683
1.0405 0.061678 0.937683
1.0406 0.061678 0.937683
1.0407 0.061678 0.937683
1.0408 0.061678 0.937683
1.0409 0.061678 0.937683
1.0410 0.061678 0.937683
1.0411 0.061678 0.937683
1.0412 0.061678 0.937683
1.0413 0.061678 0.937683
1.0414 0.061678 0.937683
1.0415 0.061678 0.937683
1.0416 0.061678 0.937683
1.0417 0.061678 0.937683
1.0418 0.061678 0.937683
1.0419 0.061678 0.937683
1.0420 0.061678 0.937683
1.0421 0.061678 0.937683
1.0422 0.061678 0.937683
1.0423 0.061678 0.937683
1.0424 0.061678 0.937683
1.0425 0.061678 0.937683
1.0426 0.061678 0.937683
1.0427 0.061678 0.937683
1.0428 0.061678 0.937683
1.0429 0.061678 0.937683
1.0430 0.061678 0.937683
1.0431 0.061678 0.937683
1.0432 0.061678 0.937683
1.0433 0.061678 0.937683
1.0434 0.061678 0.937683
1.0435 0.061678 0.937683
1.0436 0.061678 0.937683
1.0437 0.061678 0.937683
1.0438 0.061678 0.937683
1.0439 0.061678 0.937683
1.0440 0.061678 0.937683
1.0441 0.061678 0.937683
1.0442 0.061678 0.937683
1.0443 0.061678 0.937683
1.0444 0.061678 0.937683
1.0445 0.061678 0.937683
1.0446 0.061678 0.937683
1.0447 0.061678 0.937683
1.0448 0.061678 0.937683
1.0449 0.061678 0.937683
1.0450 0.061678 0.937683
1.0451 0.061678 0.937683
1.0452 0.061678 0.937683
1.0453 0.061678 0.937683
1.0454 0.061678 0.937683
1.0455 0.061678 0.937683
1.0456 0.061678 0.937683
1.0457 0.061678 0.937683
1.0458 0.061678 0.937683
1.0459 0.061678 0.937683
1.0460 0.061678 0.937683
1.0461 0.061678 0.937683
1.0462 0.061678 0.937683
1.0463 0.061678 0.937683
1.0464 0.061678 0.937683
1.0465 0.061678 0.937683
1.0466 0.061678 0.937683
1.0467 0.061678 0.937683
1.0468 0.061678 0.937683
1.0469 0.061678 0.937683
1.0470 0.061678 0.937683
1.0471 0.061678 0.937683
1.0472 0.061678 0.937683
1.0473 0.061678 0.937683
1.0474 0.061678 0.937683
1.0475 0.061678 0.937683
1.0476 0.061678 0.937683
1.0477 0.061678 0.937683
1.0478 0.061678 0.937683
1.0479 0.061678 0.937683
1.0480 0.061678 0.937683
1.0481 0.061678 0.937683
1.0482 0.061678 0.937683
1.0483 0.061678 0.937683
1.0484 0.061678 0.937683
1.0485 0.061678 0.937683
1.0486 0.061678 0.937683
1.0487 0.061678 0.937683
1.0488 0.061678 0.937683
1.0489 0.061678 0.937683
1.0490 0.061678 0.937683
1.0491 0.061678 0.937683
1.0492 0.061678 0.937683
1.0493 0.061678 0.937683
1.0494 0.061678 0.937683
1.0495 0.061678 0.937683
1.0496 0.061678 0.937683
1.0497 0.061678 0.937683
1.0498 0.061678 0.937683
1.0499 0.061678 0.937683
1.0500 0.061678 0.937683
1.0501 0.061678 0.937683
1.0502 0.061678 0.937683
1.0503 0.061678 0.937683
1.0504 0.061678 0.937683
1.0505 0.061678 0.937683
1.0506 0.061678 0.937683
1.0507 0.061678 0.937683
1.0508 0.061678 0.937683
1.0509 0.061678 0.937683
1.0510 0.061678 0.937683
1.0511 0.061678 0.937683
1.0512 0.061678 0.937683
1.0513 0.061678 0.937683
1.0514 0.061678 0.937683
1.0515 0.061678 0.937683
1.0516 0.061678 0.937683
1.0517 0.061678 0.937683
1.0518 0.061678 0.937683
1.0519 0.061678 0.937683
1.0520 0.061678 0.937683
1.0521 0.061678 0.937683
1.0522 0.061678 0.937683
1.0523 0.061678 0.937683
1.0524 0.061678 0.937683
1.0525 0.061678 0.937683
1.0526 0.061678 0.937683
1.0527 0.061678 0.937683
1.0528 0.061678 0.937683
1.0529 0.061678 0.937683
1.0530 0.061678 0.937683
1.0531 0.061678 0.937683
1.0532 0.061678 0.937683
1.0533 0.061678 0.937683
1.0534 0.061678 0.937683
1.0535 0.061678 0.937683
1.0536 0.061678 0.937683
1.0537 0.061678 0.937683
1.0538 0.061678 0.937683
1.0539 0.061678 0.937683
1.0540 0.061678 0.937683
1.0541 0.061678 0.937683
1.0542 0.061678 0.937683
1.0543 0.061678 0.937683
1.0544 0.061678 0.937683
1.0545 0.061678 0.937683
1.0546 0.061678 0.937683
1.0547 0.061678 0.937683
1.0548 0.061678 0.937683
1.0549 0.061678 0.937683
1.0550 0.061678 0.937683
1.0551 0.061678 0.937683
1.0552 0.061678 0.937683
1.0553 0.061678 0.937683
1.0554 0.061678 0.937683
1.0555 0.061678 0.937683
1.0556 0.061678 0.937683
1.0557 0.061678 0.937683
1.0558 0.061678 0.937683
1.0559 0.061678 0.937683
1.0560 0.061678 0.937683
1.0561 0.061678 0.937683
1.0562 0.061678 0.937683
1.0563 0.061678 0.937683
1.0564 0.061678 0.937683
1.0565 0.061678 0.937683
1.0566 0.061678 0.937683
1.0567 0.061678 0.937683
1.0568 0.061678 0.937683
1.0569 0.061678 0.937683
1.0570 0.061678 0.937683
1.0571 0.061678 0.937683
1.0572 0.061678 0.937683
1.0573 0.061678 0.937683
1.0574 0.061678 0.937683
1.0575 0.061678 0.937683
1.0576 0.061678 0.937683
1.0577 0.061678 0.937683
1.0578 0.061678 0.937683
1.0579 0.061678 0.937683
1.0580 0.061678 0.937683
1.0581 0.061678 0.937683
1.0582 0.061678 0.937683
1.0583 0.061678 0.937683
1.0584 0.061678 0.937683
1.0585 0.061678 0.937683
1.0586 0.061678 0.937683
1.0587 0.061678 0.937683
1.0588 0.061678 0.937683
1.0589 0.061678 0.937683
1.0590 0.061678 0.937683
1.0591 0.061678 0.937683
1.0592 0.061678 0.937683
1.0593 0.061678 0.937683
1.0594 0.061678 0.937683
1.0595 0.061678 0.937683
1.0596 0.061678 0.937683
1.0597 0.061678 0.937683
1.0598 0.061678 0.937683
1.0599 0.061678 0.937683
1.0600 0.061678 0.937683
1.0601 0.061678 0.937683
1.0602 0.061678 0.937683
1.0603 0.061678 0.937683
1.0604 0.061678 0.937683
1.0605 0.061678 0.937683
1.0606 0.061678 0.937683
1.0607 0.061678 0.937683
1.0608 0.061678 0.937683
1.0609 0.061678 0.937683
1.0610 0.061678 0.937683
1.0611 0.061678 0.937683
1.0612 0.061678 0.937683
1.0613 0.061678 0.937683
1.0614 0.061678 0.937683
1.0615 0.061678 0.937683
1.0616 0.061678 0.937683
1.0617 0.061678 0.937683
1.0618 0.061678 0.937683
1.0619 0.061678 0.937683
1.0620 0.061678 0.937683
1.0621 0.061678 0.937683
1.0622 0.061678 0.937683
1.0623 0.061678 0.937683
1.0624 0.061678 0.937683
1.0625 0.061678 0.937683
1.0626 0.061678 0.937683
1.0627 0.061678 0.937683
1.0628 0.061678 0.937683
1.0629 0.061678 0.937683
1.0630 0.061678 0.937683
1.0631 0.061678 0.937683
1.0632 0.061678 0.937683
1.0633 0.061678 0.937683
1.0634 0.061678 0.937683
1.0635 0.061678 0.937683
1.0636 0.061678 0.937683
1.0637 0.061678 0.937683
1.0638 0.061678 0.937683
1.0639 0.061678 0.937683
1.0640 0.061678 0.937683
1.0641 0.061678 0.937683
1.0642 0.061678 0.937683
1.0643 0.061678 0.937683
1.0644 0.061678 0.937683
1.0645 0.061678 0.937683
1.0646 0.061678 0.937683
1.0647 0.061678 0.937683
1.0648 0.061678 0.937683
1.0649 0.061678 0.937683
1.0650 0.061678 0.937683
1.0651 0.061678 0.937683
1.0652 0.061678 0.937683
1.0653 0.061678 0.937683
1.0654 0.061678 0.937683
1.0655 0.061678 0.937683
1.0656 0.061678 0.937683
1.0657 0.061678 0.937683
1.0658 0.061678 0.937683
1.0659 0.061678 0.937683
1.0660 0.061678 0.937683
1.0661 0.061678 0.937683
1.0662 0.061678 0.937683
1.0663 0.061678 0.937683
1.0664 0.061678 0.937683
1.0665 0.061678 0.937683
1.0666 0.061678 0.937683
1.0667 0.061678 0.937683
1.0668 0.061678 0.937683
1.0669 0.061678 0.937683
1.0670 0.061678 0.937683
1.0671 0.061678 0.937683
1.0672 0.061678 0.937683
1.0673 0.061678 0.937683
1.0674 0.061678 0.937683
1.0675 0.061678 0.937683
1.0676 0.061678 0.937683
1.0677 0.061678 0.937683
1.0678 0.061678 0.937683
1.0679 0.061678 0.937683
1.0680 0.061678 0.937683
1.0681 0.061678 0.937683
1.0682 0.061678 0.937683
1.0683 0.061678 0.937683
1.0684 0.061678 0.937683
1.0685 0.061678 0.937683
1.0686 0.061678 0.937683
1.0687 0.061678 0.937683
1.0688 0.061678 0.937683
1.0689 0.061678 0.937683
1.0690 0.061678 0.937683
1.0691 0.061678 0.937683
1.0692 0.061678 0.937683
1.0693 0.061678 0.937683
1.0694 0.061678 0.937683
1.0695 0.061678 0.937683
1.0696 0.061678 0.937683
1.0697 0.061678 0.937683
1.0698 0.061678 0.937683
1.0699 0.061678 0.937683
1.0700 0.061678 0.937683
1.0701 0.061678 0.937683
1.0702 0.061678 0.937683
1.0703 0.061678 0.937683
1.0704 0.061678 0.937683
1.0705 0.061678 0.937683
1.0706 0.061678 0.937683
1.0707 0.061678 0.937683
1.0708 0.061678 0.937683
1.0709 0.061678 0.937683
1.0710 0.061678 0.937683
1.0711 0.061678 0.937683
1.0712 0.061678 0.937683
1.0713 0.061678 0.937683
1.0714 0.061678 0.937683
1.0715 0.061678 0.937683
1.0716 0.061678 0.937683
1.0717 0.061678 0.937683
1.0718 0.061678 0.937683
1.0719 0.061678 0.937683
1.0720 0.061678 0.937683
1.0721 0.061678 0.937683
1.0722 0.061678 0.937683
1.0723 0.061678 0.937683
1.0724 0.061678 0.937683
1.0725 0.061678 0.937683
1.0726 0.061678 0.937683
1.0727 0.061678 0.937683
1.0728 0.061678 0.937683
1.0729 0.061678 0.937683
1.0730 0.061678 0.937683
1.0731 0.061678 0.937683
1.0732 0.061678 0.937683
1.0733 0.061678 0.937683
1.0734 0.061678 0.937683
1.0735 0.061678 0.937683
1.0736 0.061678 0.937683
1.0737 0.061678 0.937683
1.0738 0.061678 0.937683
1.0739 0.061678 0.937683
1.0740 0.061678 0.937683
1.0741 0.061678 0.937683
1.0742 0.061678 0.937683
1.0743 0.061678 0.937683
1.0744 0.061678 0.937683
1.0745 0.061678 0.937683
1.0746 0.061678 0.937683
1.0747 0.061678 0.937683
1.0748 0.061678 0.937683
1.0749 0.061678 0.937683
1.0750 0.061678 0.937683
1.0751 0.061678 0.937683
1.0752 0.061678 0.937683
1.0753 0.061678 0.937683
1.0754 0.061678 0.937683
1.0755 0.061678 0.937683
1.0756 0.061678 0.937683
1.0757 0.061678 0.937683
1.0758 0.061678 0.937683
1.0759 0.061678 0.937683
1.0760 0.061678 0.937683
1.0761 0.061678 0.937683
1.0762 0.061678 0.937683
1.0763 0.061678 0.937683
1.0764 0.061678 0.937683
1.0765 0.061678 0.937683
1.0766 0.061678 0.937683
1.0767 0.061678 0.937683
1.0768 0.061678 0.937683
1.0769 0.061678 0.937683
1.0770 0.061678 0.937683
1.0771 0.061678 0.937683
1.0772 0.061678 0.937683
1.0773 0.061678 0.937683
1.0774 0.061678 0.937683
1.0775 0.061678 0.937683
1.0776 0.061678 0.937683
1.0777 0.061678 0.937683
1.0778 0.061678 0.937683
1.0779 0.061678 0.937683
1.0780 0.061678 0.937683
1.0781 0.061678 0.937683
1.0782 0.061678 0.937683
1.0783 0.061678 0.937683
1.0784 0.061678 0.937683
1.0785 0.061678 0.937683
1.0786 0.061678 0.937683
1.0787 0.061678 0.937683
1.0788 0.061678 0.937683
1.0789 0.061678 0.937683
1.0790 0.061678 0.937683
1.0791 0.061678 0.937683
1.0792 0.061678 0.937683
1.0793 0.061678 0.937683
1.0794 0.061678 0.937683
1.0795 0.061678 0.937683
1.0796 0.061678 0.937683
1.0797 0.061678 0.937683
1.0798 0.061678 0.937683
1.0799 0.061678 0.937683
1.0800 0.061678 0.937683
1.0801 0.061678 0.937683
1.0802 0.061678 0.937683
1.0803 0.061678 0.937683
1.0804 0.061678 0.937683
1.0805 0.061678 0.937683
1.0806 0.061678 0.937683
1.0807 0.061678 0.937683
1.0808 0.061678 0.937683
1.0809 0.061678 0.937683
1.0810 0.061678 0.937683
1.0811 0.061678 0.937683
1.0812 0.061678 0.937683
1.0813 0.061678 0.937683
1.0814 0.061678 0.937683
1.0815 0.061678 0.937683
1.0816 0.061678 0.937683
1.0817 0.061678 0.937683
1.0818 0.061678 0.937683
1.0819 0.061678 0.937683
1.0820 0.061678 0.937683
1.0821 0.061678 0.937683
1.0822 0.061678 0.937683
1.0823 0.061678 0.937683
1.0824 0.061678 0.937683
1.0825 0.061678 0.937683
1.0826 0.061678 0.937683
1.0827 0.061678 0.937683
1.0828 0.061678 0.937683
1.0829 0.061678 0.937683
1.0830 0.061678 0.937683
1.0831 0.061678 0.937683
1.0832 0.061678 0.937683
1.0833 0.061678 0.937683
1.0834 0.061678 0.937683
1.0835 0.061678 0.937683
1.0836 0.061678 0.937683
1.0837 0.061678 0.937683
1.0838 0.061678 0.937683
1.0839 0.061678 0.937683
1.0840 0.061678 0.937683
1.0841 0.061678 0.937683
1.0842 0.061678 0.937683
1.0843 0.061678 0.937683
1.0844 0.061678 0.937683
1.0845 0.061678 0.937683
1.0846 0.061678 0.937683
1.0847 0.061678 0.937683
1.0848 0.061678 0.937683
1.0849 0.061678 0.937683
1.0850 0.061678 0.937683
1.0851 0.061678 0.937683
1.0852 0.061678 0.937683
1.0853 0.061678 0.937683
1.0854 0.061678 0.937683
1.0855 0.061678 0.937683
1.0856 0.061678 0.937683
1.0857 0.061678 0.937683
1.0858 0.061678 0.937683
1.0859 0.061678 0.937683
1.0860 0.061678 0.937683
1.0861 0.061678 0.937683
1.0862 0.061678 0.937683
1.0863 0.061678 0.937683
1.0864 0.061678 0.937683
1.0865 0.061678 0.937683
1.0866 0.061678 0.937683
1.0867 0.061678 0.937683
1.0868 0.061678 0.937683
1.0869 0.061678 0.937683
1.0870 0.061678 0.937683
1.0871 0.061678 0.937683
1.0872 0.061678 0.937683
1.0873 0.061678 0.937683
1.0874 0.061678 0.937683
1.0875 0.061678 0.937683
1.0876 0.061678 0.937683
1.0877 0.061678 0.937683
1.0878 0.061678 0.937683
1.0879 0.061678 0.937683
1.0880 0.061678 0.937683
1.0881 0.061678 0.937683
1.0882 0.061678 0.937683
1.0883 0.061678 0.937683
1.0884 0.061678 0.937683
1.0885 0.061678 0.937683
1.0886 0.061678 0.937683
1.0887 0.061678 0.937683
1.0888 0.061678 0.937683
1.0889 0.061678 0.937683
1.0890 0.061678 0.937683
1.0891 0.061678 0.937683
1.0892 0.061678 0.937683
1.0893 0.061678 0.937683
1.0894 0.061678 0.937683
1.0895 0.061678 0.937683
1.0896 0.061678 0.937683
1.0897 0.061678 0.937683
1.0898 0.061678 0.937683
1.0899 0.061678 0.937683
1.0900 0.061678 0.937683
1.0901 0.061678 0.937683
1.0902 0.061678 0.937683
1.0903 0.061678 0.937683
1.0904 0.061678 0.937683
1.0905 0.061678 0.937683
1.0906 0.061678 0.937683
1.0907 0.061678 0.937683
1.0908 0.061678 0.937683
1.0909 0.061678 0.937683
1.0910 0.061678 0.937683
1.0911 0.061678 0.937683
1.0912 0.061678 0.937683
1.0913 0.061678 0.937683
1.0914 0.061678 0.937683
1.0915 0.061678 0.937683
1.0916 0.061678 0.937683
1.0917 0.061678 0.937683
1.0918 0.061678 0.937683
1.0919 0.061678 0.937683
1.0920 0.061678 0.937683
1.0921 0.061678 0.937683
1.0922 0.061678 0.937683
1.0923 0.061678 0.937683
1.0924 0.061678 0.937683
1.0925 0.061678 0.937683
1.0926 0.061678 0.937683
1.0927 0.061678 0.937683
1.0928 0.061678 0.937683
1.0929 0.061678 0.937683
1.0930 0.061678 0.937683
1.0931 0.061678 0.937683
1.0932 0.061678 0.937683
1.0933 0.061678 0.937683
1.0934 0.061678 0.937683
1.0935 0.061678 0.937683
1.0936 0.061678 0.937683
1.0937 0.061678 0.937683
1.0938 0.061678 0.937683
1.0939 0.061678 0.937683
1.0940 0.061678 0.937683
1.0941 0.061678 0.937683
1.0942 0.061678 0.937683
1.0943 0.061678 0.937683
1.0944 0.061678 0.937683
1.0945 0.061678 0.937683
1.0946 0.061678 0.937683
1.0947 0.061678 0.937683
1.0948 0.061678 0.937683
1.0949 0.061678 0.937683
1.0950 0.061678 0.937683
1.0951 0.061678 0.937683
1.0952 0.061678 0.937683
1.0953 0.061678 0.937683
1.0954 0.061678 0.937683
1.0955 0.061678 0.937683
1.0956 0.061678 0.937683
1.0957 0.061678 0.937683
1.0958 0.061678 0.937683
1.0959 0.061678 0.937683
1.0960 0.061678 0.937683
1.0961 0.061678 0.937683
1.0962 0.061678 0.937683
1.0963 0.061678 0.937683
1.0964 0.061678 0.937683
1.0965 0.061678 0.937683
1.0966 0.061678 0.937683
1.0967 0.061678 0.937683
1.0968 0.061678 0.937683
1.0969 0.061678 0.937683
1.0970 0.061678 0.937683
1.0971 0.061678 0.937683
1.0972 0.061678 0.937683
1.0973 0.061678 0.937683
1.0974 0.061678 0.937683
1.0975 0.061678 0.937683
1.0976 0.061678 0.937683
1.0977 0.061678 0.937683
1.0978 0.061678 0.937683
1.0979 0.061678 0.937683
1.0980 0.061678 0.937683
1.0981 0.061678 0.937683
1.0982 0.061678 0.937683
1.0983 0.061678 0.937683
1.0984 0.061678 0.937683
1.0985 0.061678 0.937683
1.0986 0.061678 0.937683
1.0987 0.061678 0.937683
1.0988 0.061678 0.937683
1.0989 0.061678 0.937683
1.0990 0.061678 0.937683
1.0991 0.061678 0.937683
1.0992 0.061678 0.937683
1.0993 0.061678 0.937683
1.0994 0.061678 0.937683
1.0995 0.061678 0.937683
1.0996 0.061678 0.937683
1.0997 0.061678 0.937683
1.0998 0.061678 0.937683
1.0999 0.061678 0.937683
1.1000 0.061678 0.937683
1.1001 0.061678 0.937683
1.1002 0.061678 0.937683
1.1003 0.061678 0.937683
1.1004 0.061678 0.937683
1.1005 0.061678 0.937683
1.1006 0.061678 0.937683
1.1007 0.061678 0.937683
1.1008 0.061678 0.937683
1.1009 0.061678 0.937683
1.1010 0.061678 0.937683
1.1011 0.061678 0.937683
1.1012 0.061678 0.937683
1.1013 0.061678 0.937683
1.1014 0.061678 0.937683
1.1015 0.061678 0.937683
1.1016 0.061678 0.937683
1.1017 0.061678 0.937683
1.1018 0.061678 0.937683
1.1019 0.061678 0.937683
1.1020 0.061678 0.937683
1.1021 0.061678 0.937683
1.1022 0.061678 0.937683
1.1023 0.061678 0.937683
1.1024 0.061678 0.937683
1.1025 0.061678 0.937683
1.1026 0.061678 0.937683
1.1027 0.061678 0.937683
1.1028 0.061678 0.937683
1.1029 0.061678 0.937683
1.1030 0.061678 0.937683
1.1031 0.061678 0.937683
1.1032 0.061678 0.937683
1.1033 0.061678 0.937683
1.1034 0.061678 0.937683
1.1035 0.061678 0.937683
1.1036 0.061678 0.937683
1.1037 0.061678 0.937683
1.1038 0.061678 0.937683
1.1039 0.061678 0.937683
1.1040 0.061678 0.937683
1.1041 0.061678 0.937683
1.1042 0.061678 0.937683
1.1043 0.061678 0.937683
1.1044 0.061678 0.937683
1.1045 0.061678 0.937683
1.1046 0.061678 0.937683
1.1047 0.061678 0.937683
1.1048 0.061678 0.937683
1.1049 0.061678 0.937683
1.1050 0.061678 0.937683
1.1051 0.061678 0.937683
1.1052 0.061678 0.937683
1.1053 0.061678 0.937683
1.1054 0.061678 0.937683
1.1055 0.061678 0.937683
1.1056 0.061678 0.937683
1.1057 0.061678 0.937683
1.1058 0.061678 0.937683
1.1059 0.061678 0.937683
1.1060 0.061678 0.937683
1.1061 0.061678 0.937683
1.1062 0.061678 0.937683
1.1063 0.061678 0.937683
1.1064 0.061678 0.937683
1.1065 0.061678 0.937683
1.1066 0.061678 0.937683
1.1067 0.061678 0.937683
1.1068 0.061678 0.937683
1.1069 0.061678 0.937683
1.1070 0.061678 0.937683
1.1071 0.061678 0.937683
1.1072 0.061678 0.937683
1.1073 0.061678 0.937683
1.1074 0.061678 0.937683
1.1075 0.061678 0.937683
1.1076 0.061678 0.937683
1.1077 0.061678 0.937683
1.1078 0.061678 0.937683
1.1079 0.061678 0.937683
1.1080 0.061678 0.937683
1.1081 0.061678 0.937683
1.1082 0.061678 0.937683
1.1083 0.061678 0.937683
1.1084 0.061678 0.937683
1.1085 0.061678 0.937683
1.1086 0.061678 0.937683
1.1087 0.061678 0.937683
1.1088 0.061678 0.937683
1.1089 0.061678 0.937683
1.1090 0.061678 0.937683
1.1091 0.061678 0.937683
1.1092 0.061678 0.937683
1.1093 0.061678 0.937683
1.1094 0.061678 0.937683
1.1095 0.061678 0.937683
1.1096 0.061678 0.937683
1.1097 0.061678 0.937683
1.1098 0.061678 0.937683
1.1099 0.061678 0.937683
1.1100 0.061678 0.937683
1.1101 0.061678 0.937683
1.1102 0.061678 0.937683
1.1103 0.061678 0.937683
1.1104 0.061678 0.937683
1.1105 0.061678 0.937683
1.1106 0.061678 0.937683
1.1107 0.061678 0.937683
1.1108 0.061678 0.937683
1.1109 0.061678 0.937683
1.1110 0.061678 0.937683
1.1111 0.061678 0.937683
1.1112 0.061678 0.937683
1.1113 0.061678 0.937683
1.1114 0.061678 0.937683
1.1115 0.061678 0.937683
1.1116 0.061678 0.937683
1.1117 0.061678 0.937683
1.1118 0.061678 0.937683
1.1119 0.061678 0.937683
1.1120 0.061678 0.937683
1.1121 0.061678 0.937683
1.1122 0.061678 0.937683
1.1123 0.061678 0.937683
1.1124 0.061678 0.937683
1.1125 0.061678 0.937683
1.1126 0.061678 0.937683
1.1127 0.061678 0.937683
1.1128 0.061678 0.937683
1.1129 0.061678 0.937683
1.1130 0.061678 0.937683
1.1131 0.061678 0.937683
1.1132 0.061678 0.937683
1.1133 0.061678 0.937683
1.1134 0.061678 0.937683
1.1135 0.061678 0.937683
1.1136 0.061678 0.937683
1.1137 0.061678 0.937683
1.1138 0.061678 0.937683
1.1139 0.061678 0.937683
1.1140 0.061678 0.937683
1.1141 0.061678 0.937683
1.1142 0.061678 0.937683
1.1143 0.061678 0.937683
1.1144 0.061678 0.937683
1.1145 0.061678 0.937683
1.1146 0.061678 0.937683
1.1147 0.061678 0.937683
1.1148 0.061678 0.937683
1.1149 0.061678 0.937683
1.1150 0.061678 0.937683
1.1151 0.061678 0.937683
1.1152 0.061678 0.937683
1.1153 0.061678 0.937683
1.1154 0.061678 0.937683
1.1155 0.061678 0.937683
1.1156 0.061678 0.937683
1.1157 0.061678 0.937683
1.1158 0.061678 0.937683
1.1159 0.061678 0.937683
1.1160 0.061678 0.937683
1.1161 0.061678 0.937683
1.1162 0.061678 0.937683
1.1163 0.061678 0.937683
1.1164 0.061678 0.937683
1.1165 0.061678 0.937683
1.1166 0.061678 0.937683
1.1167 0.061678 0.937683
1.1168 0.061678 0.937683
1.1169 0.061678 0.937683
1.1170 0.061678 0.937683
1.1171 0.061678 0.937683
1.1172 0.061678 0.937683
1.1173 0.061678 0.937683
1.1174 0.061678 0.937683
1.1175 0.061678 0.937683
1.1176 0.061678 0.937683
1.1177 0.061678 0.937683
1.1178 0.061678 0.937683
1.1179 0.061678 0.937683
1.1180 0.061678 0.937683
1.1181 0.061678 0.937683
1.1182 0.061678 0.937683
1.1183 0.061678 0.937683
1.1184 0.061678 0.937683
1.1185 0.061678 0.937683
1.1186 0.061678 0.937683
1.1187 0.061678 0.937683
1.1188 0.061678 0.937683
1.1189 0.061678 0.937683
1.1190 0.061678 0.937683
1.1191 0.061678 0.937683
1.1192 0.061678 0.937683
1.1193 0.061678 0.937683
1.1194 0.061678 0.937683
1.1195 0.061678 0.937683
1.1196 0.061678 0.937683
1.1197 0.061678 0.937683
1.1198 0.061678 0.937683
1.1199 0.061678 0.937683
1.1200 0.061678 0.937683
1.1201 0.061678 0.937683
1.1202 0.061678 0.937683
1.1203 0.061678 0.937683
1.1204 0.061678 0.937683
1.1205 0.061678 0.937683
1.1206 0.061678 0.937683
1.1207 0.061678 0.937683
1.1208 0.061678 0.937683
1.1209 0.061678 0.937683
1.1210 0.061678 0.937683
1.1211 0.061678 0.937683
1.1212 0.061678 0.937683
1.1213 0.061678 0.937683
1.1214 0.061678 0.937683
1.1215 0.061678 0.937683
1.1216 0.061678 0.937683
1.1217 0.061678 0.937683
1.1218 0.061678 0.937683
1.1219 0.061678 0.937683
1.1220 0.061678 0.937683
1.1221 0.061678 0.937683
1.1222 0.061678 0.937683
1.1223 0.061678 0.937683
1.1224 0.061678 0.937683
1.1225 0.061678 0.937683
1.1226 0.061678 0.937683
1.1227 0.061678 0.937683
1.1228 0.061678 0.937683
1.1229 0.061678 0.937683
1.1230 0.061678 0.937683
1.1231 0.061678 0.937683
1.1232 0.061678 0.937683
1.1233 0.061678 0.937683
1.1234 0.061678 0.937683
1.1235 0.061678 0.937683
1.1236 0.061678 0.937683
1.1237 0.061678 0.937683
1.1238 0.061678 0.937683
1.1239 0.061678 0.937683
1.1240 0.061678 0.937683
1.1241 0.061678 0.937683
1.1242 0.061678 0.937683
1.1243 0.061678 0.937683
1.1244 0.061678 0.937683
1.1245 0.061678 0.937683
1.1246 0.061678 0.937683
1.1247 0.061678 0.937683
1.1248 0.061678 0.937683
1.1249 0.061678 0.937683
1.1250 0.061678 0.937683
1.1251 0.061678 0.937683
1.1252 0.061678 0.937683
1.1253 0.061678 0.937683
1.1254 0.061678 0.937683
1.1255 0.061678 0.937683
1.1256 0.061678 0.937683
1.1257 0.061678 0.937683
1.1258 0.061678 0.937683
1.1259 0.061678 0.937683
1.1260 0.061678 0.937683
1.1261 0.061678 0.937683
1.1262 0.061678 0.937683
1.1263 0.061678 0.937683
1.1264 0.061678 0.937683
1.1265 0.061678 0.937683
1.1266 0.061678 0.937683
1.1267 0.061678 0.937683
1.1268 0.061678 0.937683
1.1269 0.061678 0.937683
1.1270 0.061678 0.937683
1.1271 0.061678 0.937683
1.1272 0.061678 0.937683
1.1273 0.061678 0.937683
1.1274 0.061678 0.937683
1.1275 0.061678 0.937683
1.1276 0.061678 0.937683
1.1277 0.061678 0.937683
1.1278 0.061678 0.937683
1.1279 0.061678 0.937683
1.1280 0.061678 0.937683
1.1281 0.061678 0.937683
1.1282 0.061678 0.937683
1.1283 0.061678 0.937683
1.1284 0.061678 0.937683
1.1285 0.061678 0.937683
1.1286 0.061678 0.937683
1.1287 0.061678 0.937683
1.1288 0.061678 0.937683
1.1289 0.061678 0.937683
1.1290 0.061678 0.937683
1.1291 0.061678 0.937683
1.1292 0.061678 0.937683
1.1293 0.061678 0.937683
1.1294 0.061678 0.937683
1.1295 0.061678 0.937683
1.1296 0.061678 0.937683
1.1297 0.061678 0.937683
1.1298 0.061678 0.937683
1.1299 0.061678 0.937683
1.1300 0.061678 0.937683
1.1301 0.061678 0.937683
1.1302 0.061678 0.937683
1.1303 0.061678 0.937683
1.1304 0.061678 0.937683
1.1305 0.061678 0.937683
1.1306 0.061678 0.937683
1.1307 0.061678 0.937683
1.1308 0.061678 0.937683
1.1309 0.061678 0.937683
1.1310 0.061678 0.937683
1.1311 0.061678 0.937683
1.1312 0.061678 0.937683
1.1313 0.061678 0.937683
1.1314 0.061678 0.937683
1.1315 0.061678 0.937683
1.1316 0.061678 0.937683
1.1317 0.061678 0.937683
1.1318 0.061678 0.937683
1.1319 0.061678 0.937683
1.1320 0.061678 0.937683
1.1321 0.061678 0.937683
1.1322 0.061678 0.937683
1.1323 0.061678 0.937683
1.1324 0.061678 0.937683
1.1325 0.061678 0.937683
1.1326 0.061678 0.937683
1.1327 0.061678 0.937683
1.1328 0.061678 0.937683
1.1329 0.061678 0.937683
1.1330 0.061678 0.937683
1.1331 0.061678 0.937683
1.1332 0.061678 0.937683
1.1333 0.061678 0.937683
1.1334 0.061678 0.937683
1.1335 0.061678 0.937683
1.1336 0.061678 0.937683
1.1337 0.061678 0.937683
1.1338 0.061678 0.937683
1.1339 0.061678 0.937683
1.1340 0.061678 0.937683
1.1341 0.061678 0.937683
1.1342 0.061678 0.937683
1.1343 0.061678 0.937683
1.1344 0.061678 0.937683
1.1345 0.061678 0.937683
1.1346 0.061678 0.937683
1.1347 0.061678 0.937683
1.1348 0.061678 0.937683
1.1349 0.061678 0.937683
1.1350 0.061678 0.937683
1.1351 0.061678 0.937683
1.1352 0.061678 0.937683
1.1353 0.061678 0.937683
1.1354 0.061678 0.937683
1.1355 0.061678 0.937683
1.1356 0.061678 0.937683
1.1357 0.061678 0.937683
1.1358 0.061678 0.937683
1.1359 0.061678 0.937683
1.1360 0.061678 0.937683
1.1361 0.061678 0.937683
1.1362 0.061678 0.937683
1.1363 0.061678 0.937683
1.1364 0.061678 0.937683
1.1365 0.061678 0.937683
1.1366 0.061678 0.937683
1.1367 0.061678 0.937683
1.1368 0.061678 0.937683
1.1369 0.061678 0.937683
1.1370 0.061678 0.937683
1.1371 0.061678 0.937683
1.1372 0.061678 0.937683
1.1373 0.061678 0.937683
1.1374 0.061678 0.937683
1.1375 0.061678 0.937683
1.1376 0.061678 0.937683
1.1377 0.061678 0.937683
1.1378 0.061678 0.937683
1.1379 0.061678 0.937683
1.1380 0.061678 0.937683
1.1381 0.061678 0.937683
1.1382 0.061678 0.937683
1.1383 0.061678 0.937683
1.1384 0.061678 0.937683
1.1385 0.061678 0.937683
1.1386 0.061678 0.937683
1.1387 0.061678 0.937683
1.1388 0.061678 0.937683
1.1389 0.061678 0.937683
1.1390 0.061678 0.937683
1.1391 0.061678 0.937683
1.1392 0.061678 0.937683
1.1393 0.061678 0.937683
1.1394 0.061678 0.937683
1.1395 0.061678 0.937683
1.1396 0.061678 0.937683
1.1397 0.061678 0.937683
1.1398 0.061678 0.937683
1.1399 0.061678 0.937683
1.1400 0.061678 0.937683
1.1401 0.061678 0.937683
1.1402 0.061678 0.937683
1.1403 0.061678 0.937683
1.1404 0.061678 0.937683
1.1405 0.061678 0.937683
1.1406 0.061678 0.937683
1.1407 0.061678 0.937683
1.1408 0.061678 0.937683
1.1409 0.061678 0.937683
1.1410 0.061678 0.937683
1.1411 0.061678 0.937683
1.1412 0.061678 0.937683
1.1413 0.061678 0.937683
1.1414 0.061678 0.937683
1.1415 0.061678 0.937683
1.1416 0.061678 0.937683
1.1417 0.061678 0.937683
1.1418 0.061678 0.937683
1.1419 0.061678 0.937683
1.1420 0.061678 0.937683
1.1421 0.061678 0.937683
1.1422 0.061678 0.937683
1.1423 0.061678 0.937683
1.1424 0.061678 0.937683
1.1425 0.061678 0.937683
1.1426 0.061678 0.937683
1.1427 0.061678 0.937683
1.1428 0.061678 0.937683
1.1429 0.061678 0.937683
1.1430 0.061678 0.937683
1.1431 0.061678 0.937683
1.1432 0.061678 0.937683
1.1433 0.061678 0.937683
1.1434 0.061678 0.937683
1.1435 0.061678 0.937683
1.1436 0.061678 0.937683
1.1437 0.061678 0.937683
1.1438 0.061678 0.937683
1.1439 0.061678 0.937683
1.1440 0.061678 0.937683
1.1441 0.061678 0.937683
1.1442 0.061678 0.937683
1.1443 0.061678 0.937683
1.1444 0.061678 0.937683
1.1445 0.061678 0.937683
1.1446 0.061678 0.937683
1.1447 0.061678 0.937683
1.1448 0.061678 0.937683
1.1449 0.061678 0.937683
1.1450 0.061678 0.937683
1.1451 0.061678 0.937683
1.1452 0.061678 0.937683
1.1453 0.061678 0.937683
1.1454 0.061678 0.937683
1.1455 0.061678 0.937683
1.1456 0.061678 0.937683
1.1457 0.061678 0.937683
1.1458 0.061678 0.937683
1.1459 0.061678 0.937683
1.1460 0.061678 0.937683
1.1461 0.061678 0.937683
1.1462 0.061678 0.937683
1.1463 0.061678 0.937683
1.1464 0.061678 0.937683
1.1465 0.061678 0.937683
1.1466 0.061678 0.937683
1.1467 0.061678 0.937683
1.1468 0.061678 0.937683
1.1469 0.061678 0.937683
1.1470 0.061678 0.937683
1.1471 0.061678 0.937683
1.1472 0.061678 0.937683
1.1473 0.061678 0.937683
1.1474 0.061678 0.937683
1.1475 0.061678 0.937683
1.1476 0.061678 0.937683
1.1477 0.061678 0.937683
1.1478 0.061678 0.937683
1.1479 0.061678 0.937683
1.1480 0.061678 0.937683
1.1481 0.061678 0.937683
1.1482 0.061678 0.937683
1.1483 0.061678 0.937683
1.1484 0.061678 0.937683
1.1485 0.061678 0.937683
1.1486 0.061678 0.937683
1.1487 0.061678 0.937683
1.1488 0.061678 0.937683
1.1489 0.061678 0.937683
1.1490 0.061678 0.937683
1.1491 0.061678 0.937683
1.1492 0.061678 0.937683
1.1493 0.061678 0.937683
1.1494 0.061678 0.937683
1.1495 0.061678 0.937683
1.1496 0.061678 0.937683
1.1497 0.061678 0.937683
1.1498 0.061678 0.937683
1.1499 0.061678 0.937683
1.1500 0.061678 0.937683
1.1501 0.061678 0.937683
1.1502 0.061678 0.937683
1.1503 0.061678 0.937683
1.1504 0.061678 0.937683
1.1505 0.061678 0.937683
1.1506 0.061678 0.937683
1.1507 0.061678 0.937683
1.1508 0.061678 0.937683
1.1509 0.061678 0.937683
1.1510 0.061678 0.937683
1.1511 0.061678 0.937683
1.1512 0.061678 0.937683
1.1513 0.061678 0.937683
1.1514 0.061678 0.937683
1.1515 0.061678 0.937683
1.1516 0.061678 0.937683
1.1517 0.061678 0.937683
1.1518 0.061678 0.937683
1.1519 0.061678 0.937683
1.1520 0.061678 0.937683
1.1521 0.061678 0.937683
1.1522 0.061678 0.937683
1.1523 0.061678 0.937683
1.1524 0.061678 0.937683
1.1525 0.061678 0.937683
1.1526 0.061678 0.937683
1.1527 0.061678 0.937683
1.1528 0.061678 0.937683
1.1529 0.061678 0.937683
1.1530 0.061678 0.937683
1.1531 0.061678 0.937683
1.1532 0.061678 0.937683
1.1533 0.061678 0.937683
1.1534 0.061678 0.937683
1.1535 0.061678 0.937683
1.1536 0.061678 0.937683
1.1537 0.061678 0.937683
1.1538 0.061678 0.937683
1.1539 0.061678 0.937683
1.1540 0.061678 0.937683
1.1541 0.061678 0.937683
1.1542 0.061678 0.937683
1.1543 0.061678 0.937683
1.1544 0.061678 0.937683
1.1545 0.061678 0.937683
1.1546 0.061678 0.937683
1.1547 0.061678 0.937683
1.1548 0.061678 0.937683
1.1549 0.061678 0.937683
1.1550 0.061678 0.937683
1.1551 0.061678 0.937683
1.1552 0.061678 0.937683
1.1553 0.061678 0.937683
1.1554 0.061678 0.937683
1.1555 0.061678 0.937683
1.1556 0.061678 0.937683
1.1557 0.061678 0.937683
1.1558 0.061678 0.937683
1.1559 0.061678 0.937683
1.1560 0.061678 0.937683
1.1561 0.061678 0.937683
1.1562 0.061678 0.937683
1.1563 0.061678 0.937683
1.1564 0.061678 0.937683
1.1565 0.061678 0.937683
1.1566 0.061678 0.937683
1.1567 0.061678 0.937683
1.1568 0.061678 0.937683
1.1569 0.061678 0.937683
1.1570 0.061678 0.937683
1.1571 0.061678 0.937683
1.1572 0.061678 0.937683
1.1573 0.061678 0.937683
1.1574 0.061678 0.937683
1.1575 0.061678 0.937683
1.1576 0.061678 0.937683
1.1577 0.061678 0.937683
1.1578 0.061678 0.937683
1.1579 0.061678 0.937683
1.1580 0.061678 0.937683
1.1581 0.061678 0.937683
1.1582 0.061678 0.937683
1.1583 0.061678 0.937683
1.1584 0.061678 0.937683
1.1585 0.061678 0.937683
1.1586 0.061678 0.937683
1.1587 0.061678 0.937683
1.1588 0.061678 0.937683
1.1589 0.061678 0.937683
1.1590 0.061678 0.937683
1.1591 0.061678 0.937683
1.1592 0.061678 0.937683
1.1593 0.061678 0.937683
1.1594 0.061678 0.937683
1.1595 0.061678 0.937683
1.1596 0.061678 0.937683
1.1597 0.061678 0.937683
1.1598 0.061678 0.937683
1.1599 0.061678 0.937683
1.1600 0.061678 0.937683
1.1601 0.061678 0.937683
1.1602 0.061678 0.937683
1.1603 0.061678 0.937683
1.1604 0.061678 0.937683
1.1605 0.061678 0.937683
1.1606 0.061678 0.937683
1.1607 0.061678 0.937683
1.1608 0.061678 0.937683
1.1609 0.061678 0.937683
1.1610 0.061678 0.937683
1.1611 0.061678 0.937683
1.1612 0.061678 0.937683
1.1613 0.061678 0.937683
1.1614 0.061678 0.937683
1.1615 0.061678 0.937683
1.1616 0.061678 0.937683
1.1617 0.061678 0.937683
1.1618 0.061678 0.937683
1.1619 0.061678 0.937683
1.1620 0.061678 0.937683
1.1621 0.061678 0.937683
1.1622 0.061678 0.937683
1.1623 0.061678 0.937683
1.1624 0.061678 0.937683
1.1625 0.061678 0.937683
1.1626 0.061678 0.937683
1.1627 0.061678 0.937683
1.1628 0.061678 0.937683
1.1629 0.061678 0.937683
1.1630 0.061678 0.937683
1.1631 0.061678 0.937683
1.1632 0.061678 0.937683
1.1633 0.061678 0.937683
1.1634 0.061678 0.937683
1.1635 0.061678 0.937683
1.1636 0.061678 0.937683
1.1637 0.061678 0.937683
1.1638 0.061678 0.937683
1.1639 0.061678 0.937683
1.1640 0.061678 0.937683
1.1641 0.061678 0.937683
1.1642 0.061678 0.937683
1.1643 0.061678 0.937683
1.1644 0.061678 0.937683
1.1645 0.061678 0.937683
1.1646 0.061678 0.937683
1.1647 0.061678 0.937683
1.1648 0.061678 0.937683
1.1649 0.061678 0.937683
1.1650 0.061678 0.937683
1.1651 0.061678 0.937683
1.1652 0.061678 0.937683
1.1653 0.061678 0.937683
1.1654 0.061678 0.937683
1.1655 0.061678 0.937683
1.1656 0.061678 0.937683
1.1657 0.061678 0.937683
1.1658 0.061678 0.937683
1.1659 0.061678 0.937683
1.1660 0.061678 0.937683
1.1661 0.061678 0.937683
1.1662 0.061678 0.937683
1.1663 0.061678 0.937683
1.1664 0.061678 0.937683
1.1665 0.061678 0.937683
1.1666 0.061678 0.937683
1.1667 0.061678 0.937683
1.1668 0.061678 0.937683
1.1669 0.061678 0.937683
1.1670 0.061678 0.937683
1.1671 0.061678 0.937683
1.1672 0.061678 0.937683
1.1673 0.061678 0.937683
1.1674 0.061678 0.937683
1.1675 0.061678 0.937683
1.1676 0.061678 0.937683
1.1677 0.061678 0.937683
1.1678 0.061678 0.937683
1.1679 0.061678 0.937683
1.1680 0.061678 0.937683
1.1681 0.061678 0.937683
1.1682 0.061678 0.937683
1.1683 0.061678 0.937683
1.1684 0.061678 0.937683
1.1685 0.061678 0.937683
1.1686 0.061678 0.937683
1.1687 0.061678 0.937683
1.1688 0.061678 0.937683
1.1689 0.061678 0.937683
1.1690 0.061678 0.937683
1.1691 0.061678 0.937683
1.1692 0.061678 0.937683
1.1693 0.061678 0.937683
1.1694 0.061678 0.937683
1.1695 0.061678 0.937683
1.1696 0.061678 0.937683
1.1697 0.061678 0.937683
1.1698 0.061678 0.937683
1.1699 0.061678 0.937683
1.1700 0.061678 0.937683
1.1701 0.061678 0.937683
1.1702 0.061678 0.937683
1.1703 0.061678 0.937683
1.1704 0.061678 0.937683
1.1705 0.061678 0.937683
1.1706 0.061678 0.937683
1.1707 0.061678 0.937683
1.1708 0.061678 0.937683
1.1709 0.061678 0.937683
1.1710 0.061678 0.937683
1.1711 0.061678 0.937683
1.1712 0.061678 0.937683
1.1713 0.061678 0.937683
1.1714 0.061678 0.937683
1.1715 0.061678 0.937683
1.1716 0.061678 0.937683
1.1717 0.061678 0.937683
1.1718 0.061678 0.937683
1.1719 0.061678 0.937683
1.1720 0.061678 0.937683
1.1721 0.061678 0.937683
1.1722 0.061678 0.937683
1.1723 0.061678 0.937683
1.1724 0.061678 0.937683
1.1725 0.061678 0.937683
1.1726 0.061678 0.937683
1.1727 0.061678 0.937683
1.1728 0.061678 0.937683
1.1729 0.061678 0.937683
1.1730 0.061678 0.937683
1.1731 0.061678 0.937683
1.1732 0.061678 0.937683
1.1733 0.061678 0.937683
1.1734 0.061678 0.937683
1.1735 0.061678 0.937683
1.1736 0.061678 0.937683
1.1737 0.061678 0.937683
1.1738 0.061678 0.937683
1.1739 0.061678 0.937683
1.1740 0.061678 0.937683
1.1741 0.061678 0.937683
1.1742 0.061678 0.937683
1.1743 0.061678 0.937683
1.1744 0.061678 0.937683
1.1745 0.061678 0.937683
1.1746 0.061678 0.937683
1.1747 0.061678 0.937683
1.1748 0.061678 0.937683
1.1749 0.061678 0.937683
1.1750 0.061678 0.937683
1.1751 0.061678 0.937683
1.1752 0.061678 0.937683
1.1753 0.061678 0.937683
1.1754 0.061678 0.937683
1.1755 0.061678 0.937683
1.1756 0.061678 0.937683
1.1757 0.061678 0.937683
1.1758 0.061678 0.937683
1.1759 0.061678 0.937683
1.1760 0.061678 0.937683
1.1761 0.061678 0.937683
1.1762 0.061678 0.937683
1.1763 0.061678 0.937683
1.1764 0.061678 0.937683
1.1765 0.061678 0.937683
1.1766 0.061678 0.937683
1.1767 0.061678 0.937683
1.1768 0.061678 0.937683
1.1769 0.061678 0.937683
1.1770 0.061678 0.937683
1.1771 0.061678 0.937683
1.1772 0.061678 0.937683
1.1773 0.061678 0.937683
1.1774 0.061678 0.937683
1.1775 0.061678 0.937683
1.1776 0.061678 0.937683
1.1777 0.061678 0.937683
1.1778 0.061678 0.937683
1.1779 0.061678 0.937683
1.1780 0.061678 0.937683
1.1781 0.061678 0.937683
1.1782 0.061678 0.937683
1.1783 0.061678 0.937683
1.1784 0.061678 0.937683
1.1785 0.061678 0.937683
1.1786 0.061678 0.937683
1.1787 0.061678 0.937683
1.1788 0.061678 0.937683
1.1789 0.061678 0.937683
1.1790 0.061678 0.937683
1.1791 0.061678 0.937683
1.1792 0.061678 0.937683
1.1793 0.061678 0.937683
1.1794 0.061678 0.937683
1.1795 0.061678 0.937683
1.1796 0.061678 0.937683
1.1797 0.061678 0.937683
1.1798 0.061678 0.937683
1.1799 0.061678 0.937683
1.1800 0.061678 0.937683
1.1801 0.061678 0.937683
1.1802 0.061678 0.937683
1.1803 0.061678 0.937683
1.1804 0.061678 0.937683
1.1805 0.061678 0.937683
1.1806 0.061678 0.937683
1.1807 0.061678 0.937683
1.1808 0.061678 0.937683
1.1809 0.061678 0.937683
1.1810 0.061678 0.937683
1.1811 0.061678 0.937683
1.1812 0.061678 0.937683
1.1813 0.061678 0.937683
1.1814 0.061678 0.937683
1.1815 0.061678 0.937683
1.1816 0.061678 0.937683
1.1817 0.061678 0.937683
1.1818 0.061678 0.937683
1.1819 0.061678 0.937683
1.1820 0.061678 0.937683
1.1821 0.061678 0.937683
1.1822 0.061678 0.937683
1.1823 0.061678 0.937683
1.1824 0.061678 0.937683
1.1825 0.061678 0.937683
1.1826 0.061678 0.937683
1.1827 0.061678 0.937683
1.1828 0.061678 0.937683
1.1829 0.061678 0.937683
1.1830 0.061678 0.937683
1.1831 0.061678 0.937683
1.1832 0.061678 0.937683
1.1833 0.061678 0.937683
1.1834 0.061678 0.937683
1.1835 0.061678 0.937683
1.1836 0.061678 0.937683
1.1837 0.061678 0.937683
1.1838 0.061678 0.937683
1.1839 0.061678 0.937683
1.1840 0.061678 0.937683
1.1841 0.061678 0.937683
1.1842 0.061678 0.937683
1.1843 0.061678 0.937683
1.1844 0.061678 0.937683
1.1845 0.061678 0.937683
1.1846 0.061678 0.937683
1.1847 0.061678 0.937683
1.1848 0.061678 0.937683
1.1849 0.061678 0.937683
1.1850 0.061678 0.937683
1.1851 0.061678 0.937683
1.1852 0.061678 0.937683
1.1853 0.061678 0.937683
1.1854 0.061678 0.937683
1.1855 0.061678 0.937683
1.1856 0.061678 0.937683
1.1857 0.061678 0.937683
1.1858 0.061678 0.937683
1.1859 0.061678 0.937683
1.1860 0.061678 0.937683
1.1861 0.061678 0.937683
1.1862 0.061678 0.937683
1.1863 0.061678 0.937683
1.1864 0.061678 0.937683
1.1865 0.061678 0.937683
1.1866 0.061678 0.937683
1.1867 0.061678 0.937683
1.1868 0.061678 0.937683
1.1869 0.061678 0.937683
1.1870 0.061678 0.937683
1.1871 0.061678 0.937683
1.1872 0.061678 0.937683
1.1873 0.061678 0.937683
1.1874 0.061678 0.937683
1.1875 0.061678 0.937683
1.1876 0.061678 0.937683
1.1877 0.061678 0.937683
1.1878 0.061678 0.937683
1.1879 0.061678 0.937683
1.1880 0.061678 0.937683
1.1881 0.061678 0.937683
1.1882 0.061678 0.937683
1.1883 0.061678 0.937683
1.1884 0.061678 0.937683
1.1885 0.061678 0.937683
1.1886 0.061678 0.937683
1.1887 0.061678 0.937683
1.1888 0.061678 0.937683
1.1889 0.061678 0.937683
1.1890 0.061678 0.937683
1.1891 0.061678 0.937683
1.1892 0.061678 0.937683
1.1893 0.061678 0.937683
1.1894 0.061678 0.937683
1.1895 0.061678 0.937683
1.1896 0.061678 0.937683
1.1897 0.061678 0.937683
1.1898 0.061678 0.937683
1.1899 0.061678 0.937683
1.1900 0.061678 0.937683
1.1901 0.061678 0.937683
1.1902 0.061678 0.937683
1.1903 0.061678 0.937683
1.1904 0.061678 0.937683
1.1905 0.061678 0.937683
1.1906 0.061678 0.937683
1.1907 0.061678 0.937683
1.1908 0.061678 0.937683
1.1909 0.061678 0.937683
1.1910 0.061678 0.937683
1.1911 0.061678 0.937683
1.1912 0.061678 0.937683
1.1913 0.061678 0.937683
1.1914 0.061678 0.937683
1.1915 0.061678 0.937683
1.1916 0.061678 0.937683
1.1917 0.061678 0.937683
1.1918 0.061678 0.937683
1.1919 0.061678 0.937683
1.1920 0.061678 0.937683
1.1921 0.061678 0.937683
1.1922 0.061678 0.937683
1.1923 0.061678 0.937683
1.1924 0.061678 0.937683
1.1925 0.061678 0.937683
1.1926 0.061678 0.937683
1.1927 0.061678 0.937683
1.1928 0.061678 0.937683
1.1929 0.061678 0.937683
1.1930 0.061678 0.937683
1.1931 0.061678 0.937683
1.1932 0.061678 0.937683
1.1933 0.061678 0.937683
1.1934 0.061678 0.937683
1.1935 0.061678 0.937683
1.1936 0.061678 0.937683
1.1937 0.061678 0.937683
1.1938 0.061678 0.937683
1.1939 0.061678 0.937683
1.1940 0.061678 0.937683
1.1941 0.061678 0.937683
1.1942 0.061678 0.937683
1.1943 0.061678 0.937683
1.1944 0.061678 0.937683
1.1945 0.061678 0.937683
1.1946 0.061678 0.937683
1.1947 0.061678 0.937683
1.1948 0.061678 0.937683
1.1949 0.061678 0.937683
1.1950 0.061678 0.937683
1.1951 0.061678 0.937683
1.1952 0.061678 0.937683
1.1953 0.061678 0.937683
1.1954 0.061678 0.937683
1.1955 0.061678 0.937683
1.1956 0.061678 0.937683
1.1957 0.061678 0.937683
1.1958 0.061678 0.937683
1.1959 0.061678 0.937683
1.1960 0.061678 0.937683
1.1961 0.061678 0.937683
1.1962 0.061678 0.937683
1.1963 0.061678 0.937683
1.1964 0.061678 0.937683
1.1965 0.061678 0.937683
1.1966 0.061678 0.937683
1.1967 0.061678 0.937683
1.1968 0.061678 0.937683
1.1969 0.061678 0.937683
1.1970 0.061678 0.937683
1.1971 0.061678 0.937683
1.1972 0.061678 0.937683
1.1973 0.061678 0.937683
1.1974 0.061678 0.937683
1.1975 0.061678 0.937683
1.1976 0.061678 0.937683
1.1977 0.061678 0.937683
1.1978 0.061678 0.937683
1.1979 0.061678 0.937683
1.1980 0.061678 0.937683
1.1981 0.061678 0.937683
1.1982 0.061678 0.937683
1.1983 0.061678 0.937683
1.1984 0.061678 0.937683
1.1985 0.061678 0.937683
1.1986 0.061678 0.937683
1.1987 0.061678 0.937683
1.1988 0.061678 0.937683
1.1989 0.061678 0.937683
1.1990 0.061678 0.937683
1.1991 0.061678 0.937683
1.1992 0.061678 0.937683
1.1993 0.061678 0.937683
1.1994 0.061678 0.937683
1.1995 0.061678 0.937683
1.1996 0.061678 0.937683
1.1997 0.061678 0.937683
1.1998 0.061678 0.937683
1.1999 0.061678 0.937683
