# author: uvex_response
# source: uvex_mission_v0.8.1
# date_created: 2026-09-24
# status: model
# wavelength_unit: nm

wavelength    transmission
100.0 0.535633
100.1 0.535633
100.2 0.535633
100.3 0.535633
100.4 0.535633
100.5 0.535633
100.6 0.535633
100.7 0.535633
100.8 0.535633
100.9 0.535633
101.0 0.535633
101.1 0.535633
101.2 0.535633
101.3 0.535633
101.4 0.535633
101.5 0.535633
101.6 0.535633
101.7 0.535633
101.8 0.535633
101.9 0.535633
102.0 0.535633
102.1 0.535633
102.2 0.535633
102.3 0.535633
102.4 0.535633
102.5 0.535633
102.6 0.535633
102.7 0.535633
102.8 0.535633
102.9 0.535633
103.0 0.535633
103.1 0.535633
103.2 0.535633
103.3 0.535633
103.4 0.535633
103.5 0.535633
103.6 0.535633
103.7 0.535633
103.8 0.535633
103.9 0.535633
104.0 0.535633
104.1 0.535633
104.2 0.535633
104.3 0.535633
104.4 0.535633
104.5 0.535633
104.6 0.535633
104.7 0.535633
104.8 0.535633
104.9 0.535633
105.0 0.535633
105.1 0.535633
105.2 0.535633
105.3 0.535633
105.4 0.535633
105.5 0.535633
105.6 0.535633
105.7 0.535633
105.8 0.535633
105.9 0.535633
106.0 0.535633
106.1 0.535633
106.2 0.535633
106.3 0.535633
106.4 0.535633
106.5 0.535633
106.6 0.535633
106.7 0.535633
106.8 0.535633
106.9 0.535633
107.0 0.535633
107.1 0.535633
107.2 0.535633
107.3 0.535633
107.4 0.535633
107.5 0.535633
107.6 0.535633
107.7 0.535633
107.8 0.535633
107.9 0.535633
108.0 0.535633
108.1 0.535633
108.2 0.535633
108.3 0.535633
108.4 0.535633
108.5 0.535633
108.6 0.535633
108.7 0.535633
108.8 0.535633
108.9 0.535633
109.0 0.535633
109.1 0.535633
109.2 0.535633
109.3 0.535633
109.4 0.535633
109.5 0.535633
109.6 0.535633
109.7 0.535633
109.8 0.535633
109.9 0.535633
110.0 0.535633
110.1 0.536353
110.2 0.537073
110.3 0.537794
110.4 0.538514
110.5 0.539234
110.6 0.539954
110.7 0.540674
110.8 0.541395
110.9 0.542115
111.0 0.542835
111.1 0.543549
111.2 0.544263
111.3 0.544977
111.4 0.545692
111.5 0.546406
111.6 0.54712
111.7 0.547834
111.8 0.548548
111.9 0.549262
112.0 0.549977
112.1 0.550684
112.2 0.551392
112.3 0.5521
112.4 0.552808
112.5 0.553516
112.6 0.554224
112.7 0.554932
112.8 0.55564
112.9 0.556348
113.0 0.557056
113.1 0.557758
113.2 0.55846
113.3 0.559161
113.4 0.559863
113.5 0.560565
113.6 0.561267
113.7 0.561968
113.8 0.56267
113.9 0.563372
114.0 0.564073
114.1 0.564769
114.2 0.565464
114.3 0.566159
114.4 0.566854
114.5 0.567549
114.6 0.568245
114.7 0.56894
114.8 0.569635
114.9 0.57033
115.0 0.571026
115.1 0.571714
115.2 0.572403
115.3 0.573091
115.4 0.57378
115.5 0.574469
115.6 0.575157
115.7 0.575846
115.8 0.576534
115.9 0.577223
116.0 0.577911
116.1 0.578593
116.2 0.579275
116.3 0.579957
116.4 0.580639
116.5 0.581321
116.6 0.582003
116.7 0.582685
116.8 0.583367
116.9 0.584049
117.0 0.584731
117.1 0.585406
117.2 0.586081
117.3 0.586757
117.4 0.587432
117.5 0.588107
117.6 0.588782
117.7 0.589457
117.8 0.590132
117.9 0.590807
118.0 0.591482
118.1 0.592151
118.2 0.592819
118.3 0.593487
118.4 0.594155
118.5 0.594823
118.6 0.595492
118.7 0.59616
118.8 0.596828
118.9 0.597496
119.0 0.598165
119.1 0.598826
119.2 0.599487
119.3 0.600149
119.4 0.60081
119.5 0.601471
119.6 0.602132
119.7 0.602794
119.8 0.603455
119.9 0.604116
120.0 0.604777
120.1 0.605432
120.2 0.606086
120.3 0.60674
120.4 0.607394
120.5 0.608048
120.6 0.608703
120.7 0.609357
120.8 0.610011
120.9 0.610665
121.0 0.611319
121.1 0.611966
121.2 0.612613
121.3 0.61326
121.4 0.613907
121.5 0.614554
121.6 0.615201
121.7 0.615848
121.8 0.616495
121.9 0.617142
122.0 0.617789
122.1 0.618429
122.2 0.619069
122.3 0.619709
122.4 0.620349
122.5 0.620989
122.6 0.621629
122.7 0.622268
122.8 0.622908
122.9 0.623548
123.0 0.624188
123.1 0.624821
123.2 0.625453
123.3 0.626086
123.4 0.626718
123.5 0.627351
123.6 0.627984
123.7 0.628616
123.8 0.629249
123.9 0.629881
124.0 0.630514
124.1 0.631139
124.2 0.631764
124.3 0.63239
124.4 0.633015
124.5 0.63364
124.6 0.634265
124.7 0.63489
124.8 0.635516
124.9 0.636141
125.0 0.636766
125.1 0.637384
125.2 0.638002
125.3 0.638619
125.4 0.639237
125.5 0.639855
125.6 0.640473
125.7 0.641091
125.8 0.641709
125.9 0.642326
126.0 0.642944
126.1 0.643555
126.2 0.644165
126.3 0.644776
126.4 0.645386
126.5 0.645997
126.6 0.646607
126.7 0.647218
126.8 0.647828
126.9 0.648438
127.0 0.649049
127.1 0.649652
127.2 0.650255
127.3 0.650858
127.4 0.651461
127.5 0.652064
127.6 0.652667
127.7 0.65327
127.8 0.653873
127.9 0.654476
128.0 0.655079
128.1 0.655674
128.2 0.65627
128.3 0.656865
128.4 0.657461
128.5 0.658056
128.6 0.658652
128.7 0.659247
128.8 0.659843
128.9 0.660438
129.0 0.661033
129.1 0.661621
129.2 0.662209
129.3 0.662797
129.4 0.663385
129.5 0.663973
129.6 0.664562
129.7 0.66515
129.8 0.665738
129.9 0.666326
130.0 0.666914
130.1 0.667494
130.2 0.668075
130.3 0.668655
130.4 0.669236
130.5 0.669816
130.6 0.670397
130.7 0.670977
130.8 0.671558
130.9 0.672138
131.0 0.672719
131.1 0.673292
131.2 0.673865
131.3 0.674438
131.4 0.675011
131.5 0.675584
131.6 0.676157
131.7 0.676729
131.8 0.677302
131.9 0.677875
132.0 0.678448
132.1 0.679014
132.2 0.679579
132.3 0.680145
132.4 0.68071
132.5 0.681275
132.6 0.681841
132.7 0.682406
132.8 0.682972
132.9 0.683537
133.0 0.684103
133.1 0.68466
133.2 0.685218
133.3 0.685776
133.4 0.686334
133.5 0.686892
133.6 0.68745
133.7 0.688008
133.8 0.688566
133.9 0.689124
134.0 0.689682
134.1 0.690232
134.2 0.690783
134.3 0.691333
134.4 0.691883
134.5 0.692434
134.6 0.692984
134.7 0.693534
134.8 0.694085
134.9 0.694635
135.0 0.695186
135.1 0.695728
135.2 0.696271
135.3 0.696814
135.4 0.697357
135.5 0.6979
135.6 0.698443
135.7 0.698985
135.8 0.699528
135.9 0.700071
136.0 0.700614
136.1 0.701149
136.2 0.701685
136.3 0.70222
136.4 0.702755
136.5 0.703291
136.6 0.703826
136.7 0.704361
136.8 0.704897
136.9 0.705432
137.0 0.705967
137.1 0.706495
137.2 0.707023
137.3 0.707551
137.4 0.708079
137.5 0.708607
137.6 0.709134
137.7 0.709662
137.8 0.71019
137.9 0.710718
138.0 0.711246
138.1 0.711766
138.2 0.712287
138.3 0.712807
138.4 0.713327
138.5 0.713848
138.6 0.714368
138.7 0.714888
138.8 0.715409
138.9 0.715929
139.0 0.71645
139.1 0.716962
139.2 0.717475
139.3 0.717988
139.4 0.718501
139.5 0.719014
139.6 0.719527
139.7 0.72004
139.8 0.720553
139.9 0.721066
140.0 0.721579
140.1 0.722084
140.2 0.72259
140.3 0.723095
140.4 0.723601
140.5 0.724106
140.6 0.724612
140.7 0.725117
140.8 0.725623
140.9 0.726129
141.0 0.726634
141.1 0.727132
141.2 0.72763
141.3 0.728128
141.4 0.728626
141.5 0.729124
141.6 0.729622
141.7 0.730121
141.8 0.730619
141.9 0.731117
142.0 0.731615
142.1 0.732106
142.2 0.732596
142.3 0.733087
142.4 0.733578
142.5 0.734069
142.6 0.734559
142.7 0.73505
142.8 0.735541
142.9 0.736032
143.0 0.736523
143.1 0.737006
143.2 0.73749
143.3 0.737973
143.4 0.738456
143.5 0.73894
143.6 0.739423
143.7 0.739907
143.8 0.74039
143.9 0.740874
144.0 0.741357
144.1 0.741833
144.2 0.74231
144.3 0.742786
144.4 0.743262
144.5 0.743738
144.6 0.744214
144.7 0.74469
144.8 0.745166
144.9 0.745643
145.0 0.746119
145.1 0.746588
145.2 0.747057
145.3 0.747526
145.4 0.747995
145.5 0.748463
145.6 0.748932
145.7 0.749401
145.8 0.74987
145.9 0.750339
146.0 0.750808
146.1 0.75127
146.2 0.751732
146.3 0.752194
146.4 0.752656
146.5 0.753117
146.6 0.753579
146.7 0.754041
146.8 0.754503
146.9 0.754965
147.0 0.755427
147.1 0.755881
147.2 0.756336
147.3 0.75679
147.4 0.757245
147.5 0.7577
147.6 0.758154
147.7 0.758609
147.8 0.759063
147.9 0.759518
148.0 0.759972
148.1 0.76042
148.2 0.760868
148.3 0.761315
148.4 0.761763
148.5 0.762211
148.6 0.762658
148.7 0.763106
148.8 0.763554
148.9 0.764001
149.0 0.764449
149.1 0.764889
149.2 0.76533
149.3 0.76577
149.4 0.766211
149.5 0.766652
149.6 0.767092
149.7 0.767533
149.8 0.767973
149.9 0.768414
150.0 0.768854
150.1 0.769288
150.2 0.769721
150.3 0.770155
150.4 0.770589
150.5 0.771022
150.6 0.771456
150.7 0.771889
150.8 0.772323
150.9 0.772756
151.0 0.77319
151.1 0.773617
151.2 0.774043
151.3 0.77447
151.4 0.774897
151.5 0.775323
151.6 0.77575
151.7 0.776177
151.8 0.776603
151.9 0.77703
152.0 0.777457
152.1 0.777877
152.2 0.778296
152.3 0.778716
152.4 0.779136
152.5 0.779556
152.6 0.779976
152.7 0.780396
152.8 0.780815
152.9 0.781235
153.0 0.781655
153.1 0.782068
153.2 0.782481
153.3 0.782894
153.4 0.783307
153.5 0.78372
153.6 0.784133
153.7 0.784546
153.8 0.784959
153.9 0.785372
154.0 0.785785
154.1 0.786192
154.2 0.786598
154.3 0.787004
154.4 0.78741
154.5 0.787817
154.6 0.788223
154.7 0.788629
154.8 0.789035
154.9 0.789442
155.0 0.789848
155.1 0.790248
155.2 0.790647
155.3 0.791047
155.4 0.791447
155.5 0.791847
155.6 0.792246
155.7 0.792646
155.8 0.793046
155.9 0.793445
156.0 0.793845
156.1 0.794238
156.2 0.794631
156.3 0.795024
156.4 0.795417
156.5 0.79581
156.6 0.796203
156.7 0.796596
156.8 0.79699
156.9 0.797383
157.0 0.797776
157.1 0.798162
157.2 0.798549
157.3 0.798935
157.4 0.799322
157.5 0.799708
157.6 0.800095
157.7 0.800481
157.8 0.800868
157.9 0.801254
158.0 0.801641
158.1 0.802021
158.2 0.802401
158.3 0.802781
158.4 0.803161
158.5 0.803541
158.6 0.803921
158.7 0.804301
158.8 0.804682
158.9 0.805062
159.0 0.805442
159.1 0.805815
159.2 0.806189
159.3 0.806563
159.4 0.806936
159.5 0.80731
159.6 0.807684
159.7 0.808057
159.8 0.808431
159.9 0.808805
160.0 0.809179
160.1 0.809546
160.2 0.809913
160.3 0.810281
160.4 0.810648
160.5 0.811015
160.6 0.811383
160.7 0.81175
160.8 0.812118
160.9 0.812485
161.0 0.812852
161.1 0.813213
161.2 0.813575
161.3 0.813936
161.4 0.814297
161.5 0.814658
161.6 0.815019
161.7 0.81538
161.8 0.815741
161.9 0.816103
162.0 0.816464
162.1 0.816819
162.2 0.817174
162.3 0.817529
162.4 0.817884
162.5 0.818239
162.6 0.818594
162.7 0.818949
162.8 0.819304
162.9 0.819658
163.0 0.820013
163.1 0.820362
163.2 0.820711
163.3 0.82106
163.4 0.821409
163.5 0.821758
163.6 0.822106
163.7 0.822455
163.8 0.822804
163.9 0.823153
164.0 0.823502
164.1 0.823845
164.2 0.824187
164.3 0.82453
164.4 0.824873
164.5 0.825216
164.6 0.825559
164.7 0.825902
164.8 0.826245
164.9 0.826587
165.0 0.82693
165.1 0.827267
165.2 0.827604
165.3 0.827941
165.4 0.828278
165.5 0.828615
165.6 0.828952
165.7 0.829288
165.8 0.829625
165.9 0.829962
166.0 0.830299
166.1 0.83063
166.2 0.830961
166.3 0.831292
166.4 0.831623
166.5 0.831954
166.6 0.832285
166.7 0.832616
166.8 0.832947
166.9 0.833278
167.0 0.833609
167.1 0.833934
167.2 0.834259
167.3 0.834585
167.4 0.83491
167.5 0.835235
167.6 0.83556
167.7 0.835885
167.8 0.83621
167.9 0.836536
168.0 0.836861
168.1 0.83718
168.2 0.8375
168.3 0.837819
168.4 0.838139
168.5 0.838458
168.6 0.838778
168.7 0.839097
168.8 0.839417
168.9 0.839736
169.0 0.840056
169.1 0.840369
169.2 0.840683
169.3 0.840997
169.4 0.841311
169.5 0.841625
169.6 0.841939
169.7 0.842252
169.8 0.842566
169.9 0.84288
170.0 0.843194
170.1 0.843502
170.2 0.84381
170.3 0.844119
170.4 0.844427
170.5 0.844735
170.6 0.845043
170.7 0.845351
170.8 0.84566
170.9 0.845968
171.0 0.846276
171.1 0.846579
171.2 0.846882
171.3 0.847184
171.4 0.847487
171.5 0.84779
171.6 0.848092
171.7 0.848395
171.8 0.848698
171.9 0.849001
172.0 0.849303
172.1 0.849601
172.2 0.849898
172.3 0.850195
172.4 0.850493
172.5 0.85079
172.6 0.851087
172.7 0.851385
172.8 0.851682
172.9 0.851979
173.0 0.852276
173.1 0.852568
173.2 0.85286
173.3 0.853152
173.4 0.853444
173.5 0.853736
173.6 0.854028
173.7 0.85432
173.8 0.854612
173.9 0.854904
174.0 0.855196
174.1 0.855483
174.2 0.855769
174.3 0.856056
174.4 0.856343
174.5 0.856629
174.6 0.856916
174.7 0.857203
174.8 0.857489
174.9 0.857776
175.0 0.858063
175.1 0.858344
175.2 0.858626
175.3 0.858907
175.4 0.859188
175.5 0.85947
175.6 0.859751
175.7 0.860033
175.8 0.860314
175.9 0.860596
176.0 0.860877
176.1 0.861154
176.2 0.86143
176.3 0.861706
176.4 0.861983
176.5 0.862259
176.6 0.862535
176.7 0.862812
176.8 0.863088
176.9 0.863365
177.0 0.863641
177.1 0.863912
177.2 0.864184
177.3 0.864455
177.4 0.864726
177.5 0.864997
177.6 0.865269
177.7 0.86554
177.8 0.865811
177.9 0.866082
178.0 0.866354
178.1 0.86662
178.2 0.866886
178.3 0.867153
178.4 0.867419
178.5 0.867685
178.6 0.867951
178.7 0.868218
178.8 0.868484
178.9 0.86875
179.0 0.869017
179.1 0.869278
179.2 0.86954
179.3 0.869801
179.4 0.870062
179.5 0.870324
179.6 0.870585
179.7 0.870847
179.8 0.871108
179.9 0.87137
180.0 0.871631
180.1 0.871888
180.2 0.872144
180.3 0.872401
180.4 0.872657
180.5 0.872914
180.6 0.873171
180.7 0.873427
180.8 0.873684
180.9 0.87394
181.0 0.874197
181.1 0.874449
181.2 0.8747
181.3 0.874952
181.4 0.875204
181.5 0.875456
181.6 0.875708
181.7 0.87596
181.8 0.876211
181.9 0.876463
182.0 0.876715
182.1 0.876962
182.2 0.877209
182.3 0.877456
182.4 0.877704
182.5 0.877951
182.6 0.878198
182.7 0.878445
182.8 0.878692
182.9 0.878939
183.0 0.879186
183.1 0.879429
183.2 0.879671
183.3 0.879914
183.4 0.880156
183.5 0.880399
183.6 0.880641
183.7 0.880884
183.8 0.881126
183.9 0.881369
184.0 0.881611
184.1 0.881849
184.2 0.882087
184.3 0.882325
184.4 0.882563
184.5 0.882801
184.6 0.883039
184.7 0.883277
184.8 0.883516
184.9 0.883754
185.0 0.883992
185.1 0.884225
185.2 0.884459
185.3 0.884692
185.4 0.884925
185.5 0.885159
185.6 0.885392
185.7 0.885626
185.8 0.885859
185.9 0.886093
186.0 0.886326
186.1 0.886556
186.2 0.886785
186.3 0.887014
186.4 0.887243
186.5 0.887472
186.6 0.887701
186.7 0.88793
186.8 0.888159
186.9 0.888388
187.0 0.888618
187.1 0.888842
187.2 0.889067
187.3 0.889292
187.4 0.889516
187.5 0.889741
187.6 0.889966
187.7 0.890191
187.8 0.890415
187.9 0.89064
188.0 0.890865
188.1 0.891085
188.2 0.891306
188.3 0.891526
188.4 0.891747
188.5 0.891968
188.6 0.892188
188.7 0.892409
188.8 0.892629
188.9 0.89285
189.0 0.89307
189.1 0.893287
189.2 0.893503
189.3 0.893719
189.4 0.893936
189.5 0.894152
189.6 0.894368
189.7 0.894584
189.8 0.894801
189.9 0.895017
190.0 0.895233
190.1 0.895446
190.2 0.895658
190.3 0.89587
190.4 0.896082
190.5 0.896295
190.6 0.896507
190.7 0.896719
190.8 0.896931
190.9 0.897144
191.0 0.897356
191.1 0.897564
191.2 0.897772
191.3 0.89798
191.4 0.898188
191.5 0.898397
191.6 0.898605
191.7 0.898813
191.8 0.899021
191.9 0.899229
192.0 0.899437
192.1 0.899641
192.2 0.899846
192.3 0.90005
192.4 0.900254
192.5 0.900458
192.6 0.900663
192.7 0.900867
192.8 0.901071
192.9 0.901275
193.0 0.90148
193.1 0.90168
193.2 0.90188
193.3 0.90208
193.4 0.902281
193.5 0.902481
193.6 0.902681
193.7 0.902881
193.8 0.903081
193.9 0.903282
194.0 0.903482
194.1 0.903678
194.2 0.903875
194.3 0.904071
194.4 0.904267
194.5 0.904464
194.6 0.90466
194.7 0.904857
194.8 0.905053
194.9 0.905249
195.0 0.905446
195.1 0.905638
195.2 0.905831
195.3 0.906024
195.4 0.906216
195.5 0.906409
195.6 0.906602
195.7 0.906794
195.8 0.906987
195.9 0.90718
196.0 0.907372
196.1 0.907561
196.2 0.90775
196.3 0.907939
196.4 0.908128
196.5 0.908316
196.6 0.908505
196.7 0.908694
196.8 0.908883
196.9 0.909072
197.0 0.909261
197.1 0.909446
197.2 0.909631
197.3 0.909816
197.4 0.910001
197.5 0.910187
197.6 0.910372
197.7 0.910557
197.8 0.910742
197.9 0.910928
198.0 0.911113
198.1 0.911246
198.2 0.911379
198.3 0.911512
198.4 0.911646
198.5 0.911779
198.6 0.911912
198.7 0.912045
198.8 0.912178
198.9 0.912312
199.0 0.912445
199.1 0.912481
199.2 0.912517
199.3 0.912553
199.4 0.912588
199.5 0.912624
199.6 0.91266
199.7 0.912696
199.8 0.912732
199.9 0.912768
200.0 0.912804
200.1 0.91284
200.2 0.912876
200.3 0.912912
200.4 0.912948
200.5 0.912983
200.6 0.913019
200.7 0.913055
200.8 0.913091
200.9 0.913127
201.0 0.913163
201.1 0.913198
201.2 0.913234
201.3 0.91327
201.4 0.913305
201.5 0.913341
201.6 0.913377
201.7 0.913412
201.8 0.913448
201.9 0.913484
202.0 0.913519
202.1 0.913555
202.2 0.91359
202.3 0.913626
202.4 0.913661
202.5 0.913697
202.6 0.913732
202.7 0.913768
202.8 0.913803
202.9 0.913839
203.0 0.913874
203.1 0.913909
203.2 0.913945
203.3 0.91398
203.4 0.914016
203.5 0.914051
203.6 0.914086
203.7 0.914122
203.8 0.914157
203.9 0.914193
204.0 0.914228
204.1 0.914263
204.2 0.914299
204.3 0.914334
204.4 0.914369
204.5 0.914405
204.6 0.91444
204.7 0.914475
204.8 0.91451
204.9 0.914546
205.0 0.914581
205.1 0.914616
205.2 0.914651
205.3 0.914686
205.4 0.914722
205.5 0.914757
205.6 0.914792
205.7 0.914827
205.8 0.914862
205.9 0.914897
206.0 0.914932
206.1 0.914967
206.2 0.915002
206.3 0.915037
206.4 0.915072
206.5 0.915107
206.6 0.915142
206.7 0.915177
206.8 0.915212
206.9 0.915247
207.0 0.915282
207.1 0.915316
207.2 0.915351
207.3 0.915386
207.4 0.915421
207.5 0.915456
207.6 0.915491
207.7 0.915525
207.8 0.91556
207.9 0.915595
208.0 0.91563
208.1 0.915665
208.2 0.915699
208.3 0.915734
208.4 0.915769
208.5 0.915803
208.6 0.915838
208.7 0.915873
208.8 0.915907
208.9 0.915942
209.0 0.915976
209.1 0.916011
209.2 0.916046
209.3 0.91608
209.4 0.916115
209.5 0.916149
209.6 0.916184
209.7 0.916218
209.8 0.916253
209.9 0.916288
210.0 0.916322
210.1 0.916357
210.2 0.916391
210.3 0.916426
210.4 0.91646
210.5 0.916495
210.6 0.916529
210.7 0.916563
210.8 0.916598
210.9 0.916632
211.0 0.916667
211.1 0.916701
211.2 0.916736
211.3 0.91677
211.4 0.916804
211.5 0.916838
211.6 0.916873
211.7 0.916907
211.8 0.916941
211.9 0.916976
212.0 0.91701
212.1 0.917044
212.2 0.917078
212.3 0.917112
212.4 0.917146
212.5 0.91718
212.6 0.917214
212.7 0.917249
212.8 0.917283
212.9 0.917317
213.0 0.917351
213.1 0.917385
213.2 0.917419
213.3 0.917453
213.4 0.917487
213.5 0.917521
213.6 0.917555
213.7 0.917589
213.8 0.917623
213.9 0.917657
214.0 0.917691
214.1 0.917725
214.2 0.917759
214.3 0.917793
214.4 0.917827
214.5 0.917861
214.6 0.917894
214.7 0.917928
214.8 0.917962
214.9 0.917996
215.0 0.91803
215.1 0.918064
215.2 0.918098
215.3 0.918131
215.4 0.918165
215.5 0.918199
215.6 0.918233
215.7 0.918266
215.8 0.9183
215.9 0.918334
216.0 0.918368
216.1 0.918401
216.2 0.918435
216.3 0.918468
216.4 0.918502
216.5 0.918536
216.6 0.918569
216.7 0.918603
216.8 0.918637
216.9 0.91867
217.0 0.918704
217.1 0.918737
217.2 0.918771
217.3 0.918804
217.4 0.918838
217.5 0.918871
217.6 0.918905
217.7 0.918938
217.8 0.918972
217.9 0.919005
218.0 0.919039
218.1 0.919072
218.2 0.919105
218.3 0.919139
218.4 0.919172
218.5 0.919205
218.6 0.919239
218.7 0.919272
218.8 0.919305
218.9 0.919339
219.0 0.919372
219.1 0.919406
219.2 0.919439
219.3 0.919472
219.4 0.919505
219.5 0.919539
219.6 0.919572
219.7 0.919605
219.8 0.919638
219.9 0.919672
220.0 0.919705
220.1 0.919738
220.2 0.919771
220.3 0.919804
220.4 0.919837
220.5 0.91987
220.6 0.919904
220.7 0.919937
220.8 0.91997
220.9 0.920003
221.0 0.920036
221.1 0.920069
221.2 0.920102
221.3 0.920135
221.4 0.920167
221.5 0.9202
221.6 0.920233
221.7 0.920266
221.8 0.920299
221.9 0.920332
222.0 0.920365
222.1 0.920398
222.2 0.920431
222.3 0.920464
222.4 0.920496
222.5 0.920529
222.6 0.920562
222.7 0.920595
222.8 0.920628
222.9 0.920661
223.0 0.920694
223.1 0.920727
223.2 0.920759
223.3 0.920792
223.4 0.920825
223.5 0.920858
223.6 0.92089
223.7 0.920923
223.8 0.920956
223.9 0.920988
224.0 0.921021
224.1 0.921054
224.2 0.921086
224.3 0.921119
224.4 0.921151
224.5 0.921184
224.6 0.921216
224.7 0.921249
224.8 0.921281
224.9 0.921314
225.0 0.921346
225.1 0.921379
225.2 0.921411
225.3 0.921444
225.4 0.921476
225.5 0.921509
225.6 0.921541
225.7 0.921573
225.8 0.921606
225.9 0.921638
226.0 0.921671
226.1 0.921703
226.2 0.921735
226.3 0.921768
226.4 0.9218
226.5 0.921833
226.6 0.921865
226.7 0.921897
226.8 0.92193
226.9 0.921962
227.0 0.921994
227.1 0.922026
227.2 0.922059
227.3 0.922091
227.4 0.922123
227.5 0.922155
227.6 0.922187
227.7 0.922219
227.8 0.922251
227.9 0.922284
228.0 0.922316
228.1 0.922348
228.2 0.92238
228.3 0.922412
228.4 0.922444
228.5 0.922476
228.6 0.922508
228.7 0.92254
228.8 0.922572
228.9 0.922604
229.0 0.922636
229.1 0.922668
229.2 0.9227
229.3 0.922732
229.4 0.922764
229.5 0.922796
229.6 0.922828
229.7 0.92286
229.8 0.922892
229.9 0.922924
230.0 0.922956
230.1 0.922988
230.2 0.92302
230.3 0.923052
230.4 0.923083
230.5 0.923115
230.6 0.923147
230.7 0.923179
230.8 0.92321
230.9 0.923242
231.0 0.923274
231.1 0.923306
231.2 0.923337
231.3 0.923369
231.4 0.923401
231.5 0.923432
231.6 0.923464
231.7 0.923496
231.8 0.923528
231.9 0.923559
232.0 0.923591
232.1 0.923623
232.2 0.923654
232.3 0.923686
232.4 0.923717
232.5 0.923749
232.6 0.923781
232.7 0.923812
232.8 0.923844
232.9 0.923875
233.0 0.923907
233.1 0.923938
233.2 0.92397
233.3 0.924001
233.4 0.924033
233.5 0.924064
233.6 0.924095
233.7 0.924127
233.8 0.924158
233.9 0.92419
234.0 0.924221
234.1 0.924252
234.2 0.924284
234.3 0.924315
234.4 0.924346
234.5 0.924378
234.6 0.924409
234.7 0.92444
234.8 0.924472
234.9 0.924503
235.0 0.924534
235.1 0.924565
235.2 0.924597
235.3 0.924628
235.4 0.924659
235.5 0.92469
235.6 0.924722
235.7 0.924753
235.8 0.924784
235.9 0.924815
236.0 0.924847
236.1 0.924878
236.2 0.924909
236.3 0.92494
236.4 0.924971
236.5 0.925002
236.6 0.925033
236.7 0.925064
236.8 0.925095
236.9 0.925126
237.0 0.925157
237.1 0.925188
237.2 0.925219
237.3 0.92525
237.4 0.925281
237.5 0.925312
237.6 0.925342
237.7 0.925373
237.8 0.925404
237.9 0.925435
238.0 0.925466
238.1 0.925497
238.2 0.925528
238.3 0.925559
238.4 0.92559
238.5 0.925621
238.6 0.925651
238.7 0.925682
238.8 0.925713
238.9 0.925744
239.0 0.925775
239.1 0.925805
239.2 0.925836
239.3 0.925867
239.4 0.925897
239.5 0.925928
239.6 0.925959
239.7 0.925989
239.8 0.92602
239.9 0.926051
240.0 0.926081
240.1 0.926112
240.2 0.926142
240.3 0.926173
240.4 0.926204
240.5 0.926234
240.6 0.926265
240.7 0.926295
240.8 0.926326
240.9 0.926356
241.0 0.926387
241.1 0.926417
241.2 0.926448
241.3 0.926478
241.4 0.926509
241.5 0.926539
241.6 0.92657
241.7 0.9266
241.8 0.926631
241.9 0.926661
242.0 0.926692
242.1 0.926722
242.2 0.926752
242.3 0.926783
242.4 0.926813
242.5 0.926843
242.6 0.926873
242.7 0.926904
242.8 0.926934
242.9 0.926964
243.0 0.926995
243.1 0.927025
243.2 0.927055
243.3 0.927085
243.4 0.927115
243.5 0.927145
243.6 0.927176
243.7 0.927206
243.8 0.927236
243.9 0.927266
244.0 0.927296
244.1 0.927327
244.2 0.927357
244.3 0.927387
244.4 0.927417
244.5 0.927447
244.6 0.927477
244.7 0.927507
244.8 0.927537
244.9 0.927567
245.0 0.927597
245.1 0.927627
245.2 0.927657
245.3 0.927687
245.4 0.927717
245.5 0.927747
245.6 0.927777
245.7 0.927807
245.8 0.927837
245.9 0.927867
246.0 0.927897
246.1 0.927927
246.2 0.927957
246.3 0.927987
246.4 0.928017
246.5 0.928047
246.6 0.928077
246.7 0.928107
246.8 0.928137
246.9 0.928167
247.0 0.928197
247.1 0.928226
247.2 0.928256
247.3 0.928286
247.4 0.928315
247.5 0.928345
247.6 0.928375
247.7 0.928405
247.8 0.928434
247.9 0.928464
248.0 0.928494
248.1 0.928523
248.2 0.928553
248.3 0.928583
248.4 0.928612
248.5 0.928642
248.6 0.928671
248.7 0.928701
248.8 0.928731
248.9 0.92876
249.0 0.92879
249.1 0.928819
249.2 0.928849
249.3 0.928878
249.4 0.928908
249.5 0.928937
249.6 0.928966
249.7 0.928996
249.8 0.929025
249.9 0.929055
250.0 0.929084
250.1 0.929114
250.2 0.929143
250.3 0.929173
250.4 0.929202
250.5 0.929231
250.6 0.929261
250.7 0.92929
250.8 0.92932
250.9 0.929349
251.0 0.929379
251.1 0.929408
251.2 0.929437
251.3 0.929466
251.4 0.929496
251.5 0.929525
251.6 0.929554
251.7 0.929583
251.8 0.929613
251.9 0.929642
252.0 0.929671
252.1 0.9297
252.2 0.929729
252.3 0.929758
252.4 0.929788
252.5 0.929817
252.6 0.929846
252.7 0.929875
252.8 0.929904
252.9 0.929933
253.0 0.929963
253.1 0.929992
253.2 0.930021
253.3 0.93005
253.4 0.930079
253.5 0.930108
253.6 0.930137
253.7 0.930166
253.8 0.930195
253.9 0.930224
254.0 0.930253
254.1 0.930282
254.2 0.930311
254.3 0.93034
254.4 0.930369
254.5 0.930397
254.6 0.930426
254.7 0.930455
254.8 0.930484
254.9 0.930513
255.0 0.930542
255.1 0.93057
255.2 0.930599
255.3 0.930628
255.4 0.930657
255.5 0.930686
255.6 0.930714
255.7 0.930743
255.8 0.930772
255.9 0.930801
256.0 0.930829
256.1 0.930858
256.2 0.930887
256.3 0.930915
256.4 0.930944
256.5 0.930973
256.6 0.931001
256.7 0.93103
256.8 0.931059
256.9 0.931087
257.0 0.931116
257.1 0.931145
257.2 0.931173
257.3 0.931202
257.4 0.93123
257.5 0.931259
257.6 0.931288
257.7 0.931316
257.8 0.931345
257.9 0.931373
258.0 0.931402
258.1 0.93143
258.2 0.931459
258.3 0.931487
258.4 0.931516
258.5 0.931544
258.6 0.931573
258.7 0.931601
258.8 0.93163
258.9 0.931658
259.0 0.931687
259.1 0.931715
259.2 0.931744
259.3 0.931772
259.4 0.9318
259.5 0.931829
259.6 0.931857
259.7 0.931886
259.8 0.931914
259.9 0.931942
260.0 0.931971
260.1 0.931999
260.2 0.932027
260.3 0.932055
260.4 0.932083
260.5 0.932112
260.6 0.93214
260.7 0.932168
260.8 0.932196
260.9 0.932224
261.0 0.932253
261.1 0.932281
261.2 0.932309
261.3 0.932337
261.4 0.932365
261.5 0.932393
261.6 0.932421
261.7 0.932449
261.8 0.932477
261.9 0.932506
262.0 0.932534
262.1 0.932562
262.2 0.93259
262.3 0.932618
262.4 0.932646
262.5 0.932674
262.6 0.932702
262.7 0.93273
262.8 0.932758
262.9 0.932786
263.0 0.932814
263.1 0.932842
263.2 0.93287
263.3 0.932898
263.4 0.932925
263.5 0.932953
263.6 0.932981
263.7 0.933009
263.8 0.933037
263.9 0.933065
264.0 0.933093
264.1 0.933121
264.2 0.933148
264.3 0.933176
264.4 0.933204
264.5 0.933231
264.6 0.933259
264.7 0.933287
264.8 0.933315
264.9 0.933342
265.0 0.93337
265.1 0.933398
265.2 0.933426
265.3 0.933453
265.4 0.933481
265.5 0.933509
265.6 0.933536
265.7 0.933564
265.8 0.933592
265.9 0.93362
266.0 0.933647
266.1 0.933675
266.2 0.933702
266.3 0.93373
266.4 0.933757
266.5 0.933785
266.6 0.933813
266.7 0.93384
266.8 0.933868
266.9 0.933895
267.0 0.933923
267.1 0.93395
267.2 0.933977
267.3 0.934005
267.4 0.934032
267.5 0.93406
267.6 0.934087
267.7 0.934115
267.8 0.934142
267.9 0.93417
268.0 0.934197
268.1 0.934224
268.2 0.934252
268.3 0.934279
268.4 0.934306
268.5 0.934334
268.6 0.934361
268.7 0.934388
268.8 0.934416
268.9 0.934443
269.0 0.93447
269.1 0.934498
269.2 0.934525
269.3 0.934552
269.4 0.934579
269.5 0.934607
269.6 0.934634
269.7 0.934661
269.8 0.934688
269.9 0.934716
270.0 0.934743
270.1 0.93477
270.2 0.934797
270.3 0.934824
270.4 0.934851
270.5 0.934879
270.6 0.934906
270.7 0.934933
270.8 0.93496
270.9 0.934987
271.0 0.935014
271.1 0.935041
271.2 0.935068
271.3 0.935095
271.4 0.935122
271.5 0.935149
271.6 0.935176
271.7 0.935203
271.8 0.93523
271.9 0.935257
272.0 0.935284
272.1 0.935311
272.2 0.935338
272.3 0.935365
272.4 0.935392
272.5 0.935419
272.6 0.935446
272.7 0.935472
272.8 0.935499
272.9 0.935526
273.0 0.935553
273.1 0.93558
273.2 0.935607
273.3 0.935634
273.4 0.93566
273.5 0.935687
273.6 0.935714
273.7 0.935741
273.8 0.935767
273.9 0.935794
274.0 0.935821
274.1 0.935848
274.2 0.935874
274.3 0.935901
274.4 0.935928
274.5 0.935954
274.6 0.935981
274.7 0.936008
274.8 0.936034
274.9 0.936061
275.0 0.936088
275.1 0.936114
275.2 0.936141
275.3 0.936167
275.4 0.936194
275.5 0.93622
275.6 0.936247
275.7 0.936274
275.8 0.9363
275.9 0.936327
276.0 0.936353
276.1 0.93638
276.2 0.936406
276.3 0.936433
276.4 0.936459
276.5 0.936486
276.6 0.936512
276.7 0.936539
276.8 0.936565
276.9 0.936592
277.0 0.936618
277.1 0.936644
277.2 0.936671
277.3 0.936697
277.4 0.936724
277.5 0.93675
277.6 0.936776
277.7 0.936803
277.8 0.936829
277.9 0.936855
278.0 0.936882
278.1 0.936908
278.2 0.936934
278.3 0.936961
278.4 0.936987
278.5 0.937013
278.6 0.93704
278.7 0.937066
278.8 0.937092
278.9 0.937118
279.0 0.937145
279.1 0.937171
279.2 0.937197
279.3 0.937223
279.4 0.937249
279.5 0.937276
279.6 0.937302
279.7 0.937328
279.8 0.937354
279.9 0.93738
280.0 0.937407
280.1 0.937433
280.2 0.937459
280.3 0.937485
280.4 0.937511
280.5 0.937536
280.6 0.937562
280.7 0.937588
280.8 0.937614
280.9 0.93764
281.0 0.937666
281.1 0.937692
281.2 0.937718
281.3 0.937744
281.4 0.93777
281.5 0.937796
281.6 0.937822
281.7 0.937848
281.8 0.937874
281.9 0.9379
282.0 0.937926
282.1 0.937952
282.2 0.937978
282.3 0.938004
282.4 0.93803
282.5 0.938055
282.6 0.938081
282.7 0.938107
282.8 0.938133
282.9 0.938159
283.0 0.938184
283.1 0.93821
283.2 0.938236
283.3 0.938261
283.4 0.938287
283.5 0.938313
283.6 0.938339
283.7 0.938364
283.8 0.93839
283.9 0.938416
284.0 0.938441
284.1 0.938467
284.2 0.938493
284.3 0.938518
284.4 0.938544
284.5 0.93857
284.6 0.938596
284.7 0.938621
284.8 0.938647
284.9 0.938673
285.0 0.938698
285.1 0.938724
285.2 0.938749
285.3 0.938775
285.4 0.9388
285.5 0.938826
285.6 0.938851
285.7 0.938877
285.8 0.938903
285.9 0.938928
286.0 0.938954
286.1 0.938979
286.2 0.939004
286.3 0.93903
286.4 0.939055
286.5 0.939081
286.6 0.939106
286.7 0.939131
286.8 0.939157
286.9 0.939182
287.0 0.939208
287.1 0.939233
287.2 0.939258
287.3 0.939284
287.4 0.939309
287.5 0.939334
287.6 0.93936
287.7 0.939385
287.8 0.93941
287.9 0.939435
288.0 0.939461
288.1 0.939486
288.2 0.939511
288.3 0.939536
288.4 0.939562
288.5 0.939587
288.6 0.939612
288.7 0.939637
288.8 0.939663
288.9 0.939688
289.0 0.939713
289.1 0.939738
289.2 0.939763
289.3 0.939788
289.4 0.939813
289.5 0.939839
289.6 0.939864
289.7 0.939889
289.8 0.939914
289.9 0.939939
290.0 0.939964
290.1 0.939989
290.2 0.940014
290.3 0.940039
290.4 0.940064
290.5 0.940089
290.6 0.940114
290.7 0.940139
290.8 0.940164
290.9 0.940189
291.0 0.940214
291.1 0.940239
291.2 0.940264
291.3 0.940289
291.4 0.940314
291.5 0.940339
291.6 0.940364
291.7 0.940389
291.8 0.940414
291.9 0.940439
292.0 0.940464
292.1 0.940489
292.2 0.940513
292.3 0.940538
292.4 0.940563
292.5 0.940588
292.6 0.940613
292.7 0.940638
292.8 0.940662
292.9 0.940687
293.0 0.940712
293.1 0.940737
293.2 0.940762
293.3 0.940786
293.4 0.940811
293.5 0.940836
293.6 0.94086
293.7 0.940885
293.8 0.94091
293.9 0.940935
294.0 0.940959
294.1 0.940984
294.2 0.941008
294.3 0.941033
294.4 0.941058
294.5 0.941082
294.6 0.941107
294.7 0.941131
294.8 0.941156
294.9 0.94118
295.0 0.941205
295.1 0.941229
295.2 0.941254
295.3 0.941278
295.4 0.941303
295.5 0.941327
295.6 0.941352
295.7 0.941377
295.8 0.941401
295.9 0.941426
296.0 0.94145
296.1 0.941475
296.2 0.941499
296.3 0.941523
296.4 0.941548
296.5 0.941572
296.6 0.941597
296.7 0.941621
296.8 0.941646
296.9 0.94167
297.0 0.941695
297.1 0.941719
297.2 0.941743
297.3 0.941768
297.4 0.941792
297.5 0.941816
297.6 0.941841
297.7 0.941865
297.8 0.941889
297.9 0.941914
298.0 0.941938
298.1 0.941962
298.2 0.941986
298.3 0.94201
298.4 0.942035
298.5 0.942059
298.6 0.942083
298.7 0.942107
298.8 0.942131
298.9 0.942155
299.0 0.942179
299.1 0.942204
299.2 0.942228
299.3 0.942252
299.4 0.942276
299.5 0.9423
299.6 0.942324
299.7 0.942349
299.8 0.942373
299.9 0.942397
300.0 0.942421
300.1 0.942445
300.2 0.942469
300.3 0.942493
300.4 0.942517
300.5 0.942541
300.6 0.942565
300.7 0.942589
300.8 0.942613
300.9 0.942637
301.0 0.942662
301.1 0.942685
301.2 0.942709
301.3 0.942733
301.4 0.942757
301.5 0.942781
301.6 0.942805
301.7 0.942829
301.8 0.942853
301.9 0.942877
302.0 0.942901
302.1 0.942925
302.2 0.942949
302.3 0.942972
302.4 0.942996
302.5 0.94302
302.6 0.943044
302.7 0.943067
302.8 0.943091
302.9 0.943115
303.0 0.943139
303.1 0.943162
303.2 0.943186
303.3 0.94321
303.4 0.943234
303.5 0.943257
303.6 0.943281
303.7 0.943305
303.8 0.943329
303.9 0.943352
304.0 0.943376
304.1 0.9434
304.2 0.943424
304.3 0.943447
304.4 0.943471
304.5 0.943495
304.6 0.943518
304.7 0.943542
304.8 0.943566
304.9 0.943589
305.0 0.943613
305.1 0.943636
305.2 0.94366
305.3 0.943684
305.4 0.943707
305.5 0.943731
305.6 0.943754
305.7 0.943778
305.8 0.943801
305.9 0.943825
306.0 0.943849
306.1 0.943872
306.2 0.943895
306.3 0.943919
306.4 0.943942
306.5 0.943965
306.6 0.943989
306.7 0.944012
306.8 0.944035
306.9 0.944059
307.0 0.944082
307.1 0.944106
307.2 0.944129
307.3 0.944152
307.4 0.944176
307.5 0.944199
307.6 0.944222
307.7 0.944246
307.8 0.944269
307.9 0.944292
308.0 0.944316
308.1 0.944339
308.2 0.944362
308.3 0.944386
308.4 0.944409
308.5 0.944432
308.6 0.944455
308.7 0.944479
308.8 0.944502
308.9 0.944525
309.0 0.944549
309.1 0.944572
309.2 0.944595
309.3 0.944618
309.4 0.944641
309.5 0.944664
309.6 0.944688
309.7 0.944711
309.8 0.944734
309.9 0.944757
310.0 0.94478
310.1 0.944803
310.2 0.944826
310.3 0.944849
310.4 0.944873
310.5 0.944896
310.6 0.944919
310.7 0.944942
310.8 0.944965
310.9 0.944988
311.0 0.945011
311.1 0.945034
311.2 0.945057
311.3 0.94508
311.4 0.945103
311.5 0.945126
311.6 0.945149
311.7 0.945172
311.8 0.945195
311.9 0.945218
312.0 0.945241
312.1 0.945264
312.2 0.945287
312.3 0.945309
312.4 0.945332
312.5 0.945355
312.6 0.945378
312.7 0.945401
312.8 0.945424
312.9 0.945447
313.0 0.94547
313.1 0.945492
313.2 0.945515
313.3 0.945538
313.4 0.945561
313.5 0.945583
313.6 0.945606
313.7 0.945629
313.8 0.945652
313.9 0.945675
314.0 0.945697
314.1 0.94572
314.2 0.945743
314.3 0.945765
314.4 0.945788
314.5 0.945811
314.6 0.945833
314.7 0.945856
314.8 0.945879
314.9 0.945901
315.0 0.945924
315.1 0.945947
315.2 0.94597
315.3 0.945992
315.4 0.946015
315.5 0.946038
315.6 0.94606
315.7 0.946083
315.8 0.946106
315.9 0.946128
316.0 0.946151
316.1 0.946173
316.2 0.946196
316.3 0.946218
316.4 0.946241
316.5 0.946263
316.6 0.946286
316.7 0.946308
316.8 0.946331
316.9 0.946353
317.0 0.946376
317.1 0.946398
317.2 0.946421
317.3 0.946443
317.4 0.946465
317.5 0.946488
317.6 0.94651
317.7 0.946533
317.8 0.946555
317.9 0.946577
318.0 0.9466
318.1 0.946622
318.2 0.946644
318.3 0.946667
318.4 0.946689
318.5 0.946712
318.6 0.946734
318.7 0.946756
318.8 0.946779
318.9 0.946801
319.0 0.946824
319.1 0.946846
319.2 0.946868
319.3 0.94689
319.4 0.946912
319.5 0.946935
319.6 0.946957
319.7 0.946979
319.8 0.947001
319.9 0.947023
320.0 0.947045
320.1 0.947068
320.2 0.94709
320.3 0.947112
320.4 0.947134
320.5 0.947156
320.6 0.947179
320.7 0.947201
320.8 0.947223
320.9 0.947245
321.0 0.947267
321.1 0.947289
321.2 0.947312
321.3 0.947334
321.4 0.947356
321.5 0.947378
321.6 0.9474
321.7 0.947422
321.8 0.947444
321.9 0.947466
322.0 0.947488
322.1 0.94751
322.2 0.947532
322.3 0.947554
322.4 0.947576
322.5 0.947598
322.6 0.94762
322.7 0.947642
322.8 0.947663
322.9 0.947685
323.0 0.947707
323.1 0.947729
323.2 0.947751
323.3 0.947773
323.4 0.947795
323.5 0.947817
323.6 0.947839
323.7 0.94786
323.8 0.947882
323.9 0.947904
324.0 0.947926
324.1 0.947948
324.2 0.94797
324.3 0.947992
324.4 0.948013
324.5 0.948035
324.6 0.948057
324.7 0.948079
324.8 0.9481
324.9 0.948122
325.0 0.948144
325.1 0.948166
325.2 0.948187
325.3 0.948209
325.4 0.948231
325.5 0.948253
325.6 0.948274
325.7 0.948296
325.8 0.948318
325.9 0.948339
326.0 0.948361
326.1 0.948383
326.2 0.948404
326.3 0.948426
326.4 0.948447
326.5 0.948469
326.6 0.948491
326.7 0.948512
326.8 0.948534
326.9 0.948555
327.0 0.948577
327.1 0.948599
327.2 0.94862
327.3 0.948642
327.4 0.948663
327.5 0.948685
327.6 0.948707
327.7 0.948728
327.8 0.94875
327.9 0.948771
328.0 0.948793
328.1 0.948814
328.2 0.948836
328.3 0.948857
328.4 0.948879
328.5 0.9489
328.6 0.948921
328.7 0.948943
328.8 0.948964
328.9 0.948986
329.0 0.949007
329.1 0.949028
329.2 0.94905
329.3 0.949071
329.4 0.949093
329.5 0.949114
329.6 0.949135
329.7 0.949157
329.8 0.949178
329.9 0.9492
330.0 0.949221
330.1 0.949242
330.2 0.949263
330.3 0.949285
330.4 0.949306
330.5 0.949327
330.6 0.949348
330.7 0.949369
330.8 0.949391
330.9 0.949412
331.0 0.949433
331.1 0.949454
331.2 0.949475
331.3 0.949497
331.4 0.949518
331.5 0.949539
331.6 0.94956
331.7 0.949581
331.8 0.949603
331.9 0.949624
332.0 0.949645
332.1 0.949666
332.2 0.949687
332.3 0.949708
332.4 0.949729
332.5 0.949751
332.6 0.949772
332.7 0.949793
332.8 0.949814
332.9 0.949835
333.0 0.949856
333.1 0.949877
333.2 0.949898
333.3 0.949919
333.4 0.94994
333.5 0.949961
333.6 0.949982
333.7 0.950003
333.8 0.950024
333.9 0.950045
334.0 0.950066
334.1 0.950087
334.2 0.950108
334.3 0.950129
334.4 0.95015
334.5 0.950171
334.6 0.950192
334.7 0.950212
334.8 0.950233
334.9 0.950254
335.0 0.950275
335.1 0.950296
335.2 0.950317
335.3 0.950338
335.4 0.950358
335.5 0.950379
335.6 0.9504
335.7 0.950421
335.8 0.950442
335.9 0.950462
336.0 0.950483
336.1 0.950504
336.2 0.950525
336.3 0.950546
336.4 0.950566
336.5 0.950587
336.6 0.950608
336.7 0.950629
336.8 0.95065
336.9 0.95067
337.0 0.950691
337.1 0.950712
337.2 0.950732
337.3 0.950753
337.4 0.950774
337.5 0.950794
337.6 0.950815
337.7 0.950836
337.8 0.950856
337.9 0.950877
338.0 0.950897
338.1 0.950918
338.2 0.950939
338.3 0.950959
338.4 0.95098
338.5 0.951
338.6 0.951021
338.7 0.951042
338.8 0.951062
338.9 0.951083
339.0 0.951103
339.1 0.951124
339.2 0.951144
339.3 0.951165
339.4 0.951185
339.5 0.951206
339.6 0.951226
339.7 0.951247
339.8 0.951267
339.9 0.951288
340.0 0.951308
340.1 0.951329
340.2 0.951349
340.3 0.95137
340.4 0.95139
340.5 0.951411
340.6 0.951431
340.7 0.951451
340.8 0.951472
340.9 0.951492
341.0 0.951513
341.1 0.951533
341.2 0.951553
341.3 0.951573
341.4 0.951594
341.5 0.951614
341.6 0.951634
341.7 0.951655
341.8 0.951675
341.9 0.951695
342.0 0.951716
342.1 0.951736
342.2 0.951756
342.3 0.951777
342.4 0.951797
342.5 0.951817
342.6 0.951837
342.7 0.951858
342.8 0.951878
342.9 0.951898
343.0 0.951919
343.1 0.951939
343.2 0.951959
343.3 0.951979
343.4 0.951999
343.5 0.952019
343.6 0.952039
343.7 0.952059
343.8 0.95208
343.9 0.9521
344.0 0.95212
344.1 0.95214
344.2 0.95216
344.3 0.95218
344.4 0.9522
344.5 0.95222
344.6 0.95224
344.7 0.952261
344.8 0.952281
344.9 0.952301
345.0 0.952321
345.1 0.952341
345.2 0.952361
345.3 0.952381
345.4 0.952401
345.5 0.952421
345.6 0.952441
345.7 0.952461
345.8 0.952481
345.9 0.952501
346.0 0.952521
346.1 0.952541
346.2 0.952561
346.3 0.952581
346.4 0.952601
346.5 0.952621
346.6 0.95264
346.7 0.95266
346.8 0.95268
346.9 0.9527
347.0 0.95272
347.1 0.95274
347.2 0.95276
347.3 0.95278
347.4 0.952799
347.5 0.952819
347.6 0.952839
347.7 0.952859
347.8 0.952879
347.9 0.952898
348.0 0.952918
348.1 0.952938
348.2 0.952958
348.3 0.952978
348.4 0.952997
348.5 0.953017
348.6 0.953037
348.7 0.953057
348.8 0.953077
348.9 0.953097
349.0 0.953116
349.1 0.953136
349.2 0.953156
349.3 0.953175
349.4 0.953195
349.5 0.953214
349.6 0.953234
349.7 0.953254
349.8 0.953273
349.9 0.953293
350.0 0.953312
350.1 0.953332
350.2 0.953352
350.3 0.953371
350.4 0.953391
350.5 0.95341
350.6 0.95343
350.7 0.95345
350.8 0.953469
350.9 0.953489
351.0 0.953509
351.1 0.953528
351.2 0.953548
351.3 0.953567
351.4 0.953587
351.5 0.953606
351.6 0.953626
351.7 0.953645
351.8 0.953665
351.9 0.953684
352.0 0.953704
352.1 0.953723
352.2 0.953742
352.3 0.953762
352.4 0.953781
352.5 0.953801
352.6 0.95382
352.7 0.95384
352.8 0.953859
352.9 0.953878
353.0 0.953898
353.1 0.953917
353.2 0.953937
353.3 0.953956
353.4 0.953975
353.5 0.953995
353.6 0.954014
353.7 0.954034
353.8 0.954053
353.9 0.954072
354.0 0.954092
354.1 0.954111
354.2 0.954131
354.3 0.95415
354.4 0.954169
354.5 0.954188
354.6 0.954208
354.7 0.954227
354.8 0.954246
354.9 0.954266
355.0 0.954285
355.1 0.954304
355.2 0.954323
355.3 0.954342
355.4 0.954361
355.5 0.954381
355.6 0.9544
355.7 0.954419
355.8 0.954438
355.9 0.954457
356.0 0.954476
356.1 0.954495
356.2 0.954514
356.3 0.954533
356.4 0.954553
356.5 0.954572
356.6 0.954591
356.7 0.95461
356.8 0.954629
356.9 0.954648
357.0 0.954667
357.1 0.954686
357.2 0.954705
357.3 0.954725
357.4 0.954744
357.5 0.954763
357.6 0.954782
357.7 0.954801
357.8 0.95482
357.9 0.954839
358.0 0.954858
358.1 0.954877
358.2 0.954896
358.3 0.954915
358.4 0.954934
358.5 0.954953
358.6 0.954972
358.7 0.954991
358.8 0.95501
358.9 0.955028
359.0 0.955047
359.1 0.955066
359.2 0.955085
359.3 0.955104
359.4 0.955123
359.5 0.955142
359.6 0.955161
359.7 0.95518
359.8 0.955199
359.9 0.955218
360.0 0.955237
360.1 0.955255
360.2 0.955274
360.3 0.955293
360.4 0.955312
360.5 0.955331
360.6 0.955349
360.7 0.955368
360.8 0.955387
360.9 0.955406
361.0 0.955425
361.1 0.955443
361.2 0.955462
361.3 0.955481
361.4 0.955499
361.5 0.955518
361.6 0.955537
361.7 0.955556
361.8 0.955574
361.9 0.955593
362.0 0.955612
362.1 0.95563
362.2 0.955649
362.3 0.955668
362.4 0.955687
362.5 0.955705
362.6 0.955724
362.7 0.955743
362.8 0.955761
362.9 0.95578
363.0 0.955799
363.1 0.955817
363.2 0.955836
363.3 0.955854
363.4 0.955873
363.5 0.955891
363.6 0.95591
363.7 0.955928
363.8 0.955947
363.9 0.955965
364.0 0.955984
364.1 0.956002
364.2 0.956021
364.3 0.956039
364.4 0.956058
364.5 0.956076
364.6 0.956095
364.7 0.956113
364.8 0.956132
364.9 0.95615
365.0 0.956169
365.1 0.956187
365.2 0.956206
365.3 0.956224
365.4 0.956243
365.5 0.956261
365.6 0.956279
365.7 0.956298
365.8 0.956316
365.9 0.956335
366.0 0.956353
366.1 0.956371
366.2 0.95639
366.3 0.956408
366.4 0.956427
366.5 0.956445
366.6 0.956464
366.7 0.956482
366.8 0.9565
366.9 0.956519
367.0 0.956537
367.1 0.956555
367.2 0.956574
367.3 0.956592
367.4 0.95661
367.5 0.956628
367.6 0.956646
367.7 0.956665
367.8 0.956683
367.9 0.956701
368.0 0.956719
368.1 0.956737
368.2 0.956756
368.3 0.956774
368.4 0.956792
368.5 0.95681
368.6 0.956828
368.7 0.956847
368.8 0.956865
368.9 0.956883
369.0 0.956901
369.1 0.956919
369.2 0.956938
369.3 0.956956
369.4 0.956974
369.5 0.956992
369.6 0.95701
369.7 0.957028
369.8 0.957046
369.9 0.957064
370.0 0.957082
370.1 0.9571
370.2 0.957119
370.3 0.957137
370.4 0.957155
370.5 0.957173
370.6 0.957191
370.7 0.957209
370.8 0.957227
370.9 0.957245
371.0 0.957263
371.1 0.957281
371.2 0.957299
371.3 0.957317
371.4 0.957335
371.5 0.957353
371.6 0.957371
371.7 0.957389
371.8 0.957407
371.9 0.957425
372.0 0.957443
372.1 0.95746
372.2 0.957478
372.3 0.957496
372.4 0.957514
372.5 0.957532
372.6 0.95755
372.7 0.957568
372.8 0.957586
372.9 0.957604
373.0 0.957622
373.1 0.957639
373.2 0.957657
373.3 0.957675
373.4 0.957693
373.5 0.957711
373.6 0.957728
373.7 0.957746
373.8 0.957764
373.9 0.957782
374.0 0.9578
374.1 0.957817
374.2 0.957835
374.3 0.957853
374.4 0.957871
374.5 0.957889
374.6 0.957906
374.7 0.957924
374.8 0.957942
374.9 0.95796
375.0 0.957978
375.1 0.957995
375.2 0.958013
375.3 0.958031
375.4 0.958049
375.5 0.958066
375.6 0.958084
375.7 0.958102
375.8 0.958119
375.9 0.958137
376.0 0.958155
376.1 0.958172
376.2 0.95819
376.3 0.958208
376.4 0.958225
376.5 0.958243
376.6 0.95826
376.7 0.958278
376.8 0.958296
376.9 0.958313
377.0 0.958331
377.1 0.958348
377.2 0.958366
377.3 0.958383
377.4 0.958401
377.5 0.958418
377.6 0.958436
377.7 0.958453
377.8 0.958471
377.9 0.958488
378.0 0.958506
378.1 0.958523
378.2 0.958541
378.3 0.958558
378.4 0.958576
378.5 0.958593
378.6 0.958611
378.7 0.958628
378.8 0.958646
378.9 0.958663
379.0 0.958681
379.1 0.958698
379.2 0.958716
379.3 0.958733
379.4 0.95875
379.5 0.958768
379.6 0.958785
379.7 0.958803
379.8 0.95882
379.9 0.958837
380.0 0.958855
380.1 0.958872
380.2 0.958889
380.3 0.958907
380.4 0.958924
380.5 0.958941
380.6 0.958959
380.7 0.958976
380.8 0.958993
380.9 0.959011
381.0 0.959028
381.1 0.959045
381.2 0.959062
381.3 0.959079
381.4 0.959097
381.5 0.959114
381.6 0.959131
381.7 0.959148
381.8 0.959165
381.9 0.959183
382.0 0.9592
382.1 0.959217
382.2 0.959234
382.3 0.959251
382.4 0.959269
382.5 0.959286
382.6 0.959303
382.7 0.95932
382.8 0.959337
382.9 0.959355
383.0 0.959372
383.1 0.959389
383.2 0.959406
383.3 0.959423
383.4 0.95944
383.5 0.959457
383.6 0.959474
383.7 0.959491
383.8 0.959509
383.9 0.959526
384.0 0.959543
384.1 0.95956
384.2 0.959577
384.3 0.959594
384.4 0.959611
384.5 0.959628
384.6 0.959645
384.7 0.959662
384.8 0.959679
384.9 0.959696
385.0 0.959713
385.1 0.95973
385.2 0.959747
385.3 0.959764
385.4 0.959781
385.5 0.959798
385.6 0.959815
385.7 0.959832
385.8 0.959849
385.9 0.959866
386.0 0.959883
386.1 0.9599
386.2 0.959916
386.3 0.959933
386.4 0.95995
386.5 0.959967
386.6 0.959984
386.7 0.960001
386.8 0.960018
386.9 0.960035
387.0 0.960052
387.1 0.960068
387.2 0.960085
387.3 0.960102
387.4 0.960119
387.5 0.960136
387.6 0.960152
387.7 0.960169
387.8 0.960186
387.9 0.960203
388.0 0.96022
388.1 0.960236
388.2 0.960253
388.3 0.96027
388.4 0.960287
388.5 0.960304
388.6 0.96032
388.7 0.960337
388.8 0.960354
388.9 0.960371
389.0 0.960388
389.1 0.960404
389.2 0.960421
389.3 0.960438
389.4 0.960454
389.5 0.960471
389.6 0.960488
389.7 0.960504
389.8 0.960521
389.9 0.960538
390.0 0.960554
390.1 0.960571
390.2 0.960588
390.3 0.960604
390.4 0.960621
390.5 0.960637
390.6 0.960654
390.7 0.960671
390.8 0.960687
390.9 0.960704
391.0 0.96072
391.1 0.960737
391.2 0.960754
391.3 0.96077
391.4 0.960787
391.5 0.960803
391.6 0.96082
391.7 0.960837
391.8 0.960853
391.9 0.96087
392.0 0.960886
392.1 0.960903
392.2 0.960919
392.3 0.960936
392.4 0.960952
392.5 0.960969
392.6 0.960985
392.7 0.961002
392.8 0.961018
392.9 0.961035
393.0 0.961051
393.1 0.961068
393.2 0.961084
393.3 0.9611
393.4 0.961117
393.5 0.961133
393.6 0.96115
393.7 0.961166
393.8 0.961182
393.9 0.961199
394.0 0.961215
394.1 0.961231
394.2 0.961248
394.3 0.961264
394.4 0.961281
394.5 0.961297
394.6 0.961313
394.7 0.96133
394.8 0.961346
394.9 0.961363
395.0 0.961379
395.1 0.961395
395.2 0.961411
395.3 0.961428
395.4 0.961444
395.5 0.96146
395.6 0.961476
395.7 0.961492
395.8 0.961508
395.9 0.961525
396.0 0.961541
396.1 0.961557
396.2 0.961573
396.3 0.96159
396.4 0.961606
396.5 0.961622
396.6 0.961639
396.7 0.961655
396.8 0.961671
396.9 0.961687
397.0 0.961704
397.1 0.96172
397.2 0.961736
397.3 0.961752
397.4 0.961768
397.5 0.961784
397.6 0.9618
397.7 0.961816
397.8 0.961832
397.9 0.961848
398.0 0.961864
398.1 0.961881
398.2 0.961897
398.3 0.961913
398.4 0.961929
398.5 0.961945
398.6 0.961961
398.7 0.961977
398.8 0.961993
398.9 0.962009
399.0 0.962025
399.1 0.962041
399.2 0.962058
399.3 0.962074
399.4 0.96209
399.5 0.962106
399.6 0.962122
399.7 0.962138
399.8 0.962154
399.9 0.96217
400.0 0.962186
400.1 0.962202
400.2 0.962218
400.3 0.962234
400.4 0.96225
400.5 0.962266
400.6 0.962281
400.7 0.962297
400.8 0.962313
400.9 0.962329
401.0 0.962345
401.1 0.962361
401.2 0.962377
401.3 0.962393
401.4 0.962408
401.5 0.962424
401.6 0.96244
401.7 0.962456
401.8 0.962472
401.9 0.962488
402.0 0.962504
402.1 0.96252
402.2 0.962535
402.3 0.962551
402.4 0.962567
402.5 0.962583
402.6 0.962598
402.7 0.962614
402.8 0.96263
402.9 0.962646
403.0 0.962662
403.1 0.962677
403.2 0.962693
403.3 0.962709
403.4 0.962725
403.5 0.96274
403.6 0.962756
403.7 0.962772
403.8 0.962788
403.9 0.962804
404.0 0.962819
404.1 0.962835
404.2 0.962851
404.3 0.962866
404.4 0.962882
404.5 0.962898
404.6 0.962913
404.7 0.962929
404.8 0.962945
404.9 0.96296
405.0 0.962976
405.1 0.962992
405.2 0.963007
405.3 0.963023
405.4 0.963039
405.5 0.963054
405.6 0.96307
405.7 0.963086
405.8 0.963102
405.9 0.963117
406.0 0.963133
406.1 0.963148
406.2 0.963164
406.3 0.963179
406.4 0.963195
406.5 0.96321
406.6 0.963226
406.7 0.963241
406.8 0.963257
406.9 0.963272
407.0 0.963288
407.1 0.963303
407.2 0.963319
407.3 0.963334
407.4 0.96335
407.5 0.963365
407.6 0.963381
407.7 0.963397
407.8 0.963412
407.9 0.963428
408.0 0.963443
408.1 0.963459
408.2 0.963474
408.3 0.963489
408.4 0.963505
408.5 0.96352
408.6 0.963536
408.7 0.963551
408.8 0.963566
408.9 0.963582
409.0 0.963597
409.1 0.963612
409.2 0.963628
409.3 0.963643
409.4 0.963659
409.5 0.963674
409.6 0.963689
409.7 0.963705
409.8 0.96372
409.9 0.963735
410.0 0.963751
410.1 0.963766
410.2 0.963781
410.3 0.963797
410.4 0.963812
410.5 0.963827
410.6 0.963842
410.7 0.963858
410.8 0.963873
410.9 0.963888
411.0 0.963903
411.1 0.963919
411.2 0.963934
411.3 0.963949
411.4 0.963964
411.5 0.96398
411.6 0.963995
411.7 0.96401
411.8 0.964026
411.9 0.964041
412.0 0.964056
412.1 0.964071
412.2 0.964086
412.3 0.964102
412.4 0.964117
412.5 0.964132
412.6 0.964147
412.7 0.964162
412.8 0.964177
412.9 0.964193
413.0 0.964208
413.1 0.964223
413.2 0.964238
413.3 0.964253
413.4 0.964268
413.5 0.964283
413.6 0.964298
413.7 0.964313
413.8 0.964328
413.9 0.964343
414.0 0.964358
414.1 0.964373
414.2 0.964388
414.3 0.964404
414.4 0.964419
414.5 0.964434
414.6 0.964449
414.7 0.964464
414.8 0.964479
414.9 0.964494
415.0 0.964509
415.1 0.964524
415.2 0.964539
415.3 0.964554
415.4 0.964569
415.5 0.964584
415.6 0.964599
415.7 0.964614
415.8 0.964629
415.9 0.964644
416.0 0.964659
416.1 0.964674
416.2 0.964689
416.3 0.964704
416.4 0.964718
416.5 0.964733
416.6 0.964748
416.7 0.964763
416.8 0.964778
416.9 0.964793
417.0 0.964808
417.1 0.964823
417.2 0.964838
417.3 0.964853
417.4 0.964868
417.5 0.964883
417.6 0.964897
417.7 0.964912
417.8 0.964927
417.9 0.964942
418.0 0.964957
418.1 0.964972
418.2 0.964986
418.3 0.965001
418.4 0.965016
418.5 0.965031
418.6 0.965045
418.7 0.96506
418.8 0.965075
418.9 0.96509
419.0 0.965104
419.1 0.965119
419.2 0.965134
419.3 0.965149
419.4 0.965163
419.5 0.965178
419.6 0.965193
419.7 0.965208
419.8 0.965222
419.9 0.965237
420.0 0.965252
420.1 0.965267
420.2 0.965281
420.3 0.965296
420.4 0.965311
420.5 0.965325
420.6 0.96534
420.7 0.965355
420.8 0.965369
420.9 0.965384
421.0 0.965399
421.1 0.965413
421.2 0.965428
421.3 0.965442
421.4 0.965457
421.5 0.965472
421.6 0.965486
421.7 0.965501
421.8 0.965516
421.9 0.96553
422.0 0.965545
422.1 0.96556
422.2 0.965574
422.3 0.965589
422.4 0.965603
422.5 0.965618
422.6 0.965632
422.7 0.965647
422.8 0.965661
422.9 0.965676
423.0 0.965691
423.1 0.965705
423.2 0.965719
423.3 0.965734
423.4 0.965748
423.5 0.965763
423.6 0.965777
423.7 0.965792
423.8 0.965806
423.9 0.965821
424.0 0.965835
424.1 0.96585
424.2 0.965864
424.3 0.965878
424.4 0.965893
424.5 0.965907
424.6 0.965922
424.7 0.965936
424.8 0.965951
424.9 0.965965
425.0 0.96598
425.1 0.965994
425.2 0.966008
425.3 0.966023
425.4 0.966037
425.5 0.966052
425.6 0.966066
425.7 0.966081
425.8 0.966095
425.9 0.96611
426.0 0.966124
426.1 0.966138
426.2 0.966153
426.3 0.966167
426.4 0.966181
426.5 0.966195
426.6 0.96621
426.7 0.966224
426.8 0.966238
426.9 0.966252
427.0 0.966267
427.1 0.966281
427.2 0.966295
427.3 0.966309
427.4 0.966323
427.5 0.966338
427.6 0.966352
427.7 0.966366
427.8 0.96638
427.9 0.966395
428.0 0.966409
428.1 0.966423
428.2 0.966437
428.3 0.966452
428.4 0.966466
428.5 0.96648
428.6 0.966494
428.7 0.966509
428.8 0.966523
428.9 0.966537
429.0 0.966551
429.1 0.966566
429.2 0.96658
429.3 0.966594
429.4 0.966608
429.5 0.966622
429.6 0.966636
429.7 0.96665
429.8 0.966665
429.9 0.966679
430.0 0.966693
430.1 0.966707
430.2 0.966721
430.3 0.966735
430.4 0.966749
430.5 0.966763
430.6 0.966777
430.7 0.966791
430.8 0.966805
430.9 0.966819
431.0 0.966833
431.1 0.966847
431.2 0.966861
431.3 0.966875
431.4 0.966889
431.5 0.966903
431.6 0.966917
431.7 0.966931
431.8 0.966946
431.9 0.96696
432.0 0.966974
432.1 0.966988
432.2 0.967001
432.3 0.967015
432.4 0.967029
432.5 0.967043
432.6 0.967057
432.7 0.967071
432.8 0.967085
432.9 0.967099
433.0 0.967113
433.1 0.967127
433.2 0.967141
433.3 0.967155
433.4 0.967169
433.5 0.967183
433.6 0.967197
433.7 0.96721
433.8 0.967224
433.9 0.967238
434.0 0.967252
434.1 0.967266
434.2 0.96728
434.3 0.967294
434.4 0.967308
434.5 0.967321
434.6 0.967335
434.7 0.967349
434.8 0.967363
434.9 0.967377
435.0 0.967391
435.1 0.967404
435.2 0.967418
435.3 0.967432
435.4 0.967446
435.5 0.967459
435.6 0.967473
435.7 0.967487
435.8 0.9675
435.9 0.967514
436.0 0.967528
436.1 0.967542
436.2 0.967555
436.3 0.967569
436.4 0.967583
436.5 0.967597
436.6 0.96761
436.7 0.967624
436.8 0.967638
436.9 0.967651
437.0 0.967665
437.1 0.967679
437.2 0.967693
437.3 0.967706
437.4 0.96772
437.5 0.967734
437.6 0.967748
437.7 0.967761
437.8 0.967775
437.9 0.967789
438.0 0.967803
438.1 0.967816
438.2 0.96783
438.3 0.967843
438.4 0.967857
438.5 0.967871
438.6 0.967884
438.7 0.967898
438.8 0.967912
438.9 0.967925
439.0 0.967939
439.1 0.967952
439.2 0.967966
439.3 0.967979
439.4 0.967993
439.5 0.968006
439.6 0.96802
439.7 0.968033
439.8 0.968047
439.9 0.968061
440.0 0.968074
440.1 0.968088
440.2 0.968101
440.3 0.968115
440.4 0.968128
440.5 0.968142
440.6 0.968155
440.7 0.968169
440.8 0.968182
440.9 0.968196
441.0 0.968209
441.1 0.968223
441.2 0.968236
441.3 0.96825
441.4 0.968263
441.5 0.968276
441.6 0.96829
441.7 0.968303
441.8 0.968317
441.9 0.96833
442.0 0.968343
442.1 0.968357
442.2 0.96837
442.3 0.968384
442.4 0.968397
442.5 0.968411
442.6 0.968424
442.7 0.968437
442.8 0.968451
442.9 0.968464
443.0 0.968478
443.1 0.968491
443.2 0.968504
443.3 0.968518
443.4 0.968531
443.5 0.968544
443.6 0.968558
443.7 0.968571
443.8 0.968584
443.9 0.968598
444.0 0.968611
444.1 0.968624
444.2 0.968638
444.3 0.968651
444.4 0.968664
444.5 0.968677
444.6 0.968691
444.7 0.968704
444.8 0.968717
444.9 0.968731
445.0 0.968744
445.1 0.968757
445.2 0.968771
445.3 0.968784
445.4 0.968797
445.5 0.96881
445.6 0.968823
445.7 0.968837
445.8 0.96885
445.9 0.968863
446.0 0.968876
446.1 0.968889
446.2 0.968902
446.3 0.968916
446.4 0.968929
446.5 0.968942
446.6 0.968955
446.7 0.968968
446.8 0.968981
446.9 0.968994
447.0 0.969007
447.1 0.96902
447.2 0.969034
447.3 0.969047
447.4 0.96906
447.5 0.969073
447.6 0.969086
447.7 0.969099
447.8 0.969112
447.9 0.969125
448.0 0.969138
448.1 0.969152
448.2 0.969165
448.3 0.969178
448.4 0.969191
448.5 0.969204
448.6 0.969217
448.7 0.96923
448.8 0.969243
448.9 0.969256
449.0 0.96927
449.1 0.969283
449.2 0.969296
449.3 0.969309
449.4 0.969322
449.5 0.969335
449.6 0.969348
449.7 0.969361
449.8 0.969374
449.9 0.969387
450.0 0.9694
450.1 0.969413
450.2 0.969425
450.3 0.969438
450.4 0.969451
450.5 0.969464
450.6 0.969477
450.7 0.96949
450.8 0.969503
450.9 0.969516
451.0 0.969529
451.1 0.969542
451.2 0.969555
451.3 0.969567
451.4 0.96958
451.5 0.969593
451.6 0.969606
451.7 0.969619
451.8 0.969632
451.9 0.969645
452.0 0.969658
452.1 0.969671
452.2 0.969684
452.3 0.969696
452.4 0.969709
452.5 0.969722
452.6 0.969735
452.7 0.969748
452.8 0.969761
452.9 0.969774
453.0 0.969787
453.1 0.9698
453.2 0.969812
453.3 0.969825
453.4 0.969838
453.5 0.96985
453.6 0.969863
453.7 0.969876
453.8 0.969888
453.9 0.969901
454.0 0.969914
454.1 0.969927
454.2 0.969939
454.3 0.969952
454.4 0.969965
454.5 0.969978
454.6 0.969991
454.7 0.970003
454.8 0.970016
454.9 0.970029
455.0 0.970042
455.1 0.970055
455.2 0.970067
455.3 0.97008
455.4 0.970093
455.5 0.970105
455.6 0.970118
455.7 0.970131
455.8 0.970143
455.9 0.970156
456.0 0.970169
456.1 0.970181
456.2 0.970194
456.3 0.970207
456.4 0.970219
456.5 0.970232
456.6 0.970244
456.7 0.970257
456.8 0.97027
456.9 0.970282
457.0 0.970295
457.1 0.970307
457.2 0.97032
457.3 0.970333
457.4 0.970345
457.5 0.970358
457.6 0.97037
457.7 0.970383
457.8 0.970395
457.9 0.970408
458.0 0.970421
458.1 0.970433
458.2 0.970446
458.3 0.970458
458.4 0.970471
458.5 0.970483
458.6 0.970496
458.7 0.970508
458.8 0.970521
458.9 0.970533
459.0 0.970546
459.1 0.970558
459.2 0.970571
459.3 0.970583
459.4 0.970596
459.5 0.970608
459.6 0.970621
459.7 0.970633
459.8 0.970646
459.9 0.970658
460.0 0.970671
460.1 0.970683
460.2 0.970695
460.3 0.970708
460.4 0.97072
460.5 0.970732
460.6 0.970745
460.7 0.970757
460.8 0.97077
460.9 0.970782
461.0 0.970794
461.1 0.970807
461.2 0.970819
461.3 0.970832
461.4 0.970844
461.5 0.970856
461.6 0.970869
461.7 0.970881
461.8 0.970893
461.9 0.970906
462.0 0.970918
462.1 0.970931
462.2 0.970943
462.3 0.970955
462.4 0.970967
462.5 0.97098
462.6 0.970992
462.7 0.971004
462.8 0.971017
462.9 0.971029
463.0 0.971041
463.1 0.971053
463.2 0.971066
463.3 0.971078
463.4 0.97109
463.5 0.971103
463.6 0.971115
463.7 0.971127
463.8 0.971139
463.9 0.971152
464.0 0.971164
464.1 0.971176
464.2 0.971189
464.3 0.971201
464.4 0.971213
464.5 0.971225
464.6 0.971238
464.7 0.97125
464.8 0.971262
464.9 0.971275
465.0 0.971287
465.1 0.971299
465.2 0.971311
465.3 0.971323
465.4 0.971335
465.5 0.971347
465.6 0.971359
465.7 0.971371
465.8 0.971383
465.9 0.971395
466.0 0.971408
466.1 0.97142
466.2 0.971432
466.3 0.971444
466.4 0.971456
466.5 0.971468
466.6 0.971481
466.7 0.971493
466.8 0.971505
466.9 0.971517
467.0 0.971529
467.1 0.971541
467.2 0.971554
467.3 0.971566
467.4 0.971578
467.5 0.97159
467.6 0.971602
467.7 0.971614
467.8 0.971626
467.9 0.971638
468.0 0.97165
468.1 0.971662
468.2 0.971674
468.3 0.971686
468.4 0.971698
468.5 0.97171
468.6 0.971722
468.7 0.971734
468.8 0.971746
468.9 0.971758
469.0 0.97177
469.1 0.971782
469.2 0.971794
469.3 0.971806
469.4 0.971818
469.5 0.97183
469.6 0.971842
469.7 0.971854
469.8 0.971866
469.9 0.971878
470.0 0.97189
470.1 0.971901
470.2 0.971913
470.3 0.971925
470.4 0.971937
470.5 0.971949
470.6 0.971961
470.7 0.971973
470.8 0.971985
470.9 0.971996
471.0 0.972008
471.1 0.97202
471.2 0.972032
471.3 0.972044
471.4 0.972056
471.5 0.972068
471.6 0.972079
471.7 0.972091
471.8 0.972103
471.9 0.972115
472.0 0.972127
472.1 0.972139
472.2 0.972151
472.3 0.972163
472.4 0.972174
472.5 0.972186
472.6 0.972198
472.7 0.97221
472.8 0.972222
472.9 0.972234
473.0 0.972246
473.1 0.972257
473.2 0.972269
473.3 0.972281
473.4 0.972293
473.5 0.972304
473.6 0.972316
473.7 0.972328
473.8 0.97234
473.9 0.972352
474.0 0.972363
474.1 0.972375
474.2 0.972387
474.3 0.972398
474.4 0.97241
474.5 0.972422
474.6 0.972433
474.7 0.972445
474.8 0.972457
474.9 0.972468
475.0 0.97248
475.1 0.972492
475.2 0.972503
475.3 0.972515
475.4 0.972527
475.5 0.972538
475.6 0.97255
475.7 0.972561
475.8 0.972573
475.9 0.972585
476.0 0.972596
476.1 0.972608
476.2 0.97262
476.3 0.972631
476.4 0.972643
476.5 0.972655
476.6 0.972666
476.7 0.972678
476.8 0.97269
476.9 0.972701
477.0 0.972713
477.1 0.972725
477.2 0.972736
477.3 0.972748
477.4 0.972759
477.5 0.972771
477.6 0.972782
477.7 0.972794
477.8 0.972806
477.9 0.972817
478.0 0.972829
478.1 0.97284
478.2 0.972852
478.3 0.972863
478.4 0.972875
478.5 0.972886
478.6 0.972898
478.7 0.97291
478.8 0.972921
478.9 0.972933
479.0 0.972944
479.1 0.972956
479.2 0.972967
479.3 0.972979
479.4 0.97299
479.5 0.973002
479.6 0.973013
479.7 0.973024
479.8 0.973036
479.9 0.973047
480.0 0.973059
480.1 0.97307
480.2 0.973082
480.3 0.973093
480.4 0.973105
480.5 0.973116
480.6 0.973127
480.7 0.973139
480.8 0.97315
480.9 0.973162
481.0 0.973173
481.1 0.973185
481.2 0.973196
481.3 0.973207
481.4 0.973219
481.5 0.97323
481.6 0.973241
481.7 0.973253
481.8 0.973264
481.9 0.973275
482.0 0.973287
482.1 0.973298
482.2 0.973309
482.3 0.973321
482.4 0.973332
482.5 0.973344
482.6 0.973355
482.7 0.973366
482.8 0.973378
482.9 0.973389
483.0 0.9734
483.1 0.973412
483.2 0.973423
483.3 0.973434
483.4 0.973445
483.5 0.973456
483.6 0.973468
483.7 0.973479
483.8 0.97349
483.9 0.973501
484.0 0.973513
484.1 0.973524
484.2 0.973535
484.3 0.973546
484.4 0.973558
484.5 0.973569
484.6 0.97358
484.7 0.973591
484.8 0.973603
484.9 0.973614
485.0 0.973625
485.1 0.973636
485.2 0.973647
485.3 0.973659
485.4 0.97367
485.5 0.973681
485.6 0.973692
485.7 0.973703
485.8 0.973714
485.9 0.973725
486.0 0.973737
486.1 0.973748
486.2 0.973759
486.3 0.97377
486.4 0.973781
486.5 0.973792
486.6 0.973803
486.7 0.973815
486.8 0.973826
486.9 0.973837
487.0 0.973848
487.1 0.973859
487.2 0.97387
487.3 0.973881
487.4 0.973893
487.5 0.973904
487.6 0.973915
487.7 0.973926
487.8 0.973937
487.9 0.973948
488.0 0.973959
488.1 0.97397
488.2 0.973981
488.3 0.973992
488.4 0.974004
488.5 0.974015
488.6 0.974026
488.7 0.974037
488.8 0.974048
488.9 0.974059
489.0 0.97407
489.1 0.974081
489.2 0.974092
489.3 0.974103
489.4 0.974114
489.5 0.974125
489.6 0.974136
489.7 0.974147
489.8 0.974158
489.9 0.974169
490.0 0.97418
490.1 0.974191
490.2 0.974202
490.3 0.974213
490.4 0.974224
490.5 0.974235
490.6 0.974246
490.7 0.974257
490.8 0.974268
490.9 0.974278
491.0 0.974289
491.1 0.9743
491.2 0.974311
491.3 0.974322
491.4 0.974333
491.5 0.974344
491.6 0.974355
491.7 0.974366
491.8 0.974377
491.9 0.974388
492.0 0.974399
492.1 0.97441
492.2 0.97442
492.3 0.974431
492.4 0.974442
492.5 0.974453
492.6 0.974464
492.7 0.974474
492.8 0.974485
492.9 0.974496
493.0 0.974507
493.1 0.974518
493.2 0.974529
493.3 0.974539
493.4 0.97455
493.5 0.974561
493.6 0.974572
493.7 0.974583
493.8 0.974594
493.9 0.974604
494.0 0.974615
494.1 0.974626
494.2 0.974637
494.3 0.974647
494.4 0.974658
494.5 0.974669
494.6 0.97468
494.7 0.97469
494.8 0.974701
494.9 0.974712
495.0 0.974722
495.1 0.974733
495.2 0.974744
495.3 0.974755
495.4 0.974765
495.5 0.974776
495.6 0.974787
495.7 0.974798
495.8 0.974808
495.9 0.974819
496.0 0.97483
496.1 0.97484
496.2 0.974851
496.3 0.974862
496.4 0.974873
496.5 0.974883
496.6 0.974894
496.7 0.974905
496.8 0.974915
496.9 0.974926
497.0 0.974937
497.1 0.974948
497.2 0.974958
497.3 0.974969
497.4 0.974979
497.5 0.97499
497.6 0.975001
497.7 0.975011
497.8 0.975022
497.9 0.975032
498.0 0.975043
498.1 0.975054
498.2 0.975064
498.3 0.975075
498.4 0.975086
498.5 0.975096
498.6 0.975107
498.7 0.975117
498.8 0.975128
498.9 0.975139
499.0 0.975149
499.1 0.97516
499.2 0.97517
499.3 0.975181
499.4 0.975191
499.5 0.975202
499.6 0.975212
499.7 0.975223
499.8 0.975233
499.9 0.975244
500.0 0.975254
500.1 0.975265
500.2 0.975275
500.3 0.975286
500.4 0.975296
500.5 0.975307
500.6 0.975318
500.7 0.975328
500.8 0.975339
500.9 0.975349
501.0 0.97536
501.1 0.97537
501.2 0.975381
501.3 0.975391
501.4 0.975402
501.5 0.975412
501.6 0.975423
501.7 0.975433
501.8 0.975444
501.9 0.975454
502.0 0.975465
502.1 0.975475
502.2 0.975486
502.3 0.975496
502.4 0.975506
502.5 0.975517
502.6 0.975527
502.7 0.975538
502.8 0.975548
502.9 0.975558
503.0 0.975569
503.1 0.975579
503.2 0.975589
503.3 0.9756
503.4 0.97561
503.5 0.97562
503.6 0.975631
503.7 0.975641
503.8 0.975651
503.9 0.975662
504.0 0.975672
504.1 0.975682
504.2 0.975693
504.3 0.975703
504.4 0.975713
504.5 0.975724
504.6 0.975734
504.7 0.975745
504.8 0.975755
504.9 0.975766
505.0 0.975776
505.1 0.975786
505.2 0.975796
505.3 0.975807
505.4 0.975817
505.5 0.975827
505.6 0.975837
505.7 0.975847
505.8 0.975858
505.9 0.975868
506.0 0.975878
506.1 0.975888
506.2 0.975899
506.3 0.975909
506.4 0.975919
506.5 0.975929
506.6 0.97594
506.7 0.97595
506.8 0.97596
506.9 0.975971
507.0 0.975981
507.1 0.975991
507.2 0.976001
507.3 0.976012
507.4 0.976022
507.5 0.976032
507.6 0.976042
507.7 0.976052
507.8 0.976063
507.9 0.976073
508.0 0.976083
508.1 0.976093
508.2 0.976103
508.3 0.976113
508.4 0.976123
508.5 0.976133
508.6 0.976144
508.7 0.976154
508.8 0.976164
508.9 0.976174
509.0 0.976184
509.1 0.976194
509.2 0.976204
509.3 0.976214
509.4 0.976225
509.5 0.976235
509.6 0.976245
509.7 0.976255
509.8 0.976266
509.9 0.976276
510.0 0.976286
510.1 0.976296
510.2 0.976306
510.3 0.976316
510.4 0.976326
510.5 0.976336
510.6 0.976346
510.7 0.976356
510.8 0.976366
510.9 0.976376
511.0 0.976386
511.1 0.976396
511.2 0.976406
511.3 0.976416
511.4 0.976426
511.5 0.976436
511.6 0.976446
511.7 0.976456
511.8 0.976467
511.9 0.976477
512.0 0.976487
512.1 0.976497
512.2 0.976507
512.3 0.976517
512.4 0.976527
512.5 0.976537
512.6 0.976547
512.7 0.976557
512.8 0.976567
512.9 0.976577
513.0 0.976587
513.1 0.976597
513.2 0.976606
513.3 0.976616
513.4 0.976626
513.5 0.976636
513.6 0.976646
513.7 0.976656
513.8 0.976666
513.9 0.976676
514.0 0.976685
514.1 0.976695
514.2 0.976705
514.3 0.976715
514.4 0.976725
514.5 0.976735
514.6 0.976745
514.7 0.976755
514.8 0.976765
514.9 0.976775
515.0 0.976785
515.1 0.976795
515.2 0.976805
515.3 0.976815
515.4 0.976825
515.5 0.976834
515.6 0.976844
515.7 0.976854
515.8 0.976864
515.9 0.976873
516.0 0.976883
516.1 0.976893
516.2 0.976903
516.3 0.976913
516.4 0.976923
516.5 0.976933
516.6 0.976943
516.7 0.976952
516.8 0.976962
516.9 0.976972
517.0 0.976982
517.1 0.976992
517.2 0.977002
517.3 0.977011
517.4 0.977021
517.5 0.977031
517.6 0.977041
517.7 0.977051
517.8 0.97706
517.9 0.97707
518.0 0.97708
518.1 0.97709
518.2 0.977099
518.3 0.977109
518.4 0.977119
518.5 0.977128
518.6 0.977138
518.7 0.977148
518.8 0.977157
518.9 0.977167
519.0 0.977177
519.1 0.977186
519.2 0.977196
519.3 0.977206
519.4 0.977216
519.5 0.977225
519.6 0.977235
519.7 0.977245
519.8 0.977255
519.9 0.977265
520.0 0.977274
520.1 0.977284
520.2 0.977294
520.3 0.977303
520.4 0.977313
520.5 0.977322
520.6 0.977332
520.7 0.977341
520.8 0.977351
520.9 0.977361
521.0 0.97737
521.1 0.97738
521.2 0.977389
521.3 0.977399
521.4 0.977409
521.5 0.977418
521.6 0.977428
521.7 0.977438
521.8 0.977447
521.9 0.977457
522.0 0.977467
522.1 0.977476
522.2 0.977486
522.3 0.977496
522.4 0.977505
522.5 0.977515
522.6 0.977524
522.7 0.977534
522.8 0.977543
522.9 0.977553
523.0 0.977563
523.1 0.977572
523.2 0.977582
523.3 0.977591
523.4 0.977601
523.5 0.97761
523.6 0.97762
523.7 0.97763
523.8 0.977639
523.9 0.977649
524.0 0.977658
524.1 0.977668
524.2 0.977677
524.3 0.977687
524.4 0.977696
524.5 0.977706
524.6 0.977715
524.7 0.977725
524.8 0.977734
524.9 0.977743
525.0 0.977753
525.1 0.977762
525.2 0.977772
525.3 0.977781
525.4 0.977791
525.5 0.9778
525.6 0.97781
525.7 0.977819
525.8 0.977829
525.9 0.977838
526.0 0.977848
526.1 0.977857
526.2 0.977866
526.3 0.977876
526.4 0.977885
526.5 0.977894
526.6 0.977904
526.7 0.977913
526.8 0.977922
526.9 0.977932
527.0 0.977941
527.1 0.97795
527.2 0.97796
527.3 0.977969
527.4 0.977979
527.5 0.977988
527.6 0.977997
527.7 0.978007
527.8 0.978016
527.9 0.978025
528.0 0.978035
528.1 0.978044
528.2 0.978053
528.3 0.978063
528.4 0.978072
528.5 0.978082
528.6 0.978091
528.7 0.9781
528.8 0.97811
528.9 0.978119
529.0 0.978128
529.1 0.978138
529.2 0.978147
529.3 0.978156
529.4 0.978166
529.5 0.978175
529.6 0.978184
529.7 0.978194
529.8 0.978203
529.9 0.978213
530.0 0.978222
530.1 0.978231
530.2 0.97824
530.3 0.97825
530.4 0.978259
530.5 0.978268
530.6 0.978277
530.7 0.978287
530.8 0.978296
530.9 0.978305
531.0 0.978314
531.1 0.978324
531.2 0.978333
531.3 0.978342
531.4 0.978351
531.5 0.97836
531.6 0.978369
531.7 0.978379
531.8 0.978388
531.9 0.978397
532.0 0.978406
532.1 0.978415
532.2 0.978424
532.3 0.978434
532.4 0.978443
532.5 0.978452
532.6 0.978461
532.7 0.978471
532.8 0.97848
532.9 0.978489
533.0 0.978499
533.1 0.978508
533.2 0.978517
533.3 0.978526
533.4 0.978535
533.5 0.978544
533.6 0.978553
533.7 0.978563
533.8 0.978572
533.9 0.978581
534.0 0.97859
534.1 0.978599
534.2 0.978608
534.3 0.978617
534.4 0.978626
534.5 0.978635
534.6 0.978644
534.7 0.978653
534.8 0.978662
534.9 0.978671
535.0 0.97868
535.1 0.978689
535.2 0.978699
535.3 0.978708
535.4 0.978717
535.5 0.978726
535.6 0.978735
535.7 0.978744
535.8 0.978753
535.9 0.978762
536.0 0.978771
536.1 0.97878
536.2 0.978789
536.3 0.978798
536.4 0.978807
536.5 0.978816
536.6 0.978825
536.7 0.978834
536.8 0.978843
536.9 0.978852
537.0 0.978861
537.1 0.97887
537.2 0.978879
537.3 0.978888
537.4 0.978898
537.5 0.978907
537.6 0.978916
537.7 0.978925
537.8 0.978934
537.9 0.978943
538.0 0.978952
538.1 0.978961
538.2 0.97897
538.3 0.978979
538.4 0.978988
538.5 0.978996
538.6 0.979005
538.7 0.979014
538.8 0.979023
538.9 0.979032
539.0 0.979041
539.1 0.97905
539.2 0.979059
539.3 0.979068
539.4 0.979077
539.5 0.979086
539.6 0.979095
539.7 0.979104
539.8 0.979113
539.9 0.979122
540.0 0.979131
540.1 0.979139
540.2 0.979148
540.3 0.979157
540.4 0.979166
540.5 0.979175
540.6 0.979184
540.7 0.979192
540.8 0.979201
540.9 0.97921
541.0 0.979219
541.1 0.979228
541.2 0.979237
541.3 0.979245
541.4 0.979254
541.5 0.979263
541.6 0.979272
541.7 0.979281
541.8 0.97929
541.9 0.979298
542.0 0.979307
542.1 0.979316
542.2 0.979325
542.3 0.979334
542.4 0.979343
542.5 0.979351
542.6 0.97936
542.7 0.979369
542.8 0.979378
542.9 0.979387
543.0 0.979396
543.1 0.979404
543.2 0.979413
543.3 0.979422
543.4 0.97943
543.5 0.979439
543.6 0.979448
543.7 0.979457
543.8 0.979465
543.9 0.979474
544.0 0.979483
544.1 0.979492
544.2 0.9795
544.3 0.979509
544.4 0.979518
544.5 0.979526
544.6 0.979535
544.7 0.979544
544.8 0.979553
544.9 0.979561
545.0 0.97957
545.1 0.979579
545.2 0.979588
545.3 0.979596
545.4 0.979605
545.5 0.979614
545.6 0.979622
545.7 0.979631
545.8 0.97964
545.9 0.979649
546.0 0.979657
546.1 0.979666
546.2 0.979675
546.3 0.979683
546.4 0.979692
546.5 0.9797
546.6 0.979709
546.7 0.979718
546.8 0.979726
546.9 0.979735
547.0 0.979744
547.1 0.979752
547.2 0.979761
547.3 0.979769
547.4 0.979778
547.5 0.979787
547.6 0.979795
547.7 0.979804
547.8 0.979813
547.9 0.979821
548.0 0.97983
548.1 0.979838
548.2 0.979847
548.3 0.979856
548.4 0.979864
548.5 0.979873
548.6 0.979882
548.7 0.97989
548.8 0.979899
548.9 0.979907
549.0 0.979916
549.1 0.979925
549.2 0.979933
549.3 0.979942
549.4 0.97995
549.5 0.979959
549.6 0.979967
549.7 0.979976
549.8 0.979984
549.9 0.979993
550.0 0.980001
550.1 0.98001
550.2 0.980018
550.3 0.980027
550.4 0.980035
550.5 0.980044
550.6 0.980052
550.7 0.980061
550.8 0.980069
550.9 0.980078
551.0 0.980086
551.1 0.980095
551.2 0.980103
551.3 0.980112
551.4 0.98012
551.5 0.980129
551.6 0.980137
551.7 0.980146
551.8 0.980154
551.9 0.980163
552.0 0.980172
552.1 0.98018
552.2 0.980188
552.3 0.980197
552.4 0.980205
552.5 0.980214
552.6 0.980222
552.7 0.98023
552.8 0.980239
552.9 0.980247
553.0 0.980256
553.1 0.980264
553.2 0.980272
553.3 0.980281
553.4 0.980289
553.5 0.980298
553.6 0.980306
553.7 0.980315
553.8 0.980323
553.9 0.980331
554.0 0.98034
554.1 0.980348
554.2 0.980356
554.3 0.980365
554.4 0.980373
554.5 0.980381
554.6 0.98039
554.7 0.980398
554.8 0.980406
554.9 0.980414
555.0 0.980423
555.1 0.980431
555.2 0.98044
555.3 0.980448
555.4 0.980456
555.5 0.980465
555.6 0.980473
555.7 0.980482
555.8 0.98049
555.9 0.980498
556.0 0.980507
556.1 0.980515
556.2 0.980523
556.3 0.980531
556.4 0.98054
556.5 0.980548
556.6 0.980556
556.7 0.980564
556.8 0.980572
556.9 0.980581
557.0 0.980589
557.1 0.980597
557.2 0.980605
557.3 0.980614
557.4 0.980622
557.5 0.98063
557.6 0.980639
557.7 0.980647
557.8 0.980655
557.9 0.980664
558.0 0.980672
558.1 0.98068
558.2 0.980688
558.3 0.980697
558.4 0.980705
558.5 0.980713
558.6 0.980721
558.7 0.980729
558.8 0.980738
558.9 0.980746
559.0 0.980754
559.1 0.980762
559.2 0.98077
559.3 0.980779
559.4 0.980787
559.5 0.980795
559.6 0.980803
559.7 0.980811
559.8 0.98082
559.9 0.980828
560.0 0.980836
560.1 0.980844
560.2 0.980852
560.3 0.980861
560.4 0.980869
560.5 0.980877
560.6 0.980885
560.7 0.980893
560.8 0.980902
560.9 0.98091
561.0 0.980918
561.1 0.980926
561.2 0.980934
561.3 0.980942
561.4 0.98095
561.5 0.980958
561.6 0.980966
561.7 0.980975
561.8 0.980983
561.9 0.980991
562.0 0.980999
562.1 0.981007
562.2 0.981015
562.3 0.981023
562.4 0.981031
562.5 0.981039
562.6 0.981047
562.7 0.981055
562.8 0.981064
562.9 0.981072
563.0 0.98108
563.1 0.981088
563.2 0.981096
563.3 0.981104
563.4 0.981112
563.5 0.98112
563.6 0.981128
563.7 0.981136
563.8 0.981145
563.9 0.981153
564.0 0.981161
564.1 0.981169
564.2 0.981177
564.3 0.981185
564.4 0.981193
564.5 0.981201
564.6 0.981209
564.7 0.981217
564.8 0.981225
564.9 0.981233
565.0 0.981241
565.1 0.981249
565.2 0.981257
565.3 0.981265
565.4 0.981273
565.5 0.981281
565.6 0.981289
565.7 0.981297
565.8 0.981304
565.9 0.981312
566.0 0.98132
566.1 0.981328
566.2 0.981336
566.3 0.981344
566.4 0.981352
566.5 0.98136
566.6 0.981368
566.7 0.981376
566.8 0.981384
566.9 0.981392
567.0 0.9814
567.1 0.981408
567.2 0.981416
567.3 0.981424
567.4 0.981432
567.5 0.98144
567.6 0.981448
567.7 0.981456
567.8 0.981463
567.9 0.981471
568.0 0.981479
568.1 0.981487
568.2 0.981495
568.3 0.981503
568.4 0.981511
568.5 0.981519
568.6 0.981526
568.7 0.981534
568.8 0.981542
568.9 0.98155
569.0 0.981558
569.1 0.981566
569.2 0.981574
569.3 0.981582
569.4 0.98159
569.5 0.981597
569.6 0.981605
569.7 0.981613
569.8 0.981621
569.9 0.981629
570.0 0.981637
570.1 0.981645
570.2 0.981652
570.3 0.98166
570.4 0.981668
570.5 0.981676
570.6 0.981683
570.7 0.981691
570.8 0.981699
570.9 0.981707
571.0 0.981715
571.1 0.981722
571.2 0.98173
571.3 0.981738
571.4 0.981746
571.5 0.981753
571.6 0.981761
571.7 0.981769
571.8 0.981777
571.9 0.981785
572.0 0.981792
572.1 0.9818
572.2 0.981808
572.3 0.981816
572.4 0.981823
572.5 0.981831
572.6 0.981839
572.7 0.981847
572.8 0.981855
572.9 0.981862
573.0 0.98187
573.1 0.981878
573.2 0.981886
573.3 0.981893
573.4 0.981901
573.5 0.981909
573.6 0.981917
573.7 0.981924
573.8 0.981932
573.9 0.98194
574.0 0.981948
574.1 0.981955
574.2 0.981963
574.3 0.981971
574.4 0.981979
574.5 0.981986
574.6 0.981994
574.7 0.982002
574.8 0.982009
574.9 0.982017
575.0 0.982025
575.1 0.982032
575.2 0.98204
575.3 0.982048
575.4 0.982055
575.5 0.982063
575.6 0.982071
575.7 0.982078
575.8 0.982086
575.9 0.982094
576.0 0.982101
576.1 0.982109
576.2 0.982116
576.3 0.982124
576.4 0.982131
576.5 0.982139
576.6 0.982147
576.7 0.982154
576.8 0.982162
576.9 0.982169
577.0 0.982177
577.1 0.982185
577.2 0.982192
577.3 0.9822
577.4 0.982208
577.5 0.982215
577.6 0.982223
577.7 0.982231
577.8 0.982238
577.9 0.982246
578.0 0.982254
578.1 0.982261
578.2 0.982269
578.3 0.982276
578.4 0.982284
578.5 0.982291
578.6 0.982299
578.7 0.982307
578.8 0.982314
578.9 0.982322
579.0 0.982329
579.1 0.982337
579.2 0.982344
579.3 0.982352
579.4 0.982359
579.5 0.982366
579.6 0.982374
579.7 0.982381
579.8 0.982389
579.9 0.982396
580.0 0.982404
580.1 0.982411
580.2 0.982419
580.3 0.982426
580.4 0.982434
580.5 0.982442
580.6 0.982449
580.7 0.982457
580.8 0.982464
580.9 0.982472
581.0 0.982479
581.1 0.982487
581.2 0.982494
581.3 0.982502
581.4 0.982509
581.5 0.982517
581.6 0.982524
581.7 0.982532
581.8 0.982539
581.9 0.982547
582.0 0.982554
582.1 0.982561
582.2 0.982569
582.3 0.982576
582.4 0.982584
582.5 0.982591
582.6 0.982599
582.7 0.982606
582.8 0.982614
582.9 0.982621
583.0 0.982629
583.1 0.982636
583.2 0.982643
583.3 0.982651
583.4 0.982658
583.5 0.982665
583.6 0.982673
583.7 0.98268
583.8 0.982687
583.9 0.982695
584.0 0.982702
584.1 0.982709
584.2 0.982717
584.3 0.982724
584.4 0.982731
584.5 0.982739
584.6 0.982746
584.7 0.982754
584.8 0.982761
584.9 0.982768
585.0 0.982776
585.1 0.982783
585.2 0.98279
585.3 0.982798
585.4 0.982805
585.5 0.982812
585.6 0.98282
585.7 0.982827
585.8 0.982834
585.9 0.982842
586.0 0.982849
586.1 0.982856
586.2 0.982864
586.3 0.982871
586.4 0.982878
586.5 0.982886
586.6 0.982893
586.7 0.982901
586.8 0.982908
586.9 0.982915
587.0 0.982923
587.1 0.98293
587.2 0.982937
587.3 0.982944
587.4 0.982952
587.5 0.982959
587.6 0.982966
587.7 0.982973
587.8 0.982981
587.9 0.982988
588.0 0.982995
588.1 0.983002
588.2 0.98301
588.3 0.983017
588.4 0.983024
588.5 0.983031
588.6 0.983039
588.7 0.983046
588.8 0.983053
588.9 0.98306
589.0 0.983067
589.1 0.983075
589.2 0.983082
589.3 0.983089
589.4 0.983096
589.5 0.983104
589.6 0.983111
589.7 0.983118
589.8 0.983125
589.9 0.983133
590.0 0.98314
590.1 0.983147
590.2 0.983154
590.3 0.983161
590.4 0.983169
590.5 0.983176
590.6 0.983183
590.7 0.98319
590.8 0.983197
590.9 0.983204
591.0 0.983211
591.1 0.983218
591.2 0.983226
591.3 0.983233
591.4 0.98324
591.5 0.983247
591.6 0.983254
591.7 0.983261
591.8 0.983268
591.9 0.983276
592.0 0.983283
592.1 0.98329
592.2 0.983297
592.3 0.983304
592.4 0.983311
592.5 0.983318
592.6 0.983326
592.7 0.983333
592.8 0.98334
592.9 0.983347
593.0 0.983354
593.1 0.983361
593.2 0.983368
593.3 0.983376
593.4 0.983383
593.5 0.98339
593.6 0.983397
593.7 0.983404
593.8 0.983411
593.9 0.983418
594.0 0.983425
594.1 0.983433
594.2 0.98344
594.3 0.983447
594.4 0.983454
594.5 0.983461
594.6 0.983468
594.7 0.983475
594.8 0.983482
594.9 0.983489
595.0 0.983496
595.1 0.983503
595.2 0.98351
595.3 0.983517
595.4 0.983524
595.5 0.983531
595.6 0.983538
595.7 0.983545
595.8 0.983552
595.9 0.983559
596.0 0.983566
596.1 0.983573
596.2 0.98358
596.3 0.983587
596.4 0.983594
596.5 0.983601
596.6 0.983608
596.7 0.983615
596.8 0.983622
596.9 0.983629
597.0 0.983636
597.1 0.983643
597.2 0.98365
597.3 0.983657
597.4 0.983664
597.5 0.983671
597.6 0.983678
597.7 0.983685
597.8 0.983692
597.9 0.983699
598.0 0.983706
598.1 0.983707
598.2 0.983708
598.3 0.98371
598.4 0.983711
598.5 0.983712
598.6 0.983714
598.7 0.983715
598.8 0.983716
598.9 0.983717
599.0 0.983719
599.1 0.983714
599.2 0.983709
599.3 0.983704
599.4 0.9837
599.5 0.983695
599.6 0.98369
599.7 0.983685
599.8 0.983681
599.9 0.983676
600.0 0.983671
600.1 0.983666
600.2 0.983662
600.3 0.983657
600.4 0.983652
600.5 0.983647
600.6 0.983643
600.7 0.983638
600.8 0.983633
600.9 0.983628
601.0 0.983623
601.1 0.983619
601.2 0.983614
601.3 0.983609
601.4 0.983604
601.5 0.983599
601.6 0.983594
601.7 0.983589
601.8 0.983585
601.9 0.98358
602.0 0.983575
602.1 0.98357
602.2 0.983565
602.3 0.98356
602.4 0.983555
602.5 0.98355
602.6 0.983546
602.7 0.983541
602.8 0.983536
602.9 0.983531
603.0 0.983526
603.1 0.983521
603.2 0.983517
603.3 0.983512
603.4 0.983507
603.5 0.983502
603.6 0.983498
603.7 0.983493
603.8 0.983488
603.9 0.983483
604.0 0.983479
604.1 0.983474
604.2 0.983469
604.3 0.983464
604.4 0.983459
604.5 0.983454
604.6 0.983449
604.7 0.983444
604.8 0.98344
604.9 0.983435
605.0 0.98343
605.1 0.983425
605.2 0.98342
605.3 0.983415
605.4 0.98341
605.5 0.983405
605.6 0.983401
605.7 0.983396
605.8 0.983391
605.9 0.983386
606.0 0.983381
606.1 0.983376
606.2 0.983371
606.3 0.983367
606.4 0.983362
606.5 0.983357
606.6 0.983352
606.7 0.983347
606.8 0.983342
606.9 0.983337
607.0 0.983332
607.1 0.983327
607.2 0.983323
607.3 0.983318
607.4 0.983313
607.5 0.983308
607.6 0.983303
607.7 0.983298
607.8 0.983293
607.9 0.983288
608.0 0.983283
608.1 0.983278
608.2 0.983273
608.3 0.983268
608.4 0.983263
608.5 0.983258
608.6 0.983254
608.7 0.983249
608.8 0.983244
608.9 0.983239
609.0 0.983234
609.1 0.983229
609.2 0.983224
609.3 0.983219
609.4 0.983214
609.5 0.983209
609.6 0.983204
609.7 0.983199
609.8 0.983194
609.9 0.983189
610.0 0.983184
610.1 0.983179
610.2 0.983175
610.3 0.98317
610.4 0.983165
610.5 0.98316
610.6 0.983155
610.7 0.98315
610.8 0.983145
610.9 0.98314
611.0 0.983136
611.1 0.983131
611.2 0.983126
611.3 0.983121
611.4 0.983116
611.5 0.983111
611.6 0.983106
611.7 0.983101
611.8 0.983096
611.9 0.983091
612.0 0.983086
612.1 0.983081
612.2 0.983076
612.3 0.983071
612.4 0.983066
612.5 0.983061
612.6 0.983056
612.7 0.983051
612.8 0.983046
612.9 0.983041
613.0 0.983036
613.1 0.983031
613.2 0.983026
613.3 0.983021
613.4 0.983016
613.5 0.983011
613.6 0.983006
613.7 0.983001
613.8 0.982996
613.9 0.982991
614.0 0.982986
614.1 0.982981
614.2 0.982976
614.3 0.982971
614.4 0.982966
614.5 0.982961
614.6 0.982956
614.7 0.982951
614.8 0.982946
614.9 0.982941
615.0 0.982936
615.1 0.982931
615.2 0.982926
615.3 0.982921
615.4 0.982916
615.5 0.982911
615.6 0.982906
615.7 0.982901
615.8 0.982896
615.9 0.982891
616.0 0.982886
616.1 0.982881
616.2 0.982876
616.3 0.982871
616.4 0.982866
616.5 0.982861
616.6 0.982856
616.7 0.982851
616.8 0.982846
616.9 0.982841
617.0 0.982836
617.1 0.982831
617.2 0.982826
617.3 0.982821
617.4 0.982816
617.5 0.982811
617.6 0.982806
617.7 0.982801
617.8 0.982795
617.9 0.98279
618.0 0.982785
618.1 0.98278
618.2 0.982775
618.3 0.98277
618.4 0.982765
618.5 0.98276
618.6 0.982755
618.7 0.98275
618.8 0.982745
618.9 0.98274
619.0 0.982734
619.1 0.982729
619.2 0.982724
619.3 0.982719
619.4 0.982714
619.5 0.982709
619.6 0.982704
619.7 0.982699
619.8 0.982694
619.9 0.982689
620.0 0.982684
620.1 0.982679
620.2 0.982674
620.3 0.982668
620.4 0.982663
620.5 0.982658
620.6 0.982653
620.7 0.982648
620.8 0.982643
620.9 0.982638
621.0 0.982633
621.1 0.982628
621.2 0.982623
621.3 0.982618
621.4 0.982613
621.5 0.982607
621.6 0.982602
621.7 0.982597
621.8 0.982592
621.9 0.982587
622.0 0.982582
622.1 0.982577
622.2 0.982572
622.3 0.982567
622.4 0.982562
622.5 0.982557
622.6 0.982552
622.7 0.982547
622.8 0.982541
622.9 0.982536
623.0 0.982531
623.1 0.982526
623.2 0.982521
623.3 0.982516
623.4 0.982511
623.5 0.982505
623.6 0.9825
623.7 0.982495
623.8 0.98249
623.9 0.982485
624.0 0.982479
624.1 0.982474
624.2 0.982469
624.3 0.982464
624.4 0.982459
624.5 0.982453
624.6 0.982448
624.7 0.982443
624.8 0.982438
624.9 0.982433
625.0 0.982428
625.1 0.982422
625.2 0.982417
625.3 0.982412
625.4 0.982407
625.5 0.982402
625.6 0.982397
625.7 0.982392
625.8 0.982387
625.9 0.982382
626.0 0.982377
626.1 0.982372
626.2 0.982366
626.3 0.982361
626.4 0.982356
626.5 0.982351
626.6 0.982346
626.7 0.98234
626.8 0.982335
626.9 0.98233
627.0 0.982325
627.1 0.98232
627.2 0.982314
627.3 0.982309
627.4 0.982304
627.5 0.982299
627.6 0.982294
627.7 0.982289
627.8 0.982283
627.9 0.982278
628.0 0.982273
628.1 0.982268
628.2 0.982263
628.3 0.982257
628.4 0.982252
628.5 0.982247
628.6 0.982242
628.7 0.982237
628.8 0.982232
628.9 0.982226
629.0 0.982221
629.1 0.982216
629.2 0.982211
629.3 0.982205
629.4 0.9822
629.5 0.982195
629.6 0.982189
629.7 0.982184
629.8 0.982179
629.9 0.982173
630.0 0.982168
630.1 0.982163
630.2 0.982158
630.3 0.982153
630.4 0.982147
630.5 0.982142
630.6 0.982137
630.7 0.982132
630.8 0.982127
630.9 0.982122
631.0 0.982116
631.1 0.982111
631.2 0.982106
631.3 0.9821
631.4 0.982095
631.5 0.98209
631.6 0.982085
631.7 0.982079
631.8 0.982074
631.9 0.982069
632.0 0.982063
632.1 0.982058
632.2 0.982053
632.3 0.982048
632.4 0.982042
632.5 0.982037
632.6 0.982032
632.7 0.982026
632.8 0.982021
632.9 0.982016
633.0 0.98201
633.1 0.982005
633.2 0.982
633.3 0.981995
633.4 0.981989
633.5 0.981984
633.6 0.981979
633.7 0.981973
633.8 0.981968
633.9 0.981963
634.0 0.981958
634.1 0.981952
634.2 0.981947
634.3 0.981942
634.4 0.981936
634.5 0.981931
634.6 0.981926
634.7 0.981921
634.8 0.981915
634.9 0.98191
635.0 0.981905
635.1 0.981899
635.2 0.981894
635.3 0.981889
635.4 0.981883
635.5 0.981878
635.6 0.981873
635.7 0.981868
635.8 0.981862
635.9 0.981857
636.0 0.981852
636.1 0.981846
636.2 0.981841
636.3 0.981836
636.4 0.981831
636.5 0.981825
636.6 0.98182
636.7 0.981815
636.8 0.981809
636.9 0.981804
637.0 0.981799
637.1 0.981793
637.2 0.981788
637.3 0.981783
637.4 0.981777
637.5 0.981772
637.6 0.981766
637.7 0.981761
637.8 0.981756
637.9 0.98175
638.0 0.981745
638.1 0.981739
638.2 0.981734
638.3 0.981729
638.4 0.981724
638.5 0.981718
638.6 0.981713
638.7 0.981708
638.8 0.981702
638.9 0.981697
639.0 0.981692
639.1 0.981686
639.2 0.981681
639.3 0.981676
639.4 0.98167
639.5 0.981665
639.6 0.981659
639.7 0.981654
639.8 0.981649
639.9 0.981643
640.0 0.981638
640.1 0.981632
640.2 0.981627
640.3 0.981622
640.4 0.981616
640.5 0.981611
640.6 0.981605
640.7 0.9816
640.8 0.981595
640.9 0.981589
641.0 0.981584
641.1 0.981578
641.2 0.981573
641.3 0.981568
641.4 0.981562
641.5 0.981557
641.6 0.981551
641.7 0.981546
641.8 0.981541
641.9 0.981535
642.0 0.98153
642.1 0.981525
642.2 0.981519
642.3 0.981514
642.4 0.981508
642.5 0.981503
642.6 0.981498
642.7 0.981492
642.8 0.981487
642.9 0.981481
643.0 0.981476
643.1 0.98147
643.2 0.981465
643.3 0.981459
643.4 0.981454
643.5 0.981448
643.6 0.981443
643.7 0.981437
643.8 0.981432
643.9 0.981426
644.0 0.981421
644.1 0.981415
644.2 0.98141
644.3 0.981405
644.4 0.981399
644.5 0.981394
644.6 0.981388
644.7 0.981383
644.8 0.981378
644.9 0.981372
645.0 0.981367
645.1 0.981361
645.2 0.981356
645.3 0.98135
645.4 0.981345
645.5 0.981339
645.6 0.981334
645.7 0.981328
645.8 0.981323
645.9 0.981317
646.0 0.981312
646.1 0.981306
646.2 0.981301
646.3 0.981295
646.4 0.98129
646.5 0.981284
646.6 0.981279
646.7 0.981273
646.8 0.981268
646.9 0.981262
647.0 0.981257
647.1 0.981251
647.2 0.981246
647.3 0.98124
647.4 0.981235
647.5 0.981229
647.6 0.981224
647.7 0.981218
647.8 0.981213
647.9 0.981207
648.0 0.981202
648.1 0.981196
648.2 0.981191
648.3 0.981185
648.4 0.98118
648.5 0.981174
648.6 0.981169
648.7 0.981163
648.8 0.981158
648.9 0.981152
649.0 0.981147
649.1 0.981141
649.2 0.981136
649.3 0.98113
649.4 0.981125
649.5 0.981119
649.6 0.981114
649.7 0.981108
649.8 0.981103
649.9 0.981097
650.0 0.981092
650.1 0.981086
650.2 0.98108
650.3 0.981075
650.4 0.981069
650.5 0.981064
650.6 0.981058
650.7 0.981052
650.8 0.981047
650.9 0.981041
651.0 0.981036
651.1 0.98103
651.2 0.981025
651.3 0.981019
651.4 0.981014
651.5 0.981008
651.6 0.981003
651.7 0.980997
651.8 0.980992
651.9 0.980986
652.0 0.98098
652.1 0.980975
652.2 0.980969
652.3 0.980964
652.4 0.980958
652.5 0.980952
652.6 0.980947
652.7 0.980941
652.8 0.980936
652.9 0.98093
653.0 0.980924
653.1 0.980919
653.2 0.980913
653.3 0.980908
653.4 0.980902
653.5 0.980896
653.6 0.980891
653.7 0.980885
653.8 0.98088
653.9 0.980874
654.0 0.980868
654.1 0.980863
654.2 0.980857
654.3 0.980851
654.4 0.980846
654.5 0.98084
654.6 0.980835
654.7 0.980829
654.8 0.980823
654.9 0.980818
655.0 0.980812
655.1 0.980807
655.2 0.980801
655.3 0.980795
655.4 0.98079
655.5 0.980784
655.6 0.980779
655.7 0.980773
655.8 0.980767
655.9 0.980762
656.0 0.980756
656.1 0.98075
656.2 0.980745
656.3 0.980739
656.4 0.980733
656.5 0.980727
656.6 0.980722
656.7 0.980716
656.8 0.98071
656.9 0.980705
657.0 0.980699
657.1 0.980693
657.2 0.980688
657.3 0.980682
657.4 0.980676
657.5 0.980671
657.6 0.980665
657.7 0.98066
657.8 0.980654
657.9 0.980648
658.0 0.980643
658.1 0.980637
658.2 0.980631
658.3 0.980626
658.4 0.98062
658.5 0.980614
658.6 0.980609
658.7 0.980603
658.8 0.980597
658.9 0.980591
659.0 0.980586
659.1 0.98058
659.2 0.980574
659.3 0.980568
659.4 0.980563
659.5 0.980557
659.6 0.980551
659.7 0.980546
659.8 0.98054
659.9 0.980534
660.0 0.980528
660.1 0.980523
660.2 0.980517
660.3 0.980511
660.4 0.980506
660.5 0.9805
660.6 0.980494
660.7 0.980488
660.8 0.980483
660.9 0.980477
661.0 0.980471
661.1 0.980466
661.2 0.98046
661.3 0.980454
661.4 0.980448
661.5 0.980443
661.6 0.980437
661.7 0.980431
661.8 0.980426
661.9 0.98042
662.0 0.980414
662.1 0.980408
662.2 0.980403
662.3 0.980397
662.4 0.980391
662.5 0.980386
662.6 0.98038
662.7 0.980374
662.8 0.980368
662.9 0.980363
663.0 0.980357
663.1 0.980351
663.2 0.980345
663.3 0.98034
663.4 0.980334
663.5 0.980328
663.6 0.980322
663.7 0.980316
663.8 0.98031
663.9 0.980305
664.0 0.980299
664.1 0.980293
664.2 0.980287
664.3 0.980282
664.4 0.980276
664.5 0.98027
664.6 0.980264
664.7 0.980259
664.8 0.980253
664.9 0.980247
665.0 0.980242
665.1 0.980236
665.2 0.98023
665.3 0.980224
665.4 0.980218
665.5 0.980212
665.6 0.980207
665.7 0.980201
665.8 0.980195
665.9 0.980189
666.0 0.980183
666.1 0.980178
666.2 0.980172
666.3 0.980166
666.4 0.98016
666.5 0.980154
666.6 0.980148
666.7 0.980143
666.8 0.980137
666.9 0.980131
667.0 0.980125
667.1 0.980119
667.2 0.980114
667.3 0.980108
667.4 0.980102
667.5 0.980096
667.6 0.98009
667.7 0.980084
667.8 0.980079
667.9 0.980073
668.0 0.980067
668.1 0.980061
668.2 0.980055
668.3 0.980049
668.4 0.980044
668.5 0.980038
668.6 0.980032
668.7 0.980026
668.8 0.98002
668.9 0.980015
669.0 0.980009
669.1 0.980003
669.2 0.979997
669.3 0.979991
669.4 0.979985
669.5 0.979979
669.6 0.979973
669.7 0.979967
669.8 0.979961
669.9 0.979955
670.0 0.979949
670.1 0.979944
670.2 0.979938
670.3 0.979932
670.4 0.979926
670.5 0.97992
670.6 0.979915
670.7 0.979909
670.8 0.979903
670.9 0.979897
671.0 0.979891
671.1 0.979885
671.2 0.979879
671.3 0.979873
671.4 0.979868
671.5 0.979862
671.6 0.979856
671.7 0.97985
671.8 0.979844
671.9 0.979838
672.0 0.979832
672.1 0.979826
672.2 0.97982
672.3 0.979814
672.4 0.979808
672.5 0.979802
672.6 0.979796
672.7 0.97979
672.8 0.979785
672.9 0.979779
673.0 0.979773
673.1 0.979767
673.2 0.979761
673.3 0.979755
673.4 0.979749
673.5 0.979743
673.6 0.979737
673.7 0.979731
673.8 0.979725
673.9 0.979719
674.0 0.979713
674.1 0.979707
674.2 0.979702
674.3 0.979696
674.4 0.97969
674.5 0.979684
674.6 0.979678
674.7 0.979672
674.8 0.979666
674.9 0.97966
675.0 0.979654
675.1 0.979648
675.2 0.979642
675.3 0.979636
675.4 0.97963
675.5 0.979624
675.6 0.979618
675.7 0.979612
675.8 0.979606
675.9 0.9796
676.0 0.979594
676.1 0.979588
676.2 0.979582
676.3 0.979576
676.4 0.97957
676.5 0.979564
676.6 0.979558
676.7 0.979552
676.8 0.979546
676.9 0.97954
677.0 0.979535
677.1 0.979528
677.2 0.979522
677.3 0.979516
677.4 0.97951
677.5 0.979504
677.6 0.979498
677.7 0.979492
677.8 0.979486
677.9 0.97948
678.0 0.979474
678.1 0.979468
678.2 0.979462
678.3 0.979456
678.4 0.97945
678.5 0.979444
678.6 0.979438
678.7 0.979432
678.8 0.979426
678.9 0.97942
679.0 0.979414
679.1 0.979408
679.2 0.979402
679.3 0.979396
679.4 0.97939
679.5 0.979384
679.6 0.979378
679.7 0.979372
679.8 0.979366
679.9 0.97936
680.0 0.979354
680.1 0.979347
680.2 0.979341
680.3 0.979335
680.4 0.979329
680.5 0.979323
680.6 0.979317
680.7 0.979311
680.8 0.979305
680.9 0.979299
681.0 0.979293
681.1 0.979287
681.2 0.979281
681.3 0.979275
681.4 0.979269
681.5 0.979263
681.6 0.979257
681.7 0.979251
681.8 0.979245
681.9 0.979239
682.0 0.979233
682.1 0.979227
682.2 0.979221
682.3 0.979214
682.4 0.979208
682.5 0.979202
682.6 0.979196
682.7 0.97919
682.8 0.979184
682.9 0.979178
683.0 0.979171
683.1 0.979165
683.2 0.979159
683.3 0.979153
683.4 0.979147
683.5 0.979141
683.6 0.979135
683.7 0.979128
683.8 0.979122
683.9 0.979116
684.0 0.97911
684.1 0.979104
684.2 0.979098
684.3 0.979092
684.4 0.979086
684.5 0.979079
684.6 0.979073
684.7 0.979067
684.8 0.979061
684.9 0.979055
685.0 0.979049
685.1 0.979043
685.2 0.979036
685.3 0.97903
685.4 0.979024
685.5 0.979018
685.6 0.979012
685.7 0.979006
685.8 0.979
685.9 0.978993
686.0 0.978987
686.1 0.978981
686.2 0.978975
686.3 0.978969
686.4 0.978963
686.5 0.978957
686.6 0.97895
686.7 0.978944
686.8 0.978938
686.9 0.978932
687.0 0.978926
687.1 0.97892
687.2 0.978914
687.3 0.978908
687.4 0.978901
687.5 0.978895
687.6 0.978889
687.7 0.978883
687.8 0.978877
687.9 0.978871
688.0 0.978865
688.1 0.978858
688.2 0.978852
688.3 0.978846
688.4 0.97884
688.5 0.978833
688.6 0.978827
688.7 0.978821
688.8 0.978815
688.9 0.978808
689.0 0.978802
689.1 0.978796
689.2 0.97879
689.3 0.978783
689.4 0.978777
689.5 0.978771
689.6 0.978765
689.7 0.978758
689.8 0.978752
689.9 0.978746
690.0 0.97874
690.1 0.978734
690.2 0.978727
690.3 0.978721
690.4 0.978715
690.5 0.978709
690.6 0.978703
690.7 0.978697
690.8 0.978691
690.9 0.978684
691.0 0.978678
691.1 0.978672
691.2 0.978666
691.3 0.978659
691.4 0.978653
691.5 0.978647
691.6 0.97864
691.7 0.978634
691.8 0.978627
691.9 0.978621
692.0 0.978615
692.1 0.978609
692.2 0.978602
692.3 0.978596
692.4 0.97859
692.5 0.978584
692.6 0.978577
692.7 0.978571
692.8 0.978565
692.9 0.978559
693.0 0.978552
693.1 0.978546
693.2 0.97854
693.3 0.978534
693.4 0.978527
693.5 0.978521
693.6 0.978515
693.7 0.978509
693.8 0.978502
693.9 0.978496
694.0 0.97849
694.1 0.978484
694.2 0.978477
694.3 0.978471
694.4 0.978465
694.5 0.978458
694.6 0.978452
694.7 0.978445
694.8 0.978439
694.9 0.978433
695.0 0.978426
695.1 0.97842
695.2 0.978414
695.3 0.978407
695.4 0.978401
695.5 0.978395
695.6 0.978388
695.7 0.978382
695.8 0.978376
695.9 0.978369
696.0 0.978363
696.1 0.978357
696.2 0.97835
696.3 0.978344
696.4 0.978338
696.5 0.978331
696.6 0.978325
696.7 0.978318
696.8 0.978312
696.9 0.978306
697.0 0.978299
697.1 0.978293
697.2 0.978287
697.3 0.97828
697.4 0.978274
697.5 0.978268
697.6 0.978261
697.7 0.978255
697.8 0.978249
697.9 0.978242
698.0 0.978236
698.1 0.97823
698.2 0.978223
698.3 0.978217
698.4 0.978211
698.5 0.978204
698.6 0.978198
698.7 0.978191
698.8 0.978185
698.9 0.978179
699.0 0.978172
699.1 0.978166
699.2 0.97816
699.3 0.978153
699.4 0.978147
699.5 0.978141
699.6 0.978134
699.7 0.978128
699.8 0.978122
699.9 0.978115
700.0 0.978109
700.1 0.978103
700.2 0.978096
700.3 0.97809
700.4 0.978083
700.5 0.978077
700.6 0.97807
700.7 0.978064
700.8 0.978057
700.9 0.978051
701.0 0.978044
701.1 0.978038
701.2 0.978032
701.3 0.978025
701.4 0.978019
701.5 0.978012
701.6 0.978006
701.7 0.977999
701.8 0.977993
701.9 0.977986
702.0 0.97798
702.1 0.977973
702.2 0.977967
702.3 0.97796
702.4 0.977954
702.5 0.977948
702.6 0.977941
702.7 0.977935
702.8 0.977928
702.9 0.977922
703.0 0.977915
703.1 0.977909
703.2 0.977902
703.3 0.977896
703.4 0.97789
703.5 0.977883
703.6 0.977877
703.7 0.97787
703.8 0.977864
703.9 0.977857
704.0 0.977851
704.1 0.977844
704.2 0.977838
704.3 0.977831
704.4 0.977825
704.5 0.977819
704.6 0.977812
704.7 0.977806
704.8 0.977799
704.9 0.977793
705.0 0.977786
705.1 0.97778
705.2 0.977773
705.3 0.977767
705.4 0.97776
705.5 0.977753
705.6 0.977747
705.7 0.97774
705.8 0.977734
705.9 0.977727
706.0 0.977721
706.1 0.977714
706.2 0.977708
706.3 0.977701
706.4 0.977694
706.5 0.977688
706.6 0.977681
706.7 0.977675
706.8 0.977668
706.9 0.977662
707.0 0.977655
707.1 0.977648
707.2 0.977642
707.3 0.977635
707.4 0.977629
707.5 0.977622
707.6 0.977616
707.7 0.977609
707.8 0.977603
707.9 0.977596
708.0 0.977589
708.1 0.977583
708.2 0.977576
708.3 0.97757
708.4 0.977563
708.5 0.977557
708.6 0.97755
708.7 0.977544
708.8 0.977537
708.9 0.97753
709.0 0.977524
709.1 0.977517
709.2 0.977511
709.3 0.977504
709.4 0.977498
709.5 0.977491
709.6 0.977484
709.7 0.977478
709.8 0.977471
709.9 0.977465
710.0 0.977458
710.1 0.977452
710.2 0.977445
710.3 0.977439
710.4 0.977432
710.5 0.977425
710.6 0.977419
710.7 0.977412
710.8 0.977406
710.9 0.977399
711.0 0.977393
711.1 0.977386
711.2 0.977379
711.3 0.977373
711.4 0.977366
711.5 0.977359
711.6 0.977353
711.7 0.977346
711.8 0.977339
711.9 0.977333
712.0 0.977326
712.1 0.977319
712.2 0.977313
712.3 0.977306
712.4 0.977299
712.5 0.977293
712.6 0.977286
712.7 0.977279
712.8 0.977273
712.9 0.977266
713.0 0.977259
713.1 0.977253
713.2 0.977246
713.3 0.977239
713.4 0.977233
713.5 0.977226
713.6 0.977219
713.7 0.977213
713.8 0.977206
713.9 0.977199
714.0 0.977193
714.1 0.977186
714.2 0.977179
714.3 0.977173
714.4 0.977166
714.5 0.977159
714.6 0.977153
714.7 0.977146
714.8 0.977139
714.9 0.977133
715.0 0.977126
715.1 0.977119
715.2 0.977113
715.3 0.977106
715.4 0.977099
715.5 0.977093
715.6 0.977086
715.7 0.977079
715.8 0.977073
715.9 0.977066
716.0 0.977059
716.1 0.977053
716.2 0.977046
716.3 0.977039
716.4 0.977032
716.5 0.977026
716.6 0.977019
716.7 0.977012
716.8 0.977005
716.9 0.976998
717.0 0.976992
717.1 0.976985
717.2 0.976978
717.3 0.976971
717.4 0.976965
717.5 0.976958
717.6 0.976951
717.7 0.976944
717.8 0.976938
717.9 0.976931
718.0 0.976924
718.1 0.976917
718.2 0.97691
718.3 0.976904
718.4 0.976897
718.5 0.97689
718.6 0.976883
718.7 0.976877
718.8 0.97687
718.9 0.976863
719.0 0.976856
719.1 0.97685
719.2 0.976843
719.3 0.976836
719.4 0.976829
719.5 0.976822
719.6 0.976816
719.7 0.976809
719.8 0.976802
719.9 0.976795
720.0 0.976789
720.1 0.976782
720.2 0.976775
720.3 0.976768
720.4 0.976762
720.5 0.976755
720.6 0.976748
720.7 0.976741
720.8 0.976734
720.9 0.976728
721.0 0.976721
721.1 0.976714
721.2 0.976707
721.3 0.976701
721.4 0.976694
721.5 0.976687
721.6 0.97668
721.7 0.976674
721.8 0.976667
721.9 0.97666
722.0 0.976653
722.1 0.976646
722.2 0.97664
722.3 0.976633
722.4 0.976626
722.5 0.976619
722.6 0.976612
722.7 0.976605
722.8 0.976598
722.9 0.976591
723.0 0.976584
723.1 0.976578
723.2 0.976571
723.3 0.976564
723.4 0.976557
723.5 0.97655
723.6 0.976543
723.7 0.976536
723.8 0.976529
723.9 0.976523
724.0 0.976516
724.1 0.976509
724.2 0.976502
724.3 0.976495
724.4 0.976488
724.5 0.976481
724.6 0.976475
724.7 0.976468
724.8 0.976461
724.9 0.976454
725.0 0.976447
725.1 0.97644
725.2 0.976433
725.3 0.976426
725.4 0.97642
725.5 0.976413
725.6 0.976406
725.7 0.976399
725.8 0.976392
725.9 0.976385
726.0 0.976378
726.1 0.976371
726.2 0.976364
726.3 0.976357
726.4 0.97635
726.5 0.976343
726.6 0.976336
726.7 0.976329
726.8 0.976322
726.9 0.976315
727.0 0.976308
727.1 0.976302
727.2 0.976295
727.3 0.976288
727.4 0.976281
727.5 0.976274
727.6 0.976267
727.7 0.97626
727.8 0.976253
727.9 0.976247
728.0 0.97624
728.1 0.976233
728.2 0.976226
728.3 0.976219
728.4 0.976212
728.5 0.976205
728.6 0.976198
728.7 0.976191
728.8 0.976184
728.9 0.976177
729.0 0.97617
729.1 0.976163
729.2 0.976156
729.3 0.976149
729.4 0.976142
729.5 0.976135
729.6 0.976128
729.7 0.976121
729.8 0.976114
729.9 0.976107
730.0 0.9761
730.1 0.976093
730.2 0.976086
730.3 0.976079
730.4 0.976072
730.5 0.976065
730.6 0.976058
730.7 0.976051
730.8 0.976044
730.9 0.976037
731.0 0.97603
731.1 0.976023
731.2 0.976016
731.3 0.976009
731.4 0.976002
731.5 0.975995
731.6 0.975988
731.7 0.975981
731.8 0.975974
731.9 0.975967
732.0 0.975959
732.1 0.975953
732.2 0.975946
732.3 0.975939
732.4 0.975932
732.5 0.975925
732.6 0.975918
732.7 0.975911
732.8 0.975904
732.9 0.975897
733.0 0.97589
733.1 0.975883
733.2 0.975876
733.3 0.975868
733.4 0.975861
733.5 0.975854
733.6 0.975847
733.7 0.97584
733.8 0.975833
733.9 0.975826
734.0 0.975819
734.1 0.975812
734.2 0.975805
734.3 0.975798
734.4 0.975791
734.5 0.975783
734.6 0.975776
734.7 0.975769
734.8 0.975762
734.9 0.975755
735.0 0.975748
735.1 0.975741
735.2 0.975734
735.3 0.975727
735.4 0.97572
735.5 0.975713
735.6 0.975706
735.7 0.975698
735.8 0.975691
735.9 0.975684
736.0 0.975677
736.1 0.97567
736.2 0.975663
736.3 0.975656
736.4 0.975649
736.5 0.975642
736.6 0.975635
736.7 0.975628
736.8 0.975621
736.9 0.975613
737.0 0.975606
737.1 0.975599
737.2 0.975592
737.3 0.975585
737.4 0.975578
737.5 0.97557
737.6 0.975563
737.7 0.975556
737.8 0.975549
737.9 0.975542
738.0 0.975534
738.1 0.975527
738.2 0.97552
738.3 0.975513
738.4 0.975506
738.5 0.975499
738.6 0.975491
738.7 0.975484
738.8 0.975477
738.9 0.97547
739.0 0.975463
739.1 0.975455
739.2 0.975448
739.3 0.975441
739.4 0.975434
739.5 0.975427
739.6 0.975419
739.7 0.975412
739.8 0.975405
739.9 0.975398
740.0 0.975391
740.1 0.975383
740.2 0.975376
740.3 0.975369
740.4 0.975362
740.5 0.975355
740.6 0.975348
740.7 0.97534
740.8 0.975333
740.9 0.975326
741.0 0.975319
741.1 0.975312
741.2 0.975304
741.3 0.975297
741.4 0.97529
741.5 0.975283
741.6 0.975276
741.7 0.975268
741.8 0.975261
741.9 0.975254
742.0 0.975247
742.1 0.97524
742.2 0.975232
742.3 0.975225
742.4 0.975218
742.5 0.97521
742.6 0.975203
742.7 0.975196
742.8 0.975189
742.9 0.975181
743.0 0.975174
743.1 0.975167
743.2 0.97516
743.3 0.975152
743.4 0.975145
743.5 0.975138
743.6 0.975131
743.7 0.975124
743.8 0.975116
743.9 0.975109
744.0 0.975102
744.1 0.975095
744.2 0.975088
744.3 0.97508
744.4 0.975073
744.5 0.975066
744.6 0.975058
744.7 0.975051
744.8 0.975044
744.9 0.975036
745.0 0.975029
745.1 0.975022
745.2 0.975015
745.3 0.975007
745.4 0.975
745.5 0.974993
745.6 0.974985
745.7 0.974978
745.8 0.974971
745.9 0.974964
746.0 0.974956
746.1 0.974949
746.2 0.974941
746.3 0.974934
746.4 0.974927
746.5 0.974919
746.6 0.974912
746.7 0.974904
746.8 0.974897
746.9 0.97489
747.0 0.974882
747.1 0.974875
747.2 0.974868
747.3 0.97486
747.4 0.974853
747.5 0.974846
747.6 0.974838
747.7 0.974831
747.8 0.974824
747.9 0.974817
748.0 0.974809
748.1 0.974802
748.2 0.974795
748.3 0.974787
748.4 0.97478
748.5 0.974772
748.6 0.974765
748.7 0.974758
748.8 0.97475
748.9 0.974743
749.0 0.974735
749.1 0.974728
749.2 0.974721
749.3 0.974713
749.4 0.974706
749.5 0.974698
749.6 0.974691
749.7 0.974684
749.8 0.974676
749.9 0.974669
750.0 0.974661
750.1 0.974654
750.2 0.974647
750.3 0.974639
750.4 0.974632
750.5 0.974624
750.6 0.974617
750.7 0.97461
750.8 0.974602
750.9 0.974595
751.0 0.974587
751.1 0.97458
751.2 0.974572
751.3 0.974565
751.4 0.974557
751.5 0.97455
751.6 0.974542
751.7 0.974535
751.8 0.974527
751.9 0.97452
752.0 0.974512
752.1 0.974505
752.2 0.974498
752.3 0.97449
752.4 0.974483
752.5 0.974475
752.6 0.974468
752.7 0.974461
752.8 0.974453
752.9 0.974446
753.0 0.974438
753.1 0.974431
753.2 0.974423
753.3 0.974416
753.4 0.974408
753.5 0.974401
753.6 0.974393
753.7 0.974386
753.8 0.974378
753.9 0.974371
754.0 0.974363
754.1 0.974356
754.2 0.974348
754.3 0.974341
754.4 0.974333
754.5 0.974326
754.6 0.974318
754.7 0.974311
754.8 0.974303
754.9 0.974296
755.0 0.974288
755.1 0.974281
755.2 0.974273
755.3 0.974266
755.4 0.974258
755.5 0.974251
755.6 0.974243
755.7 0.974236
755.8 0.974228
755.9 0.974221
756.0 0.974213
756.1 0.974206
756.2 0.974198
756.3 0.97419
756.4 0.974183
756.5 0.974175
756.6 0.974168
756.7 0.97416
756.8 0.974152
756.9 0.974145
757.0 0.974137
757.1 0.97413
757.2 0.974122
757.3 0.974115
757.4 0.974107
757.5 0.9741
757.6 0.974092
757.7 0.974085
757.8 0.974077
757.9 0.97407
758.0 0.974062
758.1 0.974055
758.2 0.974047
758.3 0.974039
758.4 0.974032
758.5 0.974024
758.6 0.974017
758.7 0.974009
758.8 0.974001
758.9 0.973994
759.0 0.973986
759.1 0.973979
759.2 0.973971
759.3 0.973963
759.4 0.973956
759.5 0.973948
759.6 0.973941
759.7 0.973933
759.8 0.973925
759.9 0.973918
760.0 0.97391
760.1 0.973902
760.2 0.973895
760.3 0.973887
760.4 0.97388
760.5 0.973872
760.6 0.973864
760.7 0.973857
760.8 0.973849
760.9 0.973842
761.0 0.973834
761.1 0.973826
761.2 0.973819
761.3 0.973811
761.4 0.973803
761.5 0.973795
761.6 0.973788
761.7 0.97378
761.8 0.973772
761.9 0.973765
762.0 0.973757
762.1 0.973749
762.2 0.973742
762.3 0.973734
762.4 0.973726
762.5 0.973719
762.6 0.973711
762.7 0.973704
762.8 0.973696
762.9 0.973688
763.0 0.973681
763.1 0.973673
763.2 0.973665
763.3 0.973658
763.4 0.97365
763.5 0.973642
763.6 0.973635
763.7 0.973627
763.8 0.973619
763.9 0.973611
764.0 0.973604
764.1 0.973596
764.2 0.973588
764.3 0.973581
764.4 0.973573
764.5 0.973565
764.6 0.973557
764.7 0.97355
764.8 0.973542
764.9 0.973534
765.0 0.973527
765.1 0.973519
765.2 0.973511
765.3 0.973503
765.4 0.973495
765.5 0.973488
765.6 0.97348
765.7 0.973472
765.8 0.973464
765.9 0.973456
766.0 0.973448
766.1 0.973441
766.2 0.973433
766.3 0.973425
766.4 0.973418
766.5 0.97341
766.6 0.973402
766.7 0.973394
766.8 0.973387
766.9 0.973379
767.0 0.973371
767.1 0.973364
767.2 0.973356
767.3 0.973348
767.4 0.97334
767.5 0.973332
767.6 0.973324
767.7 0.973317
767.8 0.973309
767.9 0.973301
768.0 0.973293
768.1 0.973285
768.2 0.973278
768.3 0.97327
768.4 0.973262
768.5 0.973254
768.6 0.973246
768.7 0.973238
768.8 0.973231
768.9 0.973223
769.0 0.973215
769.1 0.973207
769.2 0.973199
769.3 0.973192
769.4 0.973184
769.5 0.973176
769.6 0.973168
769.7 0.97316
769.8 0.973153
769.9 0.973145
770.0 0.973137
770.1 0.973129
770.2 0.973121
770.3 0.973113
770.4 0.973106
770.5 0.973098
770.6 0.97309
770.7 0.973082
770.8 0.973074
770.9 0.973067
771.0 0.973059
771.1 0.973051
771.2 0.973043
771.3 0.973035
771.4 0.973027
771.5 0.973019
771.6 0.973011
771.7 0.973003
771.8 0.972995
771.9 0.972987
772.0 0.97298
772.1 0.972972
772.2 0.972964
772.3 0.972956
772.4 0.972948
772.5 0.97294
772.6 0.972932
772.7 0.972924
772.8 0.972916
772.9 0.972908
773.0 0.9729
773.1 0.972892
773.2 0.972885
773.3 0.972877
773.4 0.972869
773.5 0.972861
773.6 0.972853
773.7 0.972845
773.8 0.972837
773.9 0.972829
774.0 0.972821
774.1 0.972813
774.2 0.972805
774.3 0.972797
774.4 0.97279
774.5 0.972782
774.6 0.972774
774.7 0.972766
774.8 0.972758
774.9 0.97275
775.0 0.972742
775.1 0.972734
775.2 0.972726
775.3 0.972718
775.4 0.97271
775.5 0.972702
775.6 0.972694
775.7 0.972686
775.8 0.972678
775.9 0.97267
776.0 0.972662
776.1 0.972654
776.2 0.972646
776.3 0.972638
776.4 0.97263
776.5 0.972622
776.6 0.972614
776.7 0.972606
776.8 0.972598
776.9 0.97259
777.0 0.972583
777.1 0.972575
777.2 0.972567
777.3 0.972559
777.4 0.97255
777.5 0.972542
777.6 0.972534
777.7 0.972526
777.8 0.972518
777.9 0.97251
778.0 0.972502
778.1 0.972494
778.2 0.972486
778.3 0.972478
778.4 0.97247
778.5 0.972462
778.6 0.972454
778.7 0.972446
778.8 0.972438
778.9 0.97243
779.0 0.972422
779.1 0.972414
779.2 0.972406
779.3 0.972398
779.4 0.97239
779.5 0.972381
779.6 0.972373
779.7 0.972365
779.8 0.972357
779.9 0.972349
780.0 0.972341
780.1 0.972333
780.2 0.972325
780.3 0.972317
780.4 0.972309
780.5 0.972301
780.6 0.972293
780.7 0.972285
780.8 0.972277
780.9 0.972269
781.0 0.972261
781.1 0.972252
781.2 0.972244
781.3 0.972236
781.4 0.972228
781.5 0.97222
781.6 0.972212
781.7 0.972204
781.8 0.972196
781.9 0.972187
782.0 0.972179
782.1 0.972171
782.2 0.972163
782.3 0.972155
782.4 0.972147
782.5 0.972139
782.6 0.972131
782.7 0.972122
782.8 0.972114
782.9 0.972106
783.0 0.972098
783.1 0.97209
783.2 0.972082
783.3 0.972074
783.4 0.972066
783.5 0.972057
783.6 0.972049
783.7 0.972041
783.8 0.972033
783.9 0.972025
784.0 0.972017
784.1 0.972009
784.2 0.972
784.3 0.971992
784.4 0.971984
784.5 0.971976
784.6 0.971967
784.7 0.971959
784.8 0.971951
784.9 0.971943
785.0 0.971934
785.1 0.971926
785.2 0.971918
785.3 0.97191
785.4 0.971902
785.5 0.971893
785.6 0.971885
785.7 0.971877
785.8 0.971869
785.9 0.97186
786.0 0.971852
786.1 0.971844
786.2 0.971836
786.3 0.971828
786.4 0.97182
786.5 0.971812
786.6 0.971803
786.7 0.971795
786.8 0.971787
786.9 0.971779
787.0 0.971771
787.1 0.971763
787.2 0.971754
787.3 0.971746
787.4 0.971738
787.5 0.971729
787.6 0.971721
787.7 0.971713
787.8 0.971704
787.9 0.971696
788.0 0.971688
788.1 0.971679
788.2 0.971671
788.3 0.971663
788.4 0.971655
788.5 0.971646
788.6 0.971638
788.7 0.97163
788.8 0.971622
788.9 0.971613
789.0 0.971605
789.1 0.971597
789.2 0.971589
789.3 0.97158
789.4 0.971572
789.5 0.971564
789.6 0.971555
789.7 0.971547
789.8 0.971539
789.9 0.97153
790.0 0.971522
790.1 0.971514
790.2 0.971505
790.3 0.971497
790.4 0.971489
790.5 0.97148
790.6 0.971472
790.7 0.971464
790.8 0.971455
790.9 0.971447
791.0 0.971439
791.1 0.97143
791.2 0.971422
791.3 0.971414
791.4 0.971405
791.5 0.971397
791.6 0.971389
791.7 0.97138
791.8 0.971372
791.9 0.971364
792.0 0.971355
792.1 0.971347
792.2 0.971339
792.3 0.97133
792.4 0.971322
792.5 0.971314
792.6 0.971305
792.7 0.971297
792.8 0.971288
792.9 0.97128
793.0 0.971272
793.1 0.971263
793.2 0.971255
793.3 0.971247
793.4 0.971238
793.5 0.97123
793.6 0.971222
793.7 0.971213
793.8 0.971205
793.9 0.971197
794.0 0.971188
794.1 0.97118
794.2 0.971172
794.3 0.971163
794.4 0.971155
794.5 0.971146
794.6 0.971138
794.7 0.971129
794.8 0.971121
794.9 0.971113
795.0 0.971104
795.1 0.971096
795.2 0.971087
795.3 0.971079
795.4 0.97107
795.5 0.971062
795.6 0.971053
795.7 0.971045
795.8 0.971037
795.9 0.971028
796.0 0.97102
796.1 0.971011
796.2 0.971003
796.3 0.970994
796.4 0.970986
796.5 0.970977
796.6 0.970968
796.7 0.97096
796.8 0.970951
796.9 0.970943
797.0 0.970934
797.1 0.970926
797.2 0.970917
797.3 0.970909
797.4 0.970901
797.5 0.970892
797.6 0.970884
797.7 0.970875
797.8 0.970867
797.9 0.970858
798.0 0.97085
798.1 0.970841
798.2 0.970833
798.3 0.970824
798.4 0.970816
798.5 0.970807
798.6 0.970799
798.7 0.97079
798.8 0.970782
798.9 0.970773
799.0 0.970764
799.1 0.970756
799.2 0.970747
799.3 0.970739
799.4 0.97073
799.5 0.970722
799.6 0.970713
799.7 0.970705
799.8 0.970696
799.9 0.970688
800.0 0.970679
800.1 0.970671
800.2 0.970662
800.3 0.970653
800.4 0.970645
800.5 0.970636
800.6 0.970628
800.7 0.970619
800.8 0.970611
800.9 0.970602
801.0 0.970594
801.1 0.970585
801.2 0.970577
801.3 0.970568
801.4 0.970559
801.5 0.970551
801.6 0.970542
801.7 0.970534
801.8 0.970525
801.9 0.970517
802.0 0.970508
802.1 0.9705
802.2 0.970491
802.3 0.970482
802.4 0.970474
802.5 0.970465
802.6 0.970456
802.7 0.970448
802.8 0.970439
802.9 0.97043
803.0 0.970422
803.1 0.970413
803.2 0.970404
803.3 0.970396
803.4 0.970387
803.5 0.970379
803.6 0.97037
803.7 0.970361
803.8 0.970353
803.9 0.970344
804.0 0.970335
804.1 0.970327
804.2 0.970318
804.3 0.970309
804.4 0.970301
804.5 0.970292
804.6 0.970283
804.7 0.970275
804.8 0.970266
804.9 0.970257
805.0 0.970249
805.1 0.97024
805.2 0.970232
805.3 0.970223
805.4 0.970214
805.5 0.970206
805.6 0.970197
805.7 0.970188
805.8 0.97018
805.9 0.970171
806.0 0.970162
806.1 0.970154
806.2 0.970145
806.3 0.970136
806.4 0.970127
806.5 0.970119
806.6 0.97011
806.7 0.970101
806.8 0.970092
806.9 0.970084
807.0 0.970075
807.1 0.970066
807.2 0.970057
807.3 0.970049
807.4 0.97004
807.5 0.970031
807.6 0.970022
807.7 0.970014
807.8 0.970005
807.9 0.969996
808.0 0.969987
808.1 0.969979
808.2 0.96997
808.3 0.969961
808.4 0.969952
808.5 0.969944
808.6 0.969935
808.7 0.969926
808.8 0.969917
808.9 0.969909
809.0 0.9699
809.1 0.969891
809.2 0.969882
809.3 0.969874
809.4 0.969865
809.5 0.969856
809.6 0.969847
809.7 0.969839
809.8 0.96983
809.9 0.969821
810.0 0.969812
810.1 0.969804
810.2 0.969795
810.3 0.969786
810.4 0.969777
810.5 0.969768
810.6 0.969759
810.7 0.96975
810.8 0.969742
810.9 0.969733
811.0 0.969724
811.1 0.969715
811.2 0.969706
811.3 0.969697
811.4 0.969688
811.5 0.96968
811.6 0.969671
811.7 0.969662
811.8 0.969653
811.9 0.969644
812.0 0.969635
812.1 0.969627
812.2 0.969618
812.3 0.969609
812.4 0.9696
812.5 0.969591
812.6 0.969582
812.7 0.969573
812.8 0.969565
812.9 0.969556
813.0 0.969547
813.1 0.969538
813.2 0.969529
813.3 0.96952
813.4 0.969511
813.5 0.969503
813.6 0.969494
813.7 0.969485
813.8 0.969476
813.9 0.969467
814.0 0.969458
814.1 0.969449
814.2 0.96944
814.3 0.969431
814.4 0.969422
814.5 0.969414
814.6 0.969405
814.7 0.969396
814.8 0.969387
814.9 0.969378
815.0 0.969369
815.1 0.96936
815.2 0.969351
815.3 0.969342
815.4 0.969333
815.5 0.969324
815.6 0.969315
815.7 0.969306
815.8 0.969297
815.9 0.969288
816.0 0.969279
816.1 0.96927
816.2 0.969261
816.3 0.969252
816.4 0.969243
816.5 0.969234
816.6 0.969225
816.7 0.969216
816.8 0.969208
816.9 0.969199
817.0 0.96919
817.1 0.969181
817.2 0.969172
817.3 0.969163
817.4 0.969154
817.5 0.969145
817.6 0.969136
817.7 0.969127
817.8 0.969118
817.9 0.969109
818.0 0.9691
818.1 0.969091
818.2 0.969082
818.3 0.969073
818.4 0.969064
818.5 0.969055
818.6 0.969046
818.7 0.969037
818.8 0.969028
818.9 0.969019
819.0 0.969009
819.1 0.969
819.2 0.968991
819.3 0.968982
819.4 0.968973
819.5 0.968964
819.6 0.968955
819.7 0.968946
819.8 0.968937
819.9 0.968928
820.0 0.968919
820.1 0.96891
820.2 0.968901
820.3 0.968892
820.4 0.968883
820.5 0.968874
820.6 0.968865
820.7 0.968855
820.8 0.968846
820.9 0.968837
821.0 0.968828
821.1 0.968819
821.2 0.96881
821.3 0.968801
821.4 0.968792
821.5 0.968783
821.6 0.968774
821.7 0.968765
821.8 0.968756
821.9 0.968747
822.0 0.968738
822.1 0.968729
822.2 0.968719
822.3 0.96871
822.4 0.968701
822.5 0.968692
822.6 0.968683
822.7 0.968674
822.8 0.968664
822.9 0.968655
823.0 0.968646
823.1 0.968637
823.2 0.968628
823.3 0.968619
823.4 0.96861
823.5 0.968601
823.6 0.968592
823.7 0.968583
823.8 0.968574
823.9 0.968565
824.0 0.968555
824.1 0.968546
824.2 0.968537
824.3 0.968528
824.4 0.968519
824.5 0.96851
824.6 0.968501
824.7 0.968491
824.8 0.968482
824.9 0.968473
825.0 0.968464
825.1 0.968455
825.2 0.968445
825.3 0.968436
825.4 0.968427
825.5 0.968418
825.6 0.968408
825.7 0.968399
825.8 0.96839
825.9 0.96838
826.0 0.968371
826.1 0.968362
826.2 0.968353
826.3 0.968344
826.4 0.968335
826.5 0.968325
826.6 0.968316
826.7 0.968307
826.8 0.968298
826.9 0.968289
827.0 0.96828
827.1 0.96827
827.2 0.968261
827.3 0.968252
827.4 0.968243
827.5 0.968233
827.6 0.968224
827.7 0.968215
827.8 0.968205
827.9 0.968196
828.0 0.968187
828.1 0.968178
828.2 0.968168
828.3 0.968159
828.4 0.96815
828.5 0.968141
828.6 0.968131
828.7 0.968122
828.8 0.968113
828.9 0.968104
829.0 0.968094
829.1 0.968085
829.2 0.968076
829.3 0.968066
829.4 0.968057
829.5 0.968047
829.6 0.968038
829.7 0.968029
829.8 0.968019
829.9 0.96801
830.0 0.968001
830.1 0.967991
830.2 0.967982
830.3 0.967973
830.4 0.967964
830.5 0.967954
830.6 0.967945
830.7 0.967936
830.8 0.967926
830.9 0.967917
831.0 0.967908
831.1 0.967899
831.2 0.967889
831.3 0.96788
831.4 0.96787
831.5 0.967861
831.6 0.967852
831.7 0.967842
831.8 0.967833
831.9 0.967824
832.0 0.967814
832.1 0.967805
832.2 0.967795
832.3 0.967786
832.4 0.967776
832.5 0.967767
832.6 0.967757
832.7 0.967748
832.8 0.967738
832.9 0.967729
833.0 0.96772
833.1 0.96771
833.2 0.967701
833.3 0.967691
833.4 0.967682
833.5 0.967673
833.6 0.967663
833.7 0.967654
833.8 0.967645
833.9 0.967635
834.0 0.967626
834.1 0.967616
834.2 0.967607
834.3 0.967597
834.4 0.967588
834.5 0.967578
834.6 0.967569
834.7 0.96756
834.8 0.96755
834.9 0.967541
835.0 0.967531
835.1 0.967522
835.2 0.967512
835.3 0.967503
835.4 0.967493
835.5 0.967484
835.6 0.967474
835.7 0.967465
835.8 0.967455
835.9 0.967446
836.0 0.967436
836.1 0.967427
836.2 0.967417
836.3 0.967408
836.4 0.967399
836.5 0.967389
836.6 0.96738
836.7 0.96737
836.8 0.967361
836.9 0.967351
837.0 0.967342
837.1 0.967332
837.2 0.967323
837.3 0.967313
837.4 0.967304
837.5 0.967294
837.6 0.967285
837.7 0.967275
837.8 0.967266
837.9 0.967256
838.0 0.967247
838.1 0.967237
838.2 0.967228
838.3 0.967218
838.4 0.967209
838.5 0.967199
838.6 0.96719
838.7 0.96718
838.8 0.96717
838.9 0.967161
839.0 0.967151
839.1 0.967142
839.2 0.967132
839.3 0.967123
839.4 0.967113
839.5 0.967103
839.6 0.967094
839.7 0.967084
839.8 0.967075
839.9 0.967065
840.0 0.967055
840.1 0.967046
840.2 0.967036
840.3 0.967027
840.4 0.967017
840.5 0.967008
840.6 0.966998
840.7 0.966988
840.8 0.966979
840.9 0.966969
841.0 0.96696
841.1 0.96695
841.2 0.96694
841.3 0.966931
841.4 0.966921
841.5 0.966911
841.6 0.966902
841.7 0.966892
841.8 0.966882
841.9 0.966873
842.0 0.966863
842.1 0.966853
842.2 0.966844
842.3 0.966834
842.4 0.966824
842.5 0.966815
842.6 0.966805
842.7 0.966795
842.8 0.966786
842.9 0.966776
843.0 0.966766
843.1 0.966757
843.2 0.966747
843.3 0.966737
843.4 0.966727
843.5 0.966718
843.6 0.966708
843.7 0.966698
843.8 0.966689
843.9 0.966679
844.0 0.966669
844.1 0.96666
844.2 0.96665
844.3 0.96664
844.4 0.966631
844.5 0.966621
844.6 0.966611
844.7 0.966602
844.8 0.966592
844.9 0.966582
845.0 0.966573
845.1 0.966563
845.2 0.966553
845.3 0.966543
845.4 0.966534
845.5 0.966524
845.6 0.966514
845.7 0.966504
845.8 0.966494
845.9 0.966485
846.0 0.966475
846.1 0.966465
846.2 0.966455
846.3 0.966446
846.4 0.966436
846.5 0.966426
846.6 0.966416
846.7 0.966406
846.8 0.966397
846.9 0.966387
847.0 0.966377
847.1 0.966367
847.2 0.966357
847.3 0.966348
847.4 0.966338
847.5 0.966328
847.6 0.966318
847.7 0.966309
847.8 0.966299
847.9 0.966289
848.0 0.966279
848.1 0.966269
848.2 0.96626
848.3 0.96625
848.4 0.96624
848.5 0.96623
848.6 0.966221
848.7 0.966211
848.8 0.966201
848.9 0.966191
849.0 0.966181
849.1 0.966172
849.2 0.966162
849.3 0.966152
849.4 0.966142
849.5 0.966132
849.6 0.966122
849.7 0.966112
849.8 0.966102
849.9 0.966093
850.0 0.966083
850.1 0.966073
850.2 0.966063
850.3 0.966053
850.4 0.966043
850.5 0.966033
850.6 0.966023
850.7 0.966013
850.8 0.966004
850.9 0.965994
851.0 0.965984
851.1 0.965974
851.2 0.965964
851.3 0.965954
851.4 0.965944
851.5 0.965934
851.6 0.965925
851.7 0.965915
851.8 0.965905
851.9 0.965895
852.0 0.965885
852.1 0.965875
852.2 0.965865
852.3 0.965855
852.4 0.965845
852.5 0.965835
852.6 0.965825
852.7 0.965815
852.8 0.965805
852.9 0.965795
853.0 0.965785
853.1 0.965775
853.2 0.965765
853.3 0.965755
853.4 0.965746
853.5 0.965736
853.6 0.965726
853.7 0.965716
853.8 0.965706
853.9 0.965696
854.0 0.965686
854.1 0.965676
854.2 0.965666
854.3 0.965656
854.4 0.965646
854.5 0.965636
854.6 0.965626
854.7 0.965616
854.8 0.965606
854.9 0.965596
855.0 0.965585
855.1 0.965575
855.2 0.965565
855.3 0.965555
855.4 0.965545
855.5 0.965536
855.6 0.965526
855.7 0.965516
855.8 0.965506
855.9 0.965496
856.0 0.965486
856.1 0.965476
856.2 0.965465
856.3 0.965455
856.4 0.965445
856.5 0.965435
856.6 0.965425
856.7 0.965415
856.8 0.965405
856.9 0.965395
857.0 0.965385
857.1 0.965375
857.2 0.965365
857.3 0.965354
857.4 0.965344
857.5 0.965334
857.6 0.965324
857.7 0.965314
857.8 0.965304
857.9 0.965294
858.0 0.965284
858.1 0.965274
858.2 0.965264
858.3 0.965254
858.4 0.965243
858.5 0.965233
858.6 0.965223
858.7 0.965213
858.8 0.965203
858.9 0.965193
859.0 0.965183
859.1 0.965173
859.2 0.965163
859.3 0.965153
859.4 0.965143
859.5 0.965133
859.6 0.965122
859.7 0.965112
859.8 0.965102
859.9 0.965092
860.0 0.965082
860.1 0.965072
860.2 0.965062
860.3 0.965052
860.4 0.965041
860.5 0.965031
860.6 0.965021
860.7 0.965011
860.8 0.965001
860.9 0.96499
861.0 0.96498
861.1 0.96497
861.2 0.96496
861.3 0.96495
861.4 0.964939
861.5 0.964929
861.6 0.964919
861.7 0.964909
861.8 0.964899
861.9 0.964888
862.0 0.964878
862.1 0.964868
862.2 0.964858
862.3 0.964848
862.4 0.964838
862.5 0.964827
862.6 0.964817
862.7 0.964807
862.8 0.964797
862.9 0.964787
863.0 0.964776
863.1 0.964766
863.2 0.964756
863.3 0.964746
863.4 0.964735
863.5 0.964725
863.6 0.964715
863.7 0.964704
863.8 0.964694
863.9 0.964684
864.0 0.964673
864.1 0.964663
864.2 0.964653
864.3 0.964643
864.4 0.964632
864.5 0.964622
864.6 0.964612
864.7 0.964601
864.8 0.964591
864.9 0.964581
865.0 0.964571
865.1 0.96456
865.2 0.96455
865.3 0.96454
865.4 0.964529
865.5 0.964519
865.6 0.964509
865.7 0.964499
865.8 0.964488
865.9 0.964478
866.0 0.964468
866.1 0.964457
866.2 0.964447
866.3 0.964436
866.4 0.964426
866.5 0.964416
866.6 0.964405
866.7 0.964395
866.8 0.964384
866.9 0.964374
867.0 0.964364
867.1 0.964353
867.2 0.964343
867.3 0.964333
867.4 0.964323
867.5 0.964312
867.6 0.964302
867.7 0.964292
867.8 0.964281
867.9 0.964271
868.0 0.964261
868.1 0.96425
868.2 0.96424
868.3 0.964229
868.4 0.964219
868.5 0.964208
868.6 0.964198
868.7 0.964187
868.8 0.964177
868.9 0.964166
869.0 0.964156
869.1 0.964145
869.2 0.964135
869.3 0.964125
869.4 0.964114
869.5 0.964104
869.6 0.964093
869.7 0.964083
869.8 0.964073
869.9 0.964062
870.0 0.964052
870.1 0.964041
870.2 0.964031
870.3 0.96402
870.4 0.96401
870.5 0.963999
870.6 0.963989
870.7 0.963978
870.8 0.963968
870.9 0.963957
871.0 0.963947
871.1 0.963936
871.2 0.963926
871.3 0.963916
871.4 0.963905
871.5 0.963895
871.6 0.963885
871.7 0.963874
871.8 0.963864
871.9 0.963853
872.0 0.963843
872.1 0.963832
872.2 0.963822
872.3 0.963811
872.4 0.963801
872.5 0.96379
872.6 0.963779
872.7 0.963769
872.8 0.963758
872.9 0.963748
873.0 0.963737
873.1 0.963726
873.2 0.963716
873.3 0.963705
873.4 0.963695
873.5 0.963684
873.6 0.963674
873.7 0.963663
873.8 0.963653
873.9 0.963642
874.0 0.963632
874.1 0.963621
874.2 0.963611
874.3 0.9636
874.4 0.96359
874.5 0.963579
874.6 0.963568
874.7 0.963558
874.8 0.963547
874.9 0.963537
875.0 0.963526
875.1 0.963515
875.2 0.963505
875.3 0.963494
875.4 0.963484
875.5 0.963473
875.6 0.963462
875.7 0.963452
875.8 0.963441
875.9 0.963431
876.0 0.96342
876.1 0.963409
876.2 0.963399
876.3 0.963388
876.4 0.963377
876.5 0.963367
876.6 0.963356
876.7 0.963345
876.8 0.963334
876.9 0.963324
877.0 0.963313
877.1 0.963302
877.2 0.963292
877.3 0.963281
877.4 0.963271
877.5 0.96326
877.6 0.963249
877.7 0.963239
877.8 0.963228
877.9 0.963218
878.0 0.963207
878.1 0.963196
878.2 0.963186
878.3 0.963175
878.4 0.963164
878.5 0.963154
878.6 0.963143
878.7 0.963132
878.8 0.963121
878.9 0.963111
879.0 0.9631
879.1 0.963089
879.2 0.963078
879.3 0.963068
879.4 0.963057
879.5 0.963046
879.6 0.963035
879.7 0.963024
879.8 0.963014
879.9 0.963003
880.0 0.962992
880.1 0.962981
880.2 0.962971
880.3 0.96296
880.4 0.962949
880.5 0.962938
880.6 0.962928
880.7 0.962917
880.8 0.962906
880.9 0.962896
881.0 0.962885
881.1 0.962874
881.2 0.962863
881.3 0.962853
881.4 0.962842
881.5 0.962831
881.6 0.96282
881.7 0.962809
881.8 0.962799
881.9 0.962788
882.0 0.962777
882.1 0.962766
882.2 0.962755
882.3 0.962745
882.4 0.962734
882.5 0.962723
882.6 0.962712
882.7 0.962701
882.8 0.962691
882.9 0.96268
883.0 0.962669
883.1 0.962658
883.2 0.962647
883.3 0.962636
883.4 0.962625
883.5 0.962614
883.6 0.962604
883.7 0.962593
883.8 0.962582
883.9 0.962571
884.0 0.96256
884.1 0.962549
884.2 0.962538
884.3 0.962527
884.4 0.962516
884.5 0.962505
884.6 0.962494
884.7 0.962484
884.8 0.962473
884.9 0.962462
885.0 0.962451
885.1 0.96244
885.2 0.962429
885.3 0.962418
885.4 0.962407
885.5 0.962396
885.6 0.962385
885.7 0.962375
885.8 0.962364
885.9 0.962353
886.0 0.962342
886.1 0.962331
886.2 0.96232
886.3 0.962309
886.4 0.962298
886.5 0.962287
886.6 0.962276
886.7 0.962265
886.8 0.962255
886.9 0.962244
887.0 0.962233
887.1 0.962222
887.2 0.962211
887.3 0.9622
887.4 0.962189
887.5 0.962178
887.6 0.962167
887.7 0.962156
887.8 0.962145
887.9 0.962134
888.0 0.962123
888.1 0.962112
888.2 0.962101
888.3 0.96209
888.4 0.962079
888.5 0.962068
888.6 0.962057
888.7 0.962046
888.8 0.962035
888.9 0.962024
889.0 0.962013
889.1 0.962002
889.2 0.96199
889.3 0.961979
889.4 0.961968
889.5 0.961957
889.6 0.961946
889.7 0.961935
889.8 0.961924
889.9 0.961913
890.0 0.961902
890.1 0.961891
890.2 0.96188
890.3 0.961869
890.4 0.961858
890.5 0.961847
890.6 0.961836
890.7 0.961824
890.8 0.961813
890.9 0.961802
891.0 0.961791
891.1 0.96178
891.2 0.961769
891.3 0.961758
891.4 0.961747
891.5 0.961736
891.6 0.961725
891.7 0.961714
891.8 0.961703
891.9 0.961692
892.0 0.96168
892.1 0.961669
892.2 0.961658
892.3 0.961647
892.4 0.961636
892.5 0.961624
892.6 0.961613
892.7 0.961602
892.8 0.961591
892.9 0.961579
893.0 0.961568
893.1 0.961557
893.2 0.961546
893.3 0.961535
893.4 0.961524
893.5 0.961513
893.6 0.961502
893.7 0.961491
893.8 0.961479
893.9 0.961468
894.0 0.961457
894.1 0.961446
894.2 0.961435
894.3 0.961424
894.4 0.961412
894.5 0.961401
894.6 0.96139
894.7 0.961379
894.8 0.961368
894.9 0.961356
895.0 0.961345
895.1 0.961334
895.2 0.961323
895.3 0.961312
895.4 0.9613
895.5 0.961289
895.6 0.961278
895.7 0.961267
895.8 0.961255
895.9 0.961244
896.0 0.961233
896.1 0.961222
896.2 0.96121
896.3 0.961199
896.4 0.961188
896.5 0.961176
896.6 0.961165
896.7 0.961154
896.8 0.961143
896.9 0.961131
897.0 0.96112
897.1 0.961109
897.2 0.961097
897.3 0.961086
897.4 0.961075
897.5 0.961063
897.6 0.961052
897.7 0.961041
897.8 0.961029
897.9 0.961018
898.0 0.961007
898.1 0.960995
898.2 0.960984
898.3 0.960973
898.4 0.960962
898.5 0.96095
898.6 0.960939
898.7 0.960928
898.8 0.960916
898.9 0.960905
899.0 0.960894
899.1 0.960882
899.2 0.960871
899.3 0.96086
899.4 0.960848
899.5 0.960837
899.6 0.960826
899.7 0.960815
899.8 0.960803
899.9 0.960792
900.0 0.960781
900.1 0.960769
900.2 0.960758
900.3 0.960746
900.4 0.960735
900.5 0.960724
900.6 0.960712
900.7 0.960701
900.8 0.960689
900.9 0.960678
901.0 0.960666
901.1 0.960655
901.2 0.960644
901.3 0.960632
901.4 0.960621
901.5 0.960609
901.6 0.960598
901.7 0.960587
901.8 0.960575
901.9 0.960564
902.0 0.960552
902.1 0.960541
902.2 0.960529
902.3 0.960518
902.4 0.960506
902.5 0.960495
902.6 0.960483
902.7 0.960472
902.8 0.96046
902.9 0.960449
903.0 0.960437
903.1 0.960426
903.2 0.960414
903.3 0.960403
903.4 0.960391
903.5 0.96038
903.6 0.960368
903.7 0.960357
903.8 0.960345
903.9 0.960334
904.0 0.960322
904.1 0.960311
904.2 0.960299
904.3 0.960287
904.4 0.960276
904.5 0.960264
904.6 0.960253
904.7 0.960241
904.8 0.96023
904.9 0.960218
905.0 0.960207
905.1 0.960195
905.2 0.960184
905.3 0.960172
905.4 0.960161
905.5 0.960149
905.6 0.960138
905.7 0.960126
905.8 0.960115
905.9 0.960103
906.0 0.960092
906.1 0.96008
906.2 0.960069
906.3 0.960057
906.4 0.960045
906.5 0.960034
906.6 0.960022
906.7 0.96001
906.8 0.959999
906.9 0.959987
907.0 0.959976
907.1 0.959964
907.2 0.959952
907.3 0.959941
907.4 0.959929
907.5 0.959918
907.6 0.959906
907.7 0.959894
907.8 0.959883
907.9 0.959871
908.0 0.959859
908.1 0.959848
908.2 0.959836
908.3 0.959825
908.4 0.959813
908.5 0.959801
908.6 0.95979
908.7 0.959778
908.8 0.959767
908.9 0.959755
909.0 0.959743
909.1 0.959732
909.2 0.95972
909.3 0.959708
909.4 0.959696
909.5 0.959685
909.6 0.959673
909.7 0.959661
909.8 0.95965
909.9 0.959638
910.0 0.959626
910.1 0.959614
910.2 0.959603
910.3 0.959591
910.4 0.959579
910.5 0.959568
910.6 0.959556
910.7 0.959544
910.8 0.959532
910.9 0.959521
911.0 0.959509
911.1 0.959497
911.2 0.959486
911.3 0.959474
911.4 0.959462
911.5 0.95945
911.6 0.959439
911.7 0.959427
911.8 0.959415
911.9 0.959404
912.0 0.959392
912.1 0.95938
912.2 0.959368
912.3 0.959356
912.4 0.959345
912.5 0.959333
912.6 0.959321
912.7 0.959309
912.8 0.959297
912.9 0.959285
913.0 0.959274
913.1 0.959262
913.2 0.95925
913.3 0.959238
913.4 0.959226
913.5 0.959215
913.6 0.959203
913.7 0.959191
913.8 0.959179
913.9 0.959167
914.0 0.959155
914.1 0.959144
914.2 0.959132
914.3 0.95912
914.4 0.959108
914.5 0.959096
914.6 0.959084
914.7 0.959072
914.8 0.95906
914.9 0.959048
915.0 0.959036
915.1 0.959024
915.2 0.959013
915.3 0.959001
915.4 0.958989
915.5 0.958977
915.6 0.958965
915.7 0.958954
915.8 0.958942
915.9 0.95893
916.0 0.958918
916.1 0.958906
916.2 0.958894
916.3 0.958882
916.4 0.95887
916.5 0.958859
916.6 0.958847
916.7 0.958835
916.8 0.958823
916.9 0.958811
917.0 0.958799
917.1 0.958787
917.2 0.958775
917.3 0.958763
917.4 0.958751
917.5 0.958739
917.6 0.958727
917.7 0.958715
917.8 0.958703
917.9 0.958691
918.0 0.958679
918.1 0.958667
918.2 0.958655
918.3 0.958643
918.4 0.958631
918.5 0.958619
918.6 0.958607
918.7 0.958595
918.8 0.958583
918.9 0.958571
919.0 0.95856
919.1 0.958547
919.2 0.958535
919.3 0.958523
919.4 0.958511
919.5 0.958499
919.6 0.958487
919.7 0.958475
919.8 0.958463
919.9 0.95845
920.0 0.958438
920.1 0.958426
920.2 0.958414
920.3 0.958402
920.4 0.95839
920.5 0.958378
920.6 0.958366
920.7 0.958354
920.8 0.958342
920.9 0.95833
921.0 0.958318
921.1 0.958306
921.2 0.958294
921.3 0.958282
921.4 0.95827
921.5 0.958257
921.6 0.958245
921.7 0.958233
921.8 0.958221
921.9 0.958209
922.0 0.958197
922.1 0.958185
922.2 0.958173
922.3 0.958161
922.4 0.958148
922.5 0.958136
922.6 0.958124
922.7 0.958112
922.8 0.9581
922.9 0.958088
923.0 0.958076
923.1 0.958064
923.2 0.958051
923.3 0.958039
923.4 0.958027
923.5 0.958015
923.6 0.958003
923.7 0.957991
923.8 0.957979
923.9 0.957967
924.0 0.957954
924.1 0.957942
924.2 0.95793
924.3 0.957918
924.4 0.957906
924.5 0.957893
924.6 0.957881
924.7 0.957869
924.8 0.957857
924.9 0.957844
925.0 0.957832
925.1 0.95782
925.2 0.957808
925.3 0.957796
925.4 0.957783
925.5 0.957771
925.6 0.957759
925.7 0.957747
925.8 0.957735
925.9 0.957722
926.0 0.95771
926.1 0.957698
926.2 0.957686
926.3 0.957673
926.4 0.957661
926.5 0.957649
926.6 0.957637
926.7 0.957625
926.8 0.957612
926.9 0.9576
927.0 0.957588
927.1 0.957576
927.2 0.957563
927.3 0.957551
927.4 0.957539
927.5 0.957526
927.6 0.957514
927.7 0.957502
927.8 0.957489
927.9 0.957477
928.0 0.957465
928.1 0.957452
928.2 0.95744
928.3 0.957428
928.4 0.957415
928.5 0.957403
928.6 0.957391
928.7 0.957378
928.8 0.957366
928.9 0.957354
929.0 0.957341
929.1 0.957329
929.2 0.957317
929.3 0.957304
929.4 0.957292
929.5 0.957279
929.6 0.957267
929.7 0.957254
929.8 0.957242
929.9 0.95723
930.0 0.957217
930.1 0.957205
930.2 0.957192
930.3 0.95718
930.4 0.957167
930.5 0.957155
930.6 0.957143
930.7 0.95713
930.8 0.957118
930.9 0.957105
931.0 0.957093
931.1 0.95708
931.2 0.957068
931.3 0.957056
931.4 0.957043
931.5 0.957031
931.6 0.957018
931.7 0.957006
931.8 0.956994
931.9 0.956981
932.0 0.956969
932.1 0.956956
932.2 0.956944
932.3 0.956931
932.4 0.956919
932.5 0.956907
932.6 0.956894
932.7 0.956882
932.8 0.956869
932.9 0.956857
933.0 0.956844
933.1 0.956832
933.2 0.956819
933.3 0.956807
933.4 0.956794
933.5 0.956782
933.6 0.956769
933.7 0.956757
933.8 0.956744
933.9 0.956732
934.0 0.956719
934.1 0.956707
934.2 0.956694
934.3 0.956682
934.4 0.956669
934.5 0.956657
934.6 0.956644
934.7 0.956632
934.8 0.956619
934.9 0.956607
935.0 0.956594
935.1 0.956581
935.2 0.956569
935.3 0.956556
935.4 0.956544
935.5 0.956531
935.6 0.956518
935.7 0.956506
935.8 0.956493
935.9 0.95648
936.0 0.956468
936.1 0.956455
936.2 0.956443
936.3 0.95643
936.4 0.956417
936.5 0.956405
936.6 0.956392
936.7 0.956379
936.8 0.956367
936.9 0.956354
937.0 0.956342
937.1 0.956329
937.2 0.956316
937.3 0.956304
937.4 0.956291
937.5 0.956278
937.6 0.956266
937.7 0.956253
937.8 0.956241
937.9 0.956228
938.0 0.956215
938.1 0.956203
938.2 0.95619
938.3 0.956177
938.4 0.956164
938.5 0.956152
938.6 0.956139
938.7 0.956126
938.8 0.956113
938.9 0.956101
939.0 0.956088
939.1 0.956075
939.2 0.956063
939.3 0.95605
939.4 0.956037
939.5 0.956024
939.6 0.956012
939.7 0.955999
939.8 0.955986
939.9 0.955973
940.0 0.955961
940.1 0.955948
940.2 0.955935
940.3 0.955923
940.4 0.95591
940.5 0.955897
940.6 0.955884
940.7 0.955872
940.8 0.955859
940.9 0.955846
941.0 0.955834
941.1 0.955821
941.2 0.955808
941.3 0.955795
941.4 0.955782
941.5 0.955769
941.6 0.955757
941.7 0.955744
941.8 0.955731
941.9 0.955718
942.0 0.955705
942.1 0.955692
942.2 0.95568
942.3 0.955667
942.4 0.955654
942.5 0.955641
942.6 0.955628
942.7 0.955616
942.8 0.955603
942.9 0.95559
943.0 0.955577
943.1 0.955564
943.2 0.955551
943.3 0.955538
943.4 0.955525
943.5 0.955512
943.6 0.955499
943.7 0.955487
943.8 0.955474
943.9 0.955461
944.0 0.955448
944.1 0.955435
944.2 0.955422
944.3 0.955409
944.4 0.955396
944.5 0.955384
944.6 0.955371
944.7 0.955358
944.8 0.955345
944.9 0.955332
945.0 0.95532
945.1 0.955307
945.2 0.955293
945.3 0.95528
945.4 0.955267
945.5 0.955254
945.6 0.955241
945.7 0.955228
945.8 0.955215
945.9 0.955202
946.0 0.955189
946.1 0.955176
946.2 0.955163
946.3 0.95515
946.4 0.955138
946.5 0.955125
946.6 0.955112
946.7 0.955099
946.8 0.955086
946.9 0.955073
947.0 0.95506
947.1 0.955047
947.2 0.955034
947.3 0.955021
947.4 0.955008
947.5 0.954995
947.6 0.954982
947.7 0.954969
947.8 0.954956
947.9 0.954943
948.0 0.95493
948.1 0.954917
948.2 0.954904
948.3 0.954891
948.4 0.954878
948.5 0.954865
948.6 0.954852
948.7 0.954839
948.8 0.954826
948.9 0.954813
949.0 0.9548
949.1 0.954786
949.2 0.954773
949.3 0.95476
949.4 0.954747
949.5 0.954734
949.6 0.954721
949.7 0.954708
949.8 0.954694
949.9 0.954681
950.0 0.954668
950.1 0.954655
950.2 0.954642
950.3 0.954629
950.4 0.954616
950.5 0.954603
950.6 0.954589
950.7 0.954576
950.8 0.954563
950.9 0.95455
951.0 0.954537
951.1 0.954524
951.2 0.954511
951.3 0.954498
951.4 0.954484
951.5 0.954471
951.6 0.954458
951.7 0.954445
951.8 0.954432
951.9 0.954419
952.0 0.954406
952.1 0.954393
952.2 0.954379
952.3 0.954366
952.4 0.954353
952.5 0.95434
952.6 0.954326
952.7 0.954313
952.8 0.9543
952.9 0.954287
953.0 0.954273
953.1 0.95426
953.2 0.954247
953.3 0.954234
953.4 0.954221
953.5 0.954207
953.6 0.954194
953.7 0.954181
953.8 0.954168
953.9 0.954154
954.0 0.954141
954.1 0.954128
954.2 0.954115
954.3 0.954101
954.4 0.954088
954.5 0.954075
954.6 0.954061
954.7 0.954048
954.8 0.954035
954.9 0.954021
955.0 0.954008
955.1 0.953995
955.2 0.953981
955.3 0.953968
955.4 0.953955
955.5 0.953941
955.6 0.953928
955.7 0.953915
955.8 0.953901
955.9 0.953888
956.0 0.953875
956.1 0.953861
956.2 0.953848
956.3 0.953835
956.4 0.953821
956.5 0.953808
956.6 0.953795
956.7 0.953781
956.8 0.953768
956.9 0.953755
957.0 0.953741
957.1 0.953728
957.2 0.953715
957.3 0.953701
957.4 0.953688
957.5 0.953674
957.6 0.953661
957.7 0.953647
957.8 0.953634
957.9 0.953621
958.0 0.953607
958.1 0.953594
958.2 0.95358
958.3 0.953567
958.4 0.953553
958.5 0.95354
958.6 0.953527
958.7 0.953513
958.8 0.9535
958.9 0.953486
959.0 0.953473
959.1 0.953459
959.2 0.953446
959.3 0.953433
959.4 0.953419
959.5 0.953406
959.6 0.953392
959.7 0.953379
959.8 0.953365
959.9 0.953352
960.0 0.953339
960.1 0.953325
960.2 0.953312
960.3 0.953298
960.4 0.953285
960.5 0.953271
960.6 0.953257
960.7 0.953244
960.8 0.95323
960.9 0.953217
961.0 0.953203
961.1 0.95319
961.2 0.953176
961.3 0.953163
961.4 0.953149
961.5 0.953136
961.6 0.953122
961.7 0.953109
961.8 0.953095
961.9 0.953082
962.0 0.953068
962.1 0.953055
962.2 0.953041
962.3 0.953028
962.4 0.953014
962.5 0.953001
962.6 0.952987
962.7 0.952973
962.8 0.95296
962.9 0.952946
963.0 0.952933
963.1 0.952919
963.2 0.952906
963.3 0.952892
963.4 0.952878
963.5 0.952865
963.6 0.952851
963.7 0.952838
963.8 0.952824
963.9 0.95281
964.0 0.952797
964.1 0.952783
964.2 0.952769
964.3 0.952755
964.4 0.952742
964.5 0.952728
964.6 0.952714
964.7 0.952701
964.8 0.952687
964.9 0.952673
965.0 0.952659
965.1 0.952646
965.2 0.952632
965.3 0.952618
965.4 0.952605
965.5 0.952591
965.6 0.952578
965.7 0.952564
965.8 0.95255
965.9 0.952537
966.0 0.952523
966.1 0.952509
966.2 0.952496
966.3 0.952482
966.4 0.952468
966.5 0.952454
966.6 0.952441
966.7 0.952427
966.8 0.952413
966.9 0.9524
967.0 0.952386
967.1 0.952372
967.2 0.952358
967.3 0.952344
967.4 0.952331
967.5 0.952317
967.6 0.952303
967.7 0.952289
967.8 0.952275
967.9 0.952261
968.0 0.952248
968.1 0.952234
968.2 0.95222
968.3 0.952206
968.4 0.952192
968.5 0.952178
968.6 0.952165
968.7 0.952151
968.8 0.952137
968.9 0.952123
969.0 0.952109
969.1 0.952096
969.2 0.952082
969.3 0.952068
969.4 0.952054
969.5 0.95204
969.6 0.952026
969.7 0.952013
969.8 0.951999
969.9 0.951985
970.0 0.951971
970.1 0.951957
970.2 0.951943
970.3 0.951929
970.4 0.951915
970.5 0.951901
970.6 0.951888
970.7 0.951874
970.8 0.95186
970.9 0.951846
971.0 0.951832
971.1 0.951818
971.2 0.951804
971.3 0.95179
971.4 0.951776
971.5 0.951762
971.6 0.951748
971.7 0.951734
971.8 0.95172
971.9 0.951707
972.0 0.951693
972.1 0.951679
972.2 0.951665
972.3 0.951651
972.4 0.951637
972.5 0.951623
972.6 0.951609
972.7 0.951595
972.8 0.951581
972.9 0.951567
973.0 0.951553
973.1 0.951539
973.2 0.951525
973.3 0.951511
973.4 0.951497
973.5 0.951483
973.6 0.951469
973.7 0.951455
973.8 0.951441
973.9 0.951427
974.0 0.951413
974.1 0.951399
974.2 0.951385
974.3 0.951371
974.4 0.951357
974.5 0.951343
974.6 0.951329
974.7 0.951315
974.8 0.951301
974.9 0.951287
975.0 0.951273
975.1 0.951259
975.2 0.951245
975.3 0.951231
975.4 0.951216
975.5 0.951202
975.6 0.951188
975.7 0.951174
975.8 0.95116
975.9 0.951146
976.0 0.951132
976.1 0.951118
976.2 0.951103
976.3 0.951089
976.4 0.951075
976.5 0.951061
976.6 0.951047
976.7 0.951033
976.8 0.951019
976.9 0.951005
977.0 0.95099
977.1 0.950976
977.2 0.950962
977.3 0.950948
977.4 0.950934
977.5 0.95092
977.6 0.950906
977.7 0.950892
977.8 0.950877
977.9 0.950863
978.0 0.950849
978.1 0.950835
978.2 0.950821
978.3 0.950807
978.4 0.950792
978.5 0.950778
978.6 0.950764
978.7 0.95075
978.8 0.950735
978.9 0.950721
979.0 0.950707
979.1 0.950693
979.2 0.950679
979.3 0.950664
979.4 0.95065
979.5 0.950636
979.6 0.950622
979.7 0.950607
979.8 0.950593
979.9 0.950579
980.0 0.950565
980.1 0.95055
980.2 0.950536
980.3 0.950522
980.4 0.950507
980.5 0.950493
980.6 0.950479
980.7 0.950464
980.8 0.95045
980.9 0.950436
981.0 0.950422
981.1 0.950407
981.2 0.950393
981.3 0.950379
981.4 0.950364
981.5 0.95035
981.6 0.950336
981.7 0.950321
981.8 0.950307
981.9 0.950293
982.0 0.950278
982.1 0.950264
982.2 0.95025
982.3 0.950235
982.4 0.950221
982.5 0.950207
982.6 0.950192
982.7 0.950178
982.8 0.950164
982.9 0.950149
983.0 0.950135
983.1 0.950121
983.2 0.950106
983.3 0.950092
983.4 0.950077
983.5 0.950063
983.6 0.950049
983.7 0.950034
983.8 0.95002
983.9 0.950005
984.0 0.949991
984.1 0.949976
984.2 0.949962
984.3 0.949948
984.4 0.949933
984.5 0.949919
984.6 0.949904
984.7 0.94989
984.8 0.949876
984.9 0.949861
985.0 0.949847
985.1 0.949832
985.2 0.949818
985.3 0.949803
985.4 0.949789
985.5 0.949774
985.6 0.94976
985.7 0.949745
985.8 0.949731
985.9 0.949716
986.0 0.949701
986.1 0.949687
986.2 0.949672
986.3 0.949658
986.4 0.949643
986.5 0.949629
986.6 0.949614
986.7 0.9496
986.8 0.949585
986.9 0.949571
987.0 0.949556
987.1 0.949542
987.2 0.949527
987.3 0.949512
987.4 0.949498
987.5 0.949483
987.6 0.949469
987.7 0.949454
987.8 0.949439
987.9 0.949425
988.0 0.94941
988.1 0.949396
988.2 0.949381
988.3 0.949366
988.4 0.949352
988.5 0.949337
988.6 0.949323
988.7 0.949308
988.8 0.949294
988.9 0.949279
989.0 0.949265
989.1 0.94925
989.2 0.949235
989.3 0.949221
989.4 0.949206
989.5 0.949191
989.6 0.949177
989.7 0.949162
989.8 0.949147
989.9 0.949132
990.0 0.949118
990.1 0.949103
990.2 0.949088
990.3 0.949074
990.4 0.949059
990.5 0.949045
990.6 0.94903
990.7 0.949015
990.8 0.949001
990.9 0.948986
991.0 0.948972
991.1 0.948957
991.2 0.948942
991.3 0.948927
991.4 0.948912
991.5 0.948897
991.6 0.948883
991.7 0.948868
991.8 0.948853
991.9 0.948838
992.0 0.948823
992.1 0.948809
992.2 0.948794
992.3 0.948779
992.4 0.948764
992.5 0.94875
992.6 0.948735
992.7 0.94872
992.8 0.948706
992.9 0.948691
993.0 0.948676
993.1 0.948661
993.2 0.948647
993.3 0.948632
993.4 0.948617
993.5 0.948602
993.6 0.948587
993.7 0.948572
993.8 0.948558
993.9 0.948543
994.0 0.948528
994.1 0.948513
994.2 0.948498
994.3 0.948483
994.4 0.948468
994.5 0.948453
994.6 0.948438
994.7 0.948424
994.8 0.948409
994.9 0.948394
995.0 0.948379
995.1 0.948364
995.2 0.948349
995.3 0.948334
995.4 0.94832
995.5 0.948305
995.6 0.94829
995.7 0.948275
995.8 0.94826
995.9 0.948245
996.0 0.948231
996.1 0.948216
996.2 0.948201
996.3 0.948186
996.4 0.948171
996.5 0.948156
996.6 0.948141
996.7 0.948126
996.8 0.948111
996.9 0.948095
997.0 0.94808
997.1 0.948066
997.2 0.948051
997.3 0.948036
997.4 0.948021
997.5 0.948006
997.6 0.947991
997.7 0.947976
997.8 0.947961
997.9 0.947946
998.0 0.947931
998.1 0.947916
998.2 0.947901
998.3 0.947886
998.4 0.947871
998.5 0.947856
998.6 0.947841
998.7 0.947826
998.8 0.947811
998.9 0.947796
999.0 0.947781
999.1 0.947781
999.2 0.947781
999.3 0.947781
999.4 0.947781
999.5 0.947781
999.6 0.947781
999.7 0.947781
999.8 0.947781
999.9 0.947781
1000.0 0.947781
1000.1 0.947781
1000.2 0.947781
1000.3 0.947781
1000.4 0.947781
1000.5 0.947781
1000.6 0.947781
1000.7 0.947781
1000.8 0.947781
1000.9 0.947781
1001.0 0.947781
1001.1 0.947781
1001.2 0.947781
1001.3 0.947781
1001.4 0.947781
1001.5 0.947781
1001.6 0.947781
1001.7 0.947781
1001.8 0.947781
1001.9 0.947781
1002.0 0.947781
1002.1 0.947781
1002.2 0.947781
1002.3 0.947781
1002.4 0.947781
1002.5 0.947781
1002.6 0.947781
1002.7 0.947781
1002.8 0.947781
1002.9 0.947781
1003.0 0.947781
1003.1 0.947781
1003.2 0.947781
1003.3 0.947781
1003.4 0.947781
1003.5 0.947781
1003.6 0.947781
1003.7 0.947781
1003.8 0.947781
1003.9 0.947781
1004.0 0.947781
1004.1 0.947781
1004.2 0.947781
1004.3 0.947781
1004.4 0.947781
1004.5 0.947781
1004.6 0.947781
1004.7 0.947781
1004.8 0.947781
1004.9 0.947781
1005.0 0.947781
1005.1 0.947781
1005.2 0.947781
1005.3 0.947781
1005.4 0.947781
1005.5 0.947781
1005.6 0.947781
1005.7 0.947781
1005.8 0.947781
1005.9 0.947781
1006.0 0.947781
1006.1 0.947781
1006.2 0.947781
1006.3 0.947781
1006.4 0.947781
1006.5 0.947781
1006.6 0.947781
1006.7 0.947781
1006.8 0.947781
1006.9 0.947781
1007.0 0.947781
1007.1 0.947781
1007.2 0.947781
1007.3 0.947781
1007.4 0.947781
1007.5 0.947781
1007.6 0.947781
1007.7 0.947781
1007.8 0.947781
1007.9 0.947781
1008.0 0.947781
1008.1 0.947781
1008.2 0.947781
1008.3 0.947781
1008.4 0.947781
1008.5 0.947781
1008.6 0.947781
1008.7 0.947781
1008.8 0.947781
1008.9 0.947781
1009.0 0.947781
1009.1 0.947781
1009.2 0.947781
1009.3 0.947781
1009.4 0.947781
1009.5 0.947781
1009.6 0.947781
1009.7 0.947781
1009.8 0.947781
1009.9 0.947781
1010.0 0.947781
1010.1 0.947781
1010.2 0.947781
1010.3 0.947781
1010.4 0.947781
1010.5 0.947781
1010.6 0.947781
1010.7 0.947781
1010.8 0.947781
1010.9 0.947781
1011.0 0.947781
1011.1 0.947781
1011.2 0.947781
1011.3 0.947781
1011.4 0.947781
1011.5 0.947781
1011.6 0.947781
1011.7 0.947781
1011.8 0.947781
1011.9 0.947781
1012.0 0.947781
1012.1 0.947781
1012.2 0.947781
1012.3 0.947781
1012.4 0.947781
1012.5 0.947781
1012.6 0.947781
1012.7 0.947781
1012.8 0.947781
1012.9 0.947781
1013.0 0.947781
1013.1 0.947781
1013.2 0.947781
1013.3 0.947781
1013.4 0.947781
1013.5 0.947781
1013.6 0.947781
1013.7 0.947781
1013.8 0.947781
1013.9 0.947781
1014.0 0.947781
1014.1 0.947781
1014.2 0.947781
1014.3 0.947781
1014.4 0.947781
1014.5 0.947781
1014.6 0.947781
1014.7 0.947781
1014.8 0.947781
1014.9 0.947781
1015.0 0.947781
1015.1 0.947781
1015.2 0.947781
1015.3 0.947781
1015.4 0.947781
1015.5 0.947781
1015.6 0.947781
1015.7 0.947781
1015.8 0.947781
1015.9 0.947781
1016.0 0.947781
1016.1 0.947781
1016.2 0.947781
1016.3 0.947781
1016.4 0.947781
1016.5 0.947781
1016.6 0.947781
1016.7 0.947781
1016.8 0.947781
1016.9 0.947781
1017.0 0.947781
1017.1 0.947781
1017.2 0.947781
1017.3 0.947781
1017.4 0.947781
1017.5 0.947781
1017.6 0.947781
1017.7 0.947781
1017.8 0.947781
1017.9 0.947781
1018.0 0.947781
1018.1 0.947781
1018.2 0.947781
1018.3 0.947781
1018.4 0.947781
1018.5 0.947781
1018.6 0.947781
1018.7 0.947781
1018.8 0.947781
1018.9 0.947781
1019.0 0.947781
1019.1 0.947781
1019.2 0.947781
1019.3 0.947781
1019.4 0.947781
1019.5 0.947781
1019.6 0.947781
1019.7 0.947781
1019.8 0.947781
1019.9 0.947781
1020.0 0.947781
1020.1 0.947781
1020.2 0.947781
1020.3 0.947781
1020.4 0.947781
1020.5 0.947781
1020.6 0.947781
1020.7 0.947781
1020.8 0.947781
1020.9 0.947781
1021.0 0.947781
1021.1 0.947781
1021.2 0.947781
1021.3 0.947781
1021.4 0.947781
1021.5 0.947781
1021.6 0.947781
1021.7 0.947781
1021.8 0.947781
1021.9 0.947781
1022.0 0.947781
1022.1 0.947781
1022.2 0.947781
1022.3 0.947781
1022.4 0.947781
1022.5 0.947781
1022.6 0.947781
1022.7 0.947781
1022.8 0.947781
1022.9 0.947781
1023.0 0.947781
1023.1 0.947781
1023.2 0.947781
1023.3 0.947781
1023.4 0.947781
1023.5 0.947781
1023.6 0.947781
1023.7 0.947781
1023.8 0.947781
1023.9 0.947781
1024.0 0.947781
1024.1 0.947781
1024.2 0.947781
1024.3 0.947781
1024.4 0.947781
1024.5 0.947781
1024.6 0.947781
1024.7 0.947781
1024.8 0.947781
1024.9 0.947781
1025.0 0.947781
1025.1 0.947781
1025.2 0.947781
1025.3 0.947781
1025.4 0.947781
1025.5 0.947781
1025.6 0.947781
1025.7 0.947781
1025.8 0.947781
1025.9 0.947781
1026.0 0.947781
1026.1 0.947781
1026.2 0.947781
1026.3 0.947781
1026.4 0.947781
1026.5 0.947781
1026.6 0.947781
1026.7 0.947781
1026.8 0.947781
1026.9 0.947781
1027.0 0.947781
1027.1 0.947781
1027.2 0.947781
1027.3 0.947781
1027.4 0.947781
1027.5 0.947781
1027.6 0.947781
1027.7 0.947781
1027.8 0.947781
1027.9 0.947781
1028.0 0.947781
1028.1 0.947781
1028.2 0.947781
1028.3 0.947781
1028.4 0.947781
1028.5 0.947781
1028.6 0.947781
1028.7 0.947781
1028.8 0.947781
1028.9 0.947781
1029.0 0.947781
1029.1 0.947781
1029.2 0.947781
1029.3 0.947781
1029.4 0.947781
1029.5 0.947781
1029.6 0.947781
1029.7 0.947781
1029.8 0.947781
1029.9 0.947781
1030.0 0.947781
1030.1 0.947781
1030.2 0.947781
1030.3 0.947781
1030.4 0.947781
1030.5 0.947781
1030.6 0.947781
1030.7 0.947781
1030.8 0.947781
1030.9 0.947781
1031.0 0.947781
1031.1 0.947781
1031.2 0.947781
1031.3 0.947781
1031.4 0.947781
1031.5 0.947781
1031.6 0.947781
1031.7 0.947781
1031.8 0.947781
1031.9 0.947781
1032.0 0.947781
1032.1 0.947781
1032.2 0.947781
1032.3 0.947781
1032.4 0.947781
1032.5 0.947781
1032.6 0.947781
1032.7 0.947781
1032.8 0.947781
1032.9 0.947781
1033.0 0.947781
1033.1 0.947781
1033.2 0.947781
1033.3 0.947781
1033.4 0.947781
1033.5 0.947781
1033.6 0.947781
1033.7 0.947781
1033.8 0.947781
1033.9 0.947781
1034.0 0.947781
1034.1 0.947781
1034.2 0.947781
1034.3 0.947781
1034.4 0.947781
1034.5 0.947781
1034.6 0.947781
1034.7 0.947781
1034.8 0.947781
1034.9 0.947781
1035.0 0.947781
1035.1 0.947781
1035.2 0.947781
1035.3 0.947781
1035.4 0.947781
1035.5 0.947781
1035.6 0.947781
1035.7 0.947781
1035.8 0.947781
1035.9 0.947781
1036.0 0.947781
1036.1 0.947781
1036.2 0.947781
1036.3 0.947781
1036.4 0.947781
1036.5 0.947781
1036.6 0.947781
1036.7 0.947781
1036.8 0.947781
1036.9 0.947781
1037.0 0.947781
1037.1 0.947781
1037.2 0.947781
1037.3 0.947781
1037.4 0.947781
1037.5 0.947781
1037.6 0.947781
1037.7 0.947781
1037.8 0.947781
1037.9 0.947781
1038.0 0.947781
1038.1 0.947781
1038.2 0.947781
1038.3 0.947781
1038.4 0.947781
1038.5 0.947781
1038.6 0.947781
1038.7 0.947781
1038.8 0.947781
1038.9 0.947781
1039.0 0.947781
1039.1 0.947781
1039.2 0.947781
1039.3 0.947781
1039.4 0.947781
1039.5 0.947781
1039.6 0.947781
1039.7 0.947781
1039.8 0.947781
1039.9 0.947781
1040.0 0.947781
1040.1 0.947781
1040.2 0.947781
1040.3 0.947781
1040.4 0.947781
1040.5 0.947781
1040.6 0.947781
1040.7 0.947781
1040.8 0.947781
1040.9 0.947781
1041.0 0.947781
1041.1 0.947781
1041.2 0.947781
1041.3 0.947781
1041.4 0.947781
1041.5 0.947781
1041.6 0.947781
1041.7 0.947781
1041.8 0.947781
1041.9 0.947781
1042.0 0.947781
1042.1 0.947781
1042.2 0.947781
1042.3 0.947781
1042.4 0.947781
1042.5 0.947781
1042.6 0.947781
1042.7 0.947781
1042.8 0.947781
1042.9 0.947781
1043.0 0.947781
1043.1 0.947781
1043.2 0.947781
1043.3 0.947781
1043.4 0.947781
1043.5 0.947781
1043.6 0.947781
1043.7 0.947781
1043.8 0.947781
1043.9 0.947781
1044.0 0.947781
1044.1 0.947781
1044.2 0.947781
1044.3 0.947781
1044.4 0.947781
1044.5 0.947781
1044.6 0.947781
1044.7 0.947781
1044.8 0.947781
1044.9 0.947781
1045.0 0.947781
1045.1 0.947781
1045.2 0.947781
1045.3 0.947781
1045.4 0.947781
1045.5 0.947781
1045.6 0.947781
1045.7 0.947781
1045.8 0.947781
1045.9 0.947781
1046.0 0.947781
1046.1 0.947781
1046.2 0.947781
1046.3 0.947781
1046.4 0.947781
1046.5 0.947781
1046.6 0.947781
1046.7 0.947781
1046.8 0.947781
1046.9 0.947781
1047.0 0.947781
1047.1 0.947781
1047.2 0.947781
1047.3 0.947781
1047.4 0.947781
1047.5 0.947781
1047.6 0.947781
1047.7 0.947781
1047.8 0.947781
1047.9 0.947781
1048.0 0.947781
1048.1 0.947781
1048.2 0.947781
1048.3 0.947781
1048.4 0.947781
1048.5 0.947781
1048.6 0.947781
1048.7 0.947781
1048.8 0.947781
1048.9 0.947781
1049.0 0.947781
1049.1 0.947781
1049.2 0.947781
1049.3 0.947781
1049.4 0.947781
1049.5 0.947781
1049.6 0.947781
1049.7 0.947781
1049.8 0.947781
1049.9 0.947781
1050.0 0.947781
1050.1 0.947781
1050.2 0.947781
1050.3 0.947781
1050.4 0.947781
1050.5 0.947781
1050.6 0.947781
1050.7 0.947781
1050.8 0.947781
1050.9 0.947781
1051.0 0.947781
1051.1 0.947781
1051.2 0.947781
1051.3 0.947781
1051.4 0.947781
1051.5 0.947781
1051.6 0.947781
1051.7 0.947781
1051.8 0.947781
1051.9 0.947781
1052.0 0.947781
1052.1 0.947781
1052.2 0.947781
1052.3 0.947781
1052.4 0.947781
1052.5 0.947781
1052.6 0.947781
1052.7 0.947781
1052.8 0.947781
1052.9 0.947781
1053.0 0.947781
1053.1 0.947781
1053.2 0.947781
1053.3 0.947781
1053.4 0.947781
1053.5 0.947781
1053.6 0.947781
1053.7 0.947781
1053.8 0.947781
1053.9 0.947781
1054.0 0.947781
1054.1 0.947781
1054.2 0.947781
1054.3 0.947781
1054.4 0.947781
1054.5 0.947781
1054.6 0.947781
1054.7 0.947781
1054.8 0.947781
1054.9 0.947781
1055.0 0.947781
1055.1 0.947781
1055.2 0.947781
1055.3 0.947781
1055.4 0.947781
1055.5 0.947781
1055.6 0.947781
1055.7 0.947781
1055.8 0.947781
1055.9 0.947781
1056.0 0.947781
1056.1 0.947781
1056.2 0.947781
1056.3 0.947781
1056.4 0.947781
1056.5 0.947781
1056.6 0.947781
1056.7 0.947781
1056.8 0.947781
1056.9 0.947781
1057.0 0.947781
1057.1 0.947781
1057.2 0.947781
1057.3 0.947781
1057.4 0.947781
1057.5 0.947781
1057.6 0.947781
1057.7 0.947781
1057.8 0.947781
1057.9 0.947781
1058.0 0.947781
1058.1 0.947781
1058.2 0.947781
1058.3 0.947781
1058.4 0.947781
1058.5 0.947781
1058.6 0.947781
1058.7 0.947781
1058.8 0.947781
1058.9 0.947781
1059.0 0.947781
1059.1 0.947781
1059.2 0.947781
1059.3 0.947781
1059.4 0.947781
1059.5 0.947781
1059.6 0.947781
1059.7 0.947781
1059.8 0.947781
1059.9 0.947781
1060.0 0.947781
1060.1 0.947781
1060.2 0.947781
1060.3 0.947781
1060.4 0.947781
1060.5 0.947781
1060.6 0.947781
1060.7 0.947781
1060.8 0.947781
1060.9 0.947781
1061.0 0.947781
1061.1 0.947781
1061.2 0.947781
1061.3 0.947781
1061.4 0.947781
1061.5 0.947781
1061.6 0.947781
1061.7 0.947781
1061.8 0.947781
1061.9 0.947781
1062.0 0.947781
1062.1 0.947781
1062.2 0.947781
1062.3 0.947781
1062.4 0.947781
1062.5 0.947781
1062.6 0.947781
1062.7 0.947781
1062.8 0.947781
1062.9 0.947781
1063.0 0.947781
1063.1 0.947781
1063.2 0.947781
1063.3 0.947781
1063.4 0.947781
1063.5 0.947781
1063.6 0.947781
1063.7 0.947781
1063.8 0.947781
1063.9 0.947781
1064.0 0.947781
1064.1 0.947781
1064.2 0.947781
1064.3 0.947781
1064.4 0.947781
1064.5 0.947781
1064.6 0.947781
1064.7 0.947781
1064.8 0.947781
1064.9 0.947781
1065.0 0.947781
1065.1 0.947781
1065.2 0.947781
1065.3 0.947781
1065.4 0.947781
1065.5 0.947781
1065.6 0.947781
1065.7 0.947781
1065.8 0.947781
1065.9 0.947781
1066.0 0.947781
1066.1 0.947781
1066.2 0.947781
1066.3 0.947781
1066.4 0.947781
1066.5 0.947781
1066.6 0.947781
1066.7 0.947781
1066.8 0.947781
1066.9 0.947781
1067.0 0.947781
1067.1 0.947781
1067.2 0.947781
1067.3 0.947781
1067.4 0.947781
1067.5 0.947781
1067.6 0.947781
1067.7 0.947781
1067.8 0.947781
1067.9 0.947781
1068.0 0.947781
1068.1 0.947781
1068.2 0.947781
1068.3 0.947781
1068.4 0.947781
1068.5 0.947781
1068.6 0.947781
1068.7 0.947781
1068.8 0.947781
1068.9 0.947781
1069.0 0.947781
1069.1 0.947781
1069.2 0.947781
1069.3 0.947781
1069.4 0.947781
1069.5 0.947781
1069.6 0.947781
1069.7 0.947781
1069.8 0.947781
1069.9 0.947781
1070.0 0.947781
1070.1 0.947781
1070.2 0.947781
1070.3 0.947781
1070.4 0.947781
1070.5 0.947781
1070.6 0.947781
1070.7 0.947781
1070.8 0.947781
1070.9 0.947781
1071.0 0.947781
1071.1 0.947781
1071.2 0.947781
1071.3 0.947781
1071.4 0.947781
1071.5 0.947781
1071.6 0.947781
1071.7 0.947781
1071.8 0.947781
1071.9 0.947781
1072.0 0.947781
1072.1 0.947781
1072.2 0.947781
1072.3 0.947781
1072.4 0.947781
1072.5 0.947781
1072.6 0.947781
1072.7 0.947781
1072.8 0.947781
1072.9 0.947781
1073.0 0.947781
1073.1 0.947781
1073.2 0.947781
1073.3 0.947781
1073.4 0.947781
1073.5 0.947781
1073.6 0.947781
1073.7 0.947781
1073.8 0.947781
1073.9 0.947781
1074.0 0.947781
1074.1 0.947781
1074.2 0.947781
1074.3 0.947781
1074.4 0.947781
1074.5 0.947781
1074.6 0.947781
1074.7 0.947781
1074.8 0.947781
1074.9 0.947781
1075.0 0.947781
1075.1 0.947781
1075.2 0.947781
1075.3 0.947781
1075.4 0.947781
1075.5 0.947781
1075.6 0.947781
1075.7 0.947781
1075.8 0.947781
1075.9 0.947781
1076.0 0.947781
1076.1 0.947781
1076.2 0.947781
1076.3 0.947781
1076.4 0.947781
1076.5 0.947781
1076.6 0.947781
1076.7 0.947781
1076.8 0.947781
1076.9 0.947781
1077.0 0.947781
1077.1 0.947781
1077.2 0.947781
1077.3 0.947781
1077.4 0.947781
1077.5 0.947781
1077.6 0.947781
1077.7 0.947781
1077.8 0.947781
1077.9 0.947781
1078.0 0.947781
1078.1 0.947781
1078.2 0.947781
1078.3 0.947781
1078.4 0.947781
1078.5 0.947781
1078.6 0.947781
1078.7 0.947781
1078.8 0.947781
1078.9 0.947781
1079.0 0.947781
1079.1 0.947781
1079.2 0.947781
1079.3 0.947781
1079.4 0.947781
1079.5 0.947781
1079.6 0.947781
1079.7 0.947781
1079.8 0.947781
1079.9 0.947781
1080.0 0.947781
1080.1 0.947781
1080.2 0.947781
1080.3 0.947781
1080.4 0.947781
1080.5 0.947781
1080.6 0.947781
1080.7 0.947781
1080.8 0.947781
1080.9 0.947781
1081.0 0.947781
1081.1 0.947781
1081.2 0.947781
1081.3 0.947781
1081.4 0.947781
1081.5 0.947781
1081.6 0.947781
1081.7 0.947781
1081.8 0.947781
1081.9 0.947781
1082.0 0.947781
1082.1 0.947781
1082.2 0.947781
1082.3 0.947781
1082.4 0.947781
1082.5 0.947781
1082.6 0.947781
1082.7 0.947781
1082.8 0.947781
1082.9 0.947781
1083.0 0.947781
1083.1 0.947781
1083.2 0.947781
1083.3 0.947781
1083.4 0.947781
1083.5 0.947781
1083.6 0.947781
1083.7 0.947781
1083.8 0.947781
1083.9 0.947781
1084.0 0.947781
1084.1 0.947781
1084.2 0.947781
1084.3 0.947781
1084.4 0.947781
1084.5 0.947781
1084.6 0.947781
1084.7 0.947781
1084.8 0.947781
1084.9 0.947781
1085.0 0.947781
1085.1 0.947781
1085.2 0.947781
1085.3 0.947781
1085.4 0.947781
1085.5 0.947781
1085.6 0.947781
1085.7 0.947781
1085.8 0.947781
1085.9 0.947781
1086.0 0.947781
1086.1 0.947781
1086.2 0.947781
1086.3 0.947781
1086.4 0.947781
1086.5 0.947781
1086.6 0.947781
1086.7 0.947781
1086.8 0.947781
1086.9 0.947781
1087.0 0.947781
1087.1 0.947781
1087.2 0.947781
1087.3 0.947781
1087.4 0.947781
1087.5 0.947781
1087.6 0.947781
1087.7 0.947781
1087.8 0.947781
1087.9 0.947781
1088.0 0.947781
1088.1 0.947781
1088.2 0.947781
1088.3 0.947781
1088.4 0.947781
1088.5 0.947781
1088.6 0.947781
1088.7 0.947781
1088.8 0.947781
1088.9 0.947781
1089.0 0.947781
1089.1 0.947781
1089.2 0.947781
1089.3 0.947781
1089.4 0.947781
1089.5 0.947781
1089.6 0.947781
1089.7 0.947781
1089.8 0.947781
1089.9 0.947781
1090.0 0.947781
1090.1 0.947781
1090.2 0.947781
1090.3 0.947781
1090.4 0.947781
1090.5 0.947781
1090.6 0.947781
1090.7 0.947781
1090.8 0.947781
1090.9 0.947781
1091.0 0.947781
1091.1 0.947781
1091.2 0.947781
1091.3 0.947781
1091.4 0.947781
1091.5 0.947781
1091.6 0.947781
1091.7 0.947781
1091.8 0.947781
1091.9 0.947781
1092.0 0.947781
1092.1 0.947781
1092.2 0.947781
1092.3 0.947781
1092.4 0.947781
1092.5 0.947781
1092.6 0.947781
1092.7 0.947781
1092.8 0.947781
1092.9 0.947781
1093.0 0.947781
1093.1 0.947781
1093.2 0.947781
1093.3 0.947781
1093.4 0.947781
1093.5 0.947781
1093.6 0.947781
1093.7 0.947781
1093.8 0.947781
1093.9 0.947781
1094.0 0.947781
1094.1 0.947781
1094.2 0.947781
1094.3 0.947781
1094.4 0.947781
1094.5 0.947781
1094.6 0.947781
1094.7 0.947781
1094.8 0.947781
1094.9 0.947781
1095.0 0.947781
1095.1 0.947781
1095.2 0.947781
1095.3 0.947781
1095.4 0.947781
1095.5 0.947781
1095.6 0.947781
1095.7 0.947781
1095.8 0.947781
1095.9 0.947781
1096.0 0.947781
1096.1 0.947781
1096.2 0.947781
1096.3 0.947781
1096.4 0.947781
1096.5 0.947781
1096.6 0.947781
1096.7 0.947781
1096.8 0.947781
1096.9 0.947781
1097.0 0.947781
1097.1 0.947781
1097.2 0.947781
1097.3 0.947781
1097.4 0.947781
1097.5 0.947781
1097.6 0.947781
1097.7 0.947781
1097.8 0.947781
1097.9 0.947781
1098.0 0.947781
1098.1 0.947781
1098.2 0.947781
1098.3 0.947781
1098.4 0.947781
1098.5 0.947781
1098.6 0.947781
1098.7 0.947781
1098.8 0.947781
1098.9 0.947781
1099.0 0.947781
1099.1 0.947781
1099.2 0.947781
1099.3 0.947781
1099.4 0.947781
1099.5 0.947781
1099.6 0.947781
1099.7 0.947781
1099.8 0.947781
1099.9 0.947781
1100.0 0.947781
1100.1 0.947781
1100.2 0.947781
1100.3 0.947781
1100.4 0.947781
1100.5 0.947781
1100.6 0.947781
1100.7 0.947781
1100.8 0.947781
1100.9 0.947781
1101.0 0.947781
1101.1 0.947781
1101.2 0.947781
1101.3 0.947781
1101.4 0.947781
1101.5 0.947781
1101.6 0.947781
1101.7 0.947781
1101.8 0.947781
1101.9 0.947781
1102.0 0.947781
1102.1 0.947781
1102.2 0.947781
1102.3 0.947781
1102.4 0.947781
1102.5 0.947781
1102.6 0.947781
1102.7 0.947781
1102.8 0.947781
1102.9 0.947781
1103.0 0.947781
1103.1 0.947781
1103.2 0.947781
1103.3 0.947781
1103.4 0.947781
1103.5 0.947781
1103.6 0.947781
1103.7 0.947781
1103.8 0.947781
1103.9 0.947781
1104.0 0.947781
1104.1 0.947781
1104.2 0.947781
1104.3 0.947781
1104.4 0.947781
1104.5 0.947781
1104.6 0.947781
1104.7 0.947781
1104.8 0.947781
1104.9 0.947781
1105.0 0.947781
1105.1 0.947781
1105.2 0.947781
1105.3 0.947781
1105.4 0.947781
1105.5 0.947781
1105.6 0.947781
1105.7 0.947781
1105.8 0.947781
1105.9 0.947781
1106.0 0.947781
1106.1 0.947781
1106.2 0.947781
1106.3 0.947781
1106.4 0.947781
1106.5 0.947781
1106.6 0.947781
1106.7 0.947781
1106.8 0.947781
1106.9 0.947781
1107.0 0.947781
1107.1 0.947781
1107.2 0.947781
1107.3 0.947781
1107.4 0.947781
1107.5 0.947781
1107.6 0.947781
1107.7 0.947781
1107.8 0.947781
1107.9 0.947781
1108.0 0.947781
1108.1 0.947781
1108.2 0.947781
1108.3 0.947781
1108.4 0.947781
1108.5 0.947781
1108.6 0.947781
1108.7 0.947781
1108.8 0.947781
1108.9 0.947781
1109.0 0.947781
1109.1 0.947781
1109.2 0.947781
1109.3 0.947781
1109.4 0.947781
1109.5 0.947781
1109.6 0.947781
1109.7 0.947781
1109.8 0.947781
1109.9 0.947781
1110.0 0.947781
1110.1 0.947781
1110.2 0.947781
1110.3 0.947781
1110.4 0.947781
1110.5 0.947781
1110.6 0.947781
1110.7 0.947781
1110.8 0.947781
1110.9 0.947781
1111.0 0.947781
1111.1 0.947781
1111.2 0.947781
1111.3 0.947781
1111.4 0.947781
1111.5 0.947781
1111.6 0.947781
1111.7 0.947781
1111.8 0.947781
1111.9 0.947781
1112.0 0.947781
1112.1 0.947781
1112.2 0.947781
1112.3 0.947781
1112.4 0.947781
1112.5 0.947781
1112.6 0.947781
1112.7 0.947781
1112.8 0.947781
1112.9 0.947781
1113.0 0.947781
1113.1 0.947781
1113.2 0.947781
1113.3 0.947781
1113.4 0.947781
1113.5 0.947781
1113.6 0.947781
1113.7 0.947781
1113.8 0.947781
1113.9 0.947781
1114.0 0.947781
1114.1 0.947781
1114.2 0.947781
1114.3 0.947781
1114.4 0.947781
1114.5 0.947781
1114.6 0.947781
1114.7 0.947781
1114.8 0.947781
1114.9 0.947781
1115.0 0.947781
1115.1 0.947781
1115.2 0.947781
1115.3 0.947781
1115.4 0.947781
1115.5 0.947781
1115.6 0.947781
1115.7 0.947781
1115.8 0.947781
1115.9 0.947781
1116.0 0.947781
1116.1 0.947781
1116.2 0.947781
1116.3 0.947781
1116.4 0.947781
1116.5 0.947781
1116.6 0.947781
1116.7 0.947781
1116.8 0.947781
1116.9 0.947781
1117.0 0.947781
1117.1 0.947781
1117.2 0.947781
1117.3 0.947781
1117.4 0.947781
1117.5 0.947781
1117.6 0.947781
1117.7 0.947781
1117.8 0.947781
1117.9 0.947781
1118.0 0.947781
1118.1 0.947781
1118.2 0.947781
1118.3 0.947781
1118.4 0.947781
1118.5 0.947781
1118.6 0.947781
1118.7 0.947781
1118.8 0.947781
1118.9 0.947781
1119.0 0.947781
1119.1 0.947781
1119.2 0.947781
1119.3 0.947781
1119.4 0.947781
1119.5 0.947781
1119.6 0.947781
1119.7 0.947781
1119.8 0.947781
1119.9 0.947781
1120.0 0.947781
1120.1 0.947781
1120.2 0.947781
1120.3 0.947781
1120.4 0.947781
1120.5 0.947781
1120.6 0.947781
1120.7 0.947781
1120.8 0.947781
1120.9 0.947781
1121.0 0.947781
1121.1 0.947781
1121.2 0.947781
1121.3 0.947781
1121.4 0.947781
1121.5 0.947781
1121.6 0.947781
1121.7 0.947781
1121.8 0.947781
1121.9 0.947781
1122.0 0.947781
1122.1 0.947781
1122.2 0.947781
1122.3 0.947781
1122.4 0.947781
1122.5 0.947781
1122.6 0.947781
1122.7 0.947781
1122.8 0.947781
1122.9 0.947781
1123.0 0.947781
1123.1 0.947781
1123.2 0.947781
1123.3 0.947781
1123.4 0.947781
1123.5 0.947781
1123.6 0.947781
1123.7 0.947781
1123.8 0.947781
1123.9 0.947781
1124.0 0.947781
1124.1 0.947781
1124.2 0.947781
1124.3 0.947781
1124.4 0.947781
1124.5 0.947781
1124.6 0.947781
1124.7 0.947781
1124.8 0.947781
1124.9 0.947781
1125.0 0.947781
1125.1 0.947781
1125.2 0.947781
1125.3 0.947781
1125.4 0.947781
1125.5 0.947781
1125.6 0.947781
1125.7 0.947781
1125.8 0.947781
1125.9 0.947781
1126.0 0.947781
1126.1 0.947781
1126.2 0.947781
1126.3 0.947781
1126.4 0.947781
1126.5 0.947781
1126.6 0.947781
1126.7 0.947781
1126.8 0.947781
1126.9 0.947781
1127.0 0.947781
1127.1 0.947781
1127.2 0.947781
1127.3 0.947781
1127.4 0.947781
1127.5 0.947781
1127.6 0.947781
1127.7 0.947781
1127.8 0.947781
1127.9 0.947781
1128.0 0.947781
1128.1 0.947781
1128.2 0.947781
1128.3 0.947781
1128.4 0.947781
1128.5 0.947781
1128.6 0.947781
1128.7 0.947781
1128.8 0.947781
1128.9 0.947781
1129.0 0.947781
1129.1 0.947781
1129.2 0.947781
1129.3 0.947781
1129.4 0.947781
1129.5 0.947781
1129.6 0.947781
1129.7 0.947781
1129.8 0.947781
1129.9 0.947781
1130.0 0.947781
1130.1 0.947781
1130.2 0.947781
1130.3 0.947781
1130.4 0.947781
1130.5 0.947781
1130.6 0.947781
1130.7 0.947781
1130.8 0.947781
1130.9 0.947781
1131.0 0.947781
1131.1 0.947781
1131.2 0.947781
1131.3 0.947781
1131.4 0.947781
1131.5 0.947781
1131.6 0.947781
1131.7 0.947781
1131.8 0.947781
1131.9 0.947781
1132.0 0.947781
1132.1 0.947781
1132.2 0.947781
1132.3 0.947781
1132.4 0.947781
1132.5 0.947781
1132.6 0.947781
1132.7 0.947781
1132.8 0.947781
1132.9 0.947781
1133.0 0.947781
1133.1 0.947781
1133.2 0.947781
1133.3 0.947781
1133.4 0.947781
1133.5 0.947781
1133.6 0.947781
1133.7 0.947781
1133.8 0.947781
1133.9 0.947781
1134.0 0.947781
1134.1 0.947781
1134.2 0.947781
1134.3 0.947781
1134.4 0.947781
1134.5 0.947781
1134.6 0.947781
1134.7 0.947781
1134.8 0.947781
1134.9 0.947781
1135.0 0.947781
1135.1 0.947781
1135.2 0.947781
1135.3 0.947781
1135.4 0.947781
1135.5 0.947781
1135.6 0.947781
1135.7 0.947781
1135.8 0.947781
1135.9 0.947781
1136.0 0.947781
1136.1 0.947781
1136.2 0.947781
1136.3 0.947781
1136.4 0.947781
1136.5 0.947781
1136.6 0.947781
1136.7 0.947781
1136.8 0.947781
1136.9 0.947781
1137.0 0.947781
1137.1 0.947781
1137.2 0.947781
1137.3 0.947781
1137.4 0.947781
1137.5 0.947781
1137.6 0.947781
1137.7 0.947781
1137.8 0.947781
1137.9 0.947781
1138.0 0.947781
1138.1 0.947781
1138.2 0.947781
1138.3 0.947781
1138.4 0.947781
1138.5 0.947781
1138.6 0.947781
1138.7 0.947781
1138.8 0.947781
1138.9 0.947781
1139.0 0.947781
1139.1 0.947781
1139.2 0.947781
1139.3 0.947781
1139.4 0.947781
1139.5 0.947781
1139.6 0.947781
1139.7 0.947781
1139.8 0.947781
1139.9 0.947781
1140.0 0.947781
1140.1 0.947781
1140.2 0.947781
1140.3 0.947781
1140.4 0.947781
1140.5 0.947781
1140.6 0.947781
1140.7 0.947781
1140.8 0.947781
1140.9 0.947781
1141.0 0.947781
1141.1 0.947781
1141.2 0.947781
1141.3 0.947781
1141.4 0.947781
1141.5 0.947781
1141.6 0.947781
1141.7 0.947781
1141.8 0.947781
1141.9 0.947781
1142.0 0.947781
1142.1 0.947781
1142.2 0.947781
1142.3 0.947781
1142.4 0.947781
1142.5 0.947781
1142.6 0.947781
1142.7 0.947781
1142.8 0.947781
1142.9 0.947781
1143.0 0.947781
1143.1 0.947781
1143.2 0.947781
1143.3 0.947781
1143.4 0.947781
1143.5 0.947781
1143.6 0.947781
1143.7 0.947781
1143.8 0.947781
1143.9 0.947781
1144.0 0.947781
1144.1 0.947781
1144.2 0.947781
1144.3 0.947781
1144.4 0.947781
1144.5 0.947781
1144.6 0.947781
1144.7 0.947781
1144.8 0.947781
1144.9 0.947781
1145.0 0.947781
1145.1 0.947781
1145.2 0.947781
1145.3 0.947781
1145.4 0.947781
1145.5 0.947781
1145.6 0.947781
1145.7 0.947781
1145.8 0.947781
1145.9 0.947781
1146.0 0.947781
1146.1 0.947781
1146.2 0.947781
1146.3 0.947781
1146.4 0.947781
1146.5 0.947781
1146.6 0.947781
1146.7 0.947781
1146.8 0.947781
1146.9 0.947781
1147.0 0.947781
1147.1 0.947781
1147.2 0.947781
1147.3 0.947781
1147.4 0.947781
1147.5 0.947781
1147.6 0.947781
1147.7 0.947781
1147.8 0.947781
1147.9 0.947781
1148.0 0.947781
1148.1 0.947781
1148.2 0.947781
1148.3 0.947781
1148.4 0.947781
1148.5 0.947781
1148.6 0.947781
1148.7 0.947781
1148.8 0.947781
1148.9 0.947781
1149.0 0.947781
1149.1 0.947781
1149.2 0.947781
1149.3 0.947781
1149.4 0.947781
1149.5 0.947781
1149.6 0.947781
1149.7 0.947781
1149.8 0.947781
1149.9 0.947781
1150.0 0.947781
1150.1 0.947781
1150.2 0.947781
1150.3 0.947781
1150.4 0.947781
1150.5 0.947781
1150.6 0.947781
1150.7 0.947781
1150.8 0.947781
1150.9 0.947781
1151.0 0.947781
1151.1 0.947781
1151.2 0.947781
1151.3 0.947781
1151.4 0.947781
1151.5 0.947781
1151.6 0.947781
1151.7 0.947781
1151.8 0.947781
1151.9 0.947781
1152.0 0.947781
1152.1 0.947781
1152.2 0.947781
1152.3 0.947781
1152.4 0.947781
1152.5 0.947781
1152.6 0.947781
1152.7 0.947781
1152.8 0.947781
1152.9 0.947781
1153.0 0.947781
1153.1 0.947781
1153.2 0.947781
1153.3 0.947781
1153.4 0.947781
1153.5 0.947781
1153.6 0.947781
1153.7 0.947781
1153.8 0.947781
1153.9 0.947781
1154.0 0.947781
1154.1 0.947781
1154.2 0.947781
1154.3 0.947781
1154.4 0.947781
1154.5 0.947781
1154.6 0.947781
1154.7 0.947781
1154.8 0.947781
1154.9 0.947781
1155.0 0.947781
1155.1 0.947781
1155.2 0.947781
1155.3 0.947781
1155.4 0.947781
1155.5 0.947781
1155.6 0.947781
1155.7 0.947781
1155.8 0.947781
1155.9 0.947781
1156.0 0.947781
1156.1 0.947781
1156.2 0.947781
1156.3 0.947781
1156.4 0.947781
1156.5 0.947781
1156.6 0.947781
1156.7 0.947781
1156.8 0.947781
1156.9 0.947781
1157.0 0.947781
1157.1 0.947781
1157.2 0.947781
1157.3 0.947781
1157.4 0.947781
1157.5 0.947781
1157.6 0.947781
1157.7 0.947781
1157.8 0.947781
1157.9 0.947781
1158.0 0.947781
1158.1 0.947781
1158.2 0.947781
1158.3 0.947781
1158.4 0.947781
1158.5 0.947781
1158.6 0.947781
1158.7 0.947781
1158.8 0.947781
1158.9 0.947781
1159.0 0.947781
1159.1 0.947781
1159.2 0.947781
1159.3 0.947781
1159.4 0.947781
1159.5 0.947781
1159.6 0.947781
1159.7 0.947781
1159.8 0.947781
1159.9 0.947781
1160.0 0.947781
1160.1 0.947781
1160.2 0.947781
1160.3 0.947781
1160.4 0.947781
1160.5 0.947781
1160.6 0.947781
1160.7 0.947781
1160.8 0.947781
1160.9 0.947781
1161.0 0.947781
1161.1 0.947781
1161.2 0.947781
1161.3 0.947781
1161.4 0.947781
1161.5 0.947781
1161.6 0.947781
1161.7 0.947781
1161.8 0.947781
1161.9 0.947781
1162.0 0.947781
1162.1 0.947781
1162.2 0.947781
1162.3 0.947781
1162.4 0.947781
1162.5 0.947781
1162.6 0.947781
1162.7 0.947781
1162.8 0.947781
1162.9 0.947781
1163.0 0.947781
1163.1 0.947781
1163.2 0.947781
1163.3 0.947781
1163.4 0.947781
1163.5 0.947781
1163.6 0.947781
1163.7 0.947781
1163.8 0.947781
1163.9 0.947781
1164.0 0.947781
1164.1 0.947781
1164.2 0.947781
1164.3 0.947781
1164.4 0.947781
1164.5 0.947781
1164.6 0.947781
1164.7 0.947781
1164.8 0.947781
1164.9 0.947781
1165.0 0.947781
1165.1 0.947781
1165.2 0.947781
1165.3 0.947781
1165.4 0.947781
1165.5 0.947781
1165.6 0.947781
1165.7 0.947781
1165.8 0.947781
1165.9 0.947781
1166.0 0.947781
1166.1 0.947781
1166.2 0.947781
1166.3 0.947781
1166.4 0.947781
1166.5 0.947781
1166.6 0.947781
1166.7 0.947781
1166.8 0.947781
1166.9 0.947781
1167.0 0.947781
1167.1 0.947781
1167.2 0.947781
1167.3 0.947781
1167.4 0.947781
1167.5 0.947781
1167.6 0.947781
1167.7 0.947781
1167.8 0.947781
1167.9 0.947781
1168.0 0.947781
1168.1 0.947781
1168.2 0.947781
1168.3 0.947781
1168.4 0.947781
1168.5 0.947781
1168.6 0.947781
1168.7 0.947781
1168.8 0.947781
1168.9 0.947781
1169.0 0.947781
1169.1 0.947781
1169.2 0.947781
1169.3 0.947781
1169.4 0.947781
1169.5 0.947781
1169.6 0.947781
1169.7 0.947781
1169.8 0.947781
1169.9 0.947781
1170.0 0.947781
1170.1 0.947781
1170.2 0.947781
1170.3 0.947781
1170.4 0.947781
1170.5 0.947781
1170.6 0.947781
1170.7 0.947781
1170.8 0.947781
1170.9 0.947781
1171.0 0.947781
1171.1 0.947781
1171.2 0.947781
1171.3 0.947781
1171.4 0.947781
1171.5 0.947781
1171.6 0.947781
1171.7 0.947781
1171.8 0.947781
1171.9 0.947781
1172.0 0.947781
1172.1 0.947781
1172.2 0.947781
1172.3 0.947781
1172.4 0.947781
1172.5 0.947781
1172.6 0.947781
1172.7 0.947781
1172.8 0.947781
1172.9 0.947781
1173.0 0.947781
1173.1 0.947781
1173.2 0.947781
1173.3 0.947781
1173.4 0.947781
1173.5 0.947781
1173.6 0.947781
1173.7 0.947781
1173.8 0.947781
1173.9 0.947781
1174.0 0.947781
1174.1 0.947781
1174.2 0.947781
1174.3 0.947781
1174.4 0.947781
1174.5 0.947781
1174.6 0.947781
1174.7 0.947781
1174.8 0.947781
1174.9 0.947781
1175.0 0.947781
1175.1 0.947781
1175.2 0.947781
1175.3 0.947781
1175.4 0.947781
1175.5 0.947781
1175.6 0.947781
1175.7 0.947781
1175.8 0.947781
1175.9 0.947781
1176.0 0.947781
1176.1 0.947781
1176.2 0.947781
1176.3 0.947781
1176.4 0.947781
1176.5 0.947781
1176.6 0.947781
1176.7 0.947781
1176.8 0.947781
1176.9 0.947781
1177.0 0.947781
1177.1 0.947781
1177.2 0.947781
1177.3 0.947781
1177.4 0.947781
1177.5 0.947781
1177.6 0.947781
1177.7 0.947781
1177.8 0.947781
1177.9 0.947781
1178.0 0.947781
1178.1 0.947781
1178.2 0.947781
1178.3 0.947781
1178.4 0.947781
1178.5 0.947781
1178.6 0.947781
1178.7 0.947781
1178.8 0.947781
1178.9 0.947781
1179.0 0.947781
1179.1 0.947781
1179.2 0.947781
1179.3 0.947781
1179.4 0.947781
1179.5 0.947781
1179.6 0.947781
1179.7 0.947781
1179.8 0.947781
1179.9 0.947781
1180.0 0.947781
1180.1 0.947781
1180.2 0.947781
1180.3 0.947781
1180.4 0.947781
1180.5 0.947781
1180.6 0.947781
1180.7 0.947781
1180.8 0.947781
1180.9 0.947781
1181.0 0.947781
1181.1 0.947781
1181.2 0.947781
1181.3 0.947781
1181.4 0.947781
1181.5 0.947781
1181.6 0.947781
1181.7 0.947781
1181.8 0.947781
1181.9 0.947781
1182.0 0.947781
1182.1 0.947781
1182.2 0.947781
1182.3 0.947781
1182.4 0.947781
1182.5 0.947781
1182.6 0.947781
1182.7 0.947781
1182.8 0.947781
1182.9 0.947781
1183.0 0.947781
1183.1 0.947781
1183.2 0.947781
1183.3 0.947781
1183.4 0.947781
1183.5 0.947781
1183.6 0.947781
1183.7 0.947781
1183.8 0.947781
1183.9 0.947781
1184.0 0.947781
1184.1 0.947781
1184.2 0.947781
1184.3 0.947781
1184.4 0.947781
1184.5 0.947781
1184.6 0.947781
1184.7 0.947781
1184.8 0.947781
1184.9 0.947781
1185.0 0.947781
1185.1 0.947781
1185.2 0.947781
1185.3 0.947781
1185.4 0.947781
1185.5 0.947781
1185.6 0.947781
1185.7 0.947781
1185.8 0.947781
1185.9 0.947781
1186.0 0.947781
1186.1 0.947781
1186.2 0.947781
1186.3 0.947781
1186.4 0.947781
1186.5 0.947781
1186.6 0.947781
1186.7 0.947781
1186.8 0.947781
1186.9 0.947781
1187.0 0.947781
1187.1 0.947781
1187.2 0.947781
1187.3 0.947781
1187.4 0.947781
1187.5 0.947781
1187.6 0.947781
1187.7 0.947781
1187.8 0.947781
1187.9 0.947781
1188.0 0.947781
1188.1 0.947781
1188.2 0.947781
1188.3 0.947781
1188.4 0.947781
1188.5 0.947781
1188.6 0.947781
1188.7 0.947781
1188.8 0.947781
1188.9 0.947781
1189.0 0.947781
1189.1 0.947781
1189.2 0.947781
1189.3 0.947781
1189.4 0.947781
1189.5 0.947781
1189.6 0.947781
1189.7 0.947781
1189.8 0.947781
1189.9 0.947781
1190.0 0.947781
1190.1 0.947781
1190.2 0.947781
1190.3 0.947781
1190.4 0.947781
1190.5 0.947781
1190.6 0.947781
1190.7 0.947781
1190.8 0.947781
1190.9 0.947781
1191.0 0.947781
1191.1 0.947781
1191.2 0.947781
1191.3 0.947781
1191.4 0.947781
1191.5 0.947781
1191.6 0.947781
1191.7 0.947781
1191.8 0.947781
1191.9 0.947781
1192.0 0.947781
1192.1 0.947781
1192.2 0.947781
1192.3 0.947781
1192.4 0.947781
1192.5 0.947781
1192.6 0.947781
1192.7 0.947781
1192.8 0.947781
1192.9 0.947781
1193.0 0.947781
1193.1 0.947781
1193.2 0.947781
1193.3 0.947781
1193.4 0.947781
1193.5 0.947781
1193.6 0.947781
1193.7 0.947781
1193.8 0.947781
1193.9 0.947781
1194.0 0.947781
1194.1 0.947781
1194.2 0.947781
1194.3 0.947781
1194.4 0.947781
1194.5 0.947781
1194.6 0.947781
1194.7 0.947781
1194.8 0.947781
1194.9 0.947781
1195.0 0.947781
1195.1 0.947781
1195.2 0.947781
1195.3 0.947781
1195.4 0.947781
1195.5 0.947781
1195.6 0.947781
1195.7 0.947781
1195.8 0.947781
1195.9 0.947781
1196.0 0.947781
1196.1 0.947781
1196.2 0.947781
1196.3 0.947781
1196.4 0.947781
1196.5 0.947781
1196.6 0.947781
1196.7 0.947781
1196.8 0.947781
1196.9 0.947781
1197.0 0.947781
1197.1 0.947781
1197.2 0.947781
1197.3 0.947781
1197.4 0.947781
1197.5 0.947781
1197.6 0.947781
1197.7 0.947781
1197.8 0.947781
1197.9 0.947781
1198.0 0.947781
1198.1 0.947781
1198.2 0.947781
1198.3 0.947781
1198.4 0.947781
1198.5 0.947781
1198.6 0.947781
1198.7 0.947781
1198.8 0.947781
1198.9 0.947781
1199.0 0.947781
1199.1 0.947781
1199.2 0.947781
1199.3 0.947781
1199.4 0.947781
1199.5 0.947781
1199.6 0.947781
1199.7 0.947781
1199.8 0.947781
1199.9 0.947781
